2026-08-24T12:41:54.8148309Z Current runner version: '2.336.0'
2026-08-24T12:41:54.8175546Z ##[group]Runner Image Provisioner
2026-08-24T12:41:54.8176491Z Hosted Compute Agent
2026-08-24T12:41:54.8177271Z Version: 20260729.566
2026-08-24T12:41:54.8178054Z Commit: cf7153fe6e25b664e8693c24944bf2b00355d109
2026-08-24T12:41:54.8178987Z Build Date: 2026-07-29T19:17:02Z
2026-08-24T12:41:54.8179929Z Worker ID: {97757172-fe46-4f4f-a00c-da32f33c72c5}
2026-08-24T12:41:54.8180817Z Azure Region: eastus
2026-08-24T12:41:54.8181766Z ##[endgroup]
2026-08-24T12:41:54.8183454Z ##[group]Operating System
2026-08-24T12:41:54.8184330Z Ubuntu
2026-08-24T12:41:54.8184983Z 24.04.4
2026-08-24T12:41:54.8185598Z LTS
2026-08-24T12:41:54.8186267Z ##[endgroup]
2026-08-24T12:41:54.8186926Z ##[group]Runner Image
2026-08-24T12:41:54.8188159Z Image: ubuntu-24.04
2026-08-24T12:41:54.8188886Z Version: 20260816.277.1
2026-08-24T12:41:54.8190520Z Included Software: https://github.com/actions/runner-images/blob/ubuntu24/20260816.277/images/ubuntu/Ubuntu2404-Readme.md
2026-08-24T12:41:54.8192633Z Image Release: https://github.com/actions/runner-images/releases/tag/ubuntu24%2F20260816.277
2026-08-24T12:41:54.8193954Z ##[endgroup]
2026-08-24T12:41:54.8195283Z ##[group]GITHUB_TOKEN Permissions
2026-08-24T12:41:54.8197468Z Contents: read
2026-08-24T12:41:54.8198185Z Metadata: read
2026-08-24T12:41:54.8199038Z ##[endgroup]
2026-08-24T12:41:54.8201601Z Secret source: Actions
2026-08-24T12:41:54.8202894Z Prepare workflow directory
2026-08-24T12:41:54.8630387Z Prepare all required actions
2026-08-24T12:41:54.8685182Z Getting action download info
2026-08-24T12:41:55.0114494Z Download action repository 'actions/checkout@3d3c42e5aac5ba805825da76410c181273ba90b1' (SHA:3d3c42e5aac5ba805825da76410c181273ba90b1)
2026-08-24T12:41:55.1447264Z Download action repository 'actions/setup-node@820762786026740c76f36085b0efc47a31fe5020' (SHA:820762786026740c76f36085b0efc47a31fe5020)
2026-08-24T12:41:55.2308805Z Download action repository 'actions/download-artifact@3e5f45b2cfb9172054b4087a40e8e0b5a5461e7c' (SHA:3e5f45b2cfb9172054b4087a40e8e0b5a5461e7c)
2026-08-24T12:41:55.3834477Z Download action repository 'actions/upload-artifact@043fb46d1a93c77aae656e7c1c64a875d1fc6a0a' (SHA:043fb46d1a93c77aae656e7c1c64a875d1fc6a0a)
2026-08-24T12:41:55.5649947Z Complete job name: Console E2E
2026-08-24T12:41:55.6336635Z ##[group]Run actions/checkout@3d3c42e5aac5ba805825da76410c181273ba90b1
2026-08-24T12:41:55.6337436Z with:
2026-08-24T12:41:55.6337783Z   persist-credentials: false
2026-08-24T12:41:55.6338222Z   repository: tinyhumansai/opencompany
2026-08-24T12:41:55.6341290Z   token: ***
2026-08-24T12:41:55.6341629Z   ssh-strict: true
2026-08-24T12:41:55.6341973Z   ssh-user: git
2026-08-24T12:41:55.6342300Z   clean: true
2026-08-24T12:41:55.6342653Z   sparse-checkout-cone-mode: true
2026-08-24T12:41:55.6343057Z   fetch-depth: 1
2026-08-24T12:41:55.6343397Z   fetch-tags: false
2026-08-24T12:41:55.6343741Z   show-progress: true
2026-08-24T12:41:55.6344088Z   lfs: false
2026-08-24T12:41:55.6344417Z   submodules: false
2026-08-24T12:41:55.6344796Z   set-safe-directory: true
2026-08-24T12:41:55.6345196Z   allow-unsafe-pr-checkout: false
2026-08-24T12:41:55.6345770Z env:
2026-08-24T12:41:55.6346090Z   CARGO_INCREMENTAL: 0
2026-08-24T12:41:55.6346481Z   CARGO_PROFILE_DEV_DEBUG: line-tables-only
2026-08-24T12:41:55.6346955Z ##[endgroup]
2026-08-24T12:41:55.7140579Z Syncing repository: tinyhumansai/opencompany
2026-08-24T12:41:55.7142165Z ##[group]Getting Git version info
2026-08-24T12:41:55.7142764Z Working directory is '/home/runner/work/opencompany/opencompany'
2026-08-24T12:41:55.7143620Z [command]/usr/bin/git version
2026-08-24T12:41:55.7189089Z git version 2.55.0
2026-08-24T12:41:55.7204248Z ##[endgroup]
2026-08-24T12:41:55.7212130Z Temporarily overriding HOME='/home/runner/work/_temp/984c7cc8-9f7f-4af8-a123-5ab3a3d72fe5' before making global git config changes
2026-08-24T12:41:55.7213629Z Adding repository directory to the temporary git global config as a safe directory
2026-08-24T12:41:55.7216030Z [command]/usr/bin/git config --global --add safe.directory /home/runner/work/opencompany/opencompany
2026-08-24T12:41:55.7249745Z Deleting the contents of '/home/runner/work/opencompany/opencompany'
2026-08-24T12:41:55.7310450Z ##[group]Determining repository object format
2026-08-24T12:41:55.7311815Z ##[endgroup]
2026-08-24T12:41:55.7312776Z ##[group]Initializing the repository
2026-08-24T12:41:55.7313526Z [command]/usr/bin/git init /home/runner/work/opencompany/opencompany
2026-08-24T12:41:55.7320965Z hint: Using 'master' as the name for the initial branch. This default branch name
2026-08-24T12:41:55.7322269Z hint: will change to "main" in Git 3.0. To configure the initial branch name
2026-08-24T12:41:55.7323422Z hint: to use in all of your new repositories, which will suppress this warning,
2026-08-24T12:41:55.7324348Z hint: call:
2026-08-24T12:41:55.7324845Z hint:
2026-08-24T12:41:55.7325437Z hint: 	git config --global init.defaultBranch <name>
2026-08-24T12:41:55.7326220Z hint:
2026-08-24T12:41:55.7326953Z hint: Names commonly chosen instead of 'master' are 'main', 'trunk' and
2026-08-24T12:41:55.7328024Z hint: 'development'. The just-created branch can be renamed via this command:
2026-08-24T12:41:55.7328703Z hint:
2026-08-24T12:41:55.7329048Z hint: 	git branch -m <name>
2026-08-24T12:41:55.7329441Z hint:
2026-08-24T12:41:55.7330127Z hint: Disable this message with "git config set advice.defaultBranchName false"
2026-08-24T12:41:55.7331388Z Initialized empty Git repository in /home/runner/work/opencompany/opencompany/.git/
2026-08-24T12:41:55.7332713Z [command]/usr/bin/git remote add origin https://github.com/tinyhumansai/opencompany
2026-08-24T12:41:55.7364693Z ##[endgroup]
2026-08-24T12:41:55.7365323Z ##[group]Disabling automatic garbage collection
2026-08-24T12:41:55.7366918Z [command]/usr/bin/git config --local gc.auto 0
2026-08-24T12:41:55.7390578Z ##[endgroup]
2026-08-24T12:41:55.7391518Z ##[group]Setting up auth
2026-08-24T12:41:55.7392160Z Removing SSH command configuration
2026-08-24T12:41:55.7394742Z [command]/usr/bin/git config --local --name-only --get-regexp core\.sshCommand
2026-08-24T12:41:55.7418819Z [command]/usr/bin/git submodule foreach --recursive sh -c "git config --local --name-only --get-regexp 'core\.sshCommand' && git config --local --unset-all 'core.sshCommand' || :"
2026-08-24T12:41:55.7677005Z Removing HTTP extra header
2026-08-24T12:41:55.7681883Z [command]/usr/bin/git config --local --name-only --get-regexp http\.https\:\/\/github\.com\/\.extraheader
2026-08-24T12:41:55.7713262Z [command]/usr/bin/git submodule foreach --recursive sh -c "git config --local --name-only --get-regexp 'http\.https\:\/\/github\.com\/\.extraheader' && git config --local --unset-all 'http.https://github.com/.extraheader' || :"
2026-08-24T12:41:55.7895860Z Removing includeIf entries pointing to credentials config files
2026-08-24T12:41:55.7900259Z [command]/usr/bin/git config --local --name-only --get-regexp ^includeIf\.gitdir:
2026-08-24T12:41:55.7925663Z [command]/usr/bin/git submodule foreach --recursive git config --local --show-origin --name-only --get-regexp remote.origin.url
2026-08-24T12:41:55.8109610Z [command]/usr/bin/git config --file /home/runner/work/_temp/git-credentials-22eb1e15-0557-4325-b321-886ee3e31c43.config http.https://github.com/.extraheader AUTHORIZATION: basic ***
2026-08-24T12:41:55.8147417Z [command]/usr/bin/git config --local includeIf.gitdir:/home/runner/work/opencompany/opencompany/.git.path /home/runner/work/_temp/git-credentials-22eb1e15-0557-4325-b321-886ee3e31c43.config
2026-08-24T12:41:55.8173709Z [command]/usr/bin/git config --local includeIf.gitdir:/home/runner/work/opencompany/opencompany/.git/worktrees/*.path /home/runner/work/_temp/git-credentials-22eb1e15-0557-4325-b321-886ee3e31c43.config
2026-08-24T12:41:55.8203568Z [command]/usr/bin/git config --local includeIf.gitdir:/github/workspace/.git.path /github/runner_temp/git-credentials-22eb1e15-0557-4325-b321-886ee3e31c43.config
2026-08-24T12:41:55.8229492Z [command]/usr/bin/git config --local includeIf.gitdir:/github/workspace/.git/worktrees/*.path /github/runner_temp/git-credentials-22eb1e15-0557-4325-b321-886ee3e31c43.config
2026-08-24T12:41:55.8252620Z ##[endgroup]
2026-08-24T12:41:55.8253518Z ##[group]Fetching the repository
2026-08-24T12:41:55.8259110Z [command]/usr/bin/git -c protocol.version=2 fetch --no-tags --prune --no-recurse-submodules --depth=1 origin +80e929875594b95e9517df8865ca4d194ab420c7:refs/remotes/pull/1679/merge
2026-08-24T12:41:57.4518433Z From https://github.com/tinyhumansai/opencompany
2026-08-24T12:41:57.4519920Z  * [new ref]         80e929875594b95e9517df8865ca4d194ab420c7 -> pull/1679/merge
2026-08-24T12:41:57.4522807Z ##[endgroup]
2026-08-24T12:41:57.4523930Z ##[group]Determining the checkout info
2026-08-24T12:41:57.4525095Z ##[endgroup]
2026-08-24T12:41:57.4526609Z [command]/usr/bin/git sparse-checkout disable
2026-08-24T12:41:57.4564432Z [command]/usr/bin/git config --local --unset-all extensions.worktreeConfig
2026-08-24T12:41:57.4587240Z ##[group]Checking out the ref
2026-08-24T12:41:57.4589192Z [command]/usr/bin/git checkout --progress --force refs/remotes/pull/1679/merge
2026-08-24T12:41:57.6292784Z Note: switching to 'refs/remotes/pull/1679/merge'.
2026-08-24T12:41:57.6293358Z 
2026-08-24T12:41:57.6293700Z You are in 'detached HEAD' state. You can look around, make experimental
2026-08-24T12:41:57.6294590Z changes and commit them, and you can discard any commits you make in this
2026-08-24T12:41:57.6295436Z state without impacting any branches by switching back to a branch.
2026-08-24T12:41:57.6295937Z 
2026-08-24T12:41:57.6296280Z If you want to create a new branch to retain commits you create, you may
2026-08-24T12:41:57.6297038Z do so (now or later) by using -c with the switch command. Example:
2026-08-24T12:41:57.6297485Z 
2026-08-24T12:41:57.6297689Z   git switch -c <new-branch-name>
2026-08-24T12:41:57.6298034Z 
2026-08-24T12:41:57.6298225Z Or undo this operation with:
2026-08-24T12:41:57.6298536Z 
2026-08-24T12:41:57.6298702Z   git switch -
2026-08-24T12:41:57.6298986Z 
2026-08-24T12:41:57.6299328Z Turn off this advice by setting config variable advice.detachedHead to false
2026-08-24T12:41:57.6299892Z 
2026-08-24T12:41:57.6300430Z HEAD is now at 80e9298 Merge e19de06539e906ed8f664f6a96b420f8fbc316ed into 359e1c10f4c3f81c8d495d9f43d001e2c901bf3a
2026-08-24T12:41:57.6313233Z ##[endgroup]
2026-08-24T12:41:57.6349230Z [command]/usr/bin/git log -1 --format=%H
2026-08-24T12:41:57.6369245Z 80e929875594b95e9517df8865ca4d194ab420c7
2026-08-24T12:41:57.6380447Z ##[group]Removing auth
2026-08-24T12:41:57.6380964Z Removing SSH command configuration
2026-08-24T12:41:57.6383184Z [command]/usr/bin/git config --local --name-only --get-regexp core\.sshCommand
2026-08-24T12:41:57.6408851Z [command]/usr/bin/git submodule foreach --recursive sh -c "git config --local --name-only --get-regexp 'core\.sshCommand' && git config --local --unset-all 'core.sshCommand' || :"
2026-08-24T12:41:57.6595902Z Removing HTTP extra header
2026-08-24T12:41:57.6599323Z [command]/usr/bin/git config --local --name-only --get-regexp http\.https\:\/\/github\.com\/\.extraheader
2026-08-24T12:41:57.6628636Z [command]/usr/bin/git submodule foreach --recursive sh -c "git config --local --name-only --get-regexp 'http\.https\:\/\/github\.com\/\.extraheader' && git config --local --unset-all 'http.https://github.com/.extraheader' || :"
2026-08-24T12:41:57.6832401Z Removing includeIf entries pointing to credentials config files
2026-08-24T12:41:57.6833570Z [command]/usr/bin/git config --local --name-only --get-regexp ^includeIf\.gitdir:
2026-08-24T12:41:57.6853565Z includeif.gitdir:/home/runner/work/opencompany/opencompany/.git.path
2026-08-24T12:41:57.6854742Z includeif.gitdir:/home/runner/work/opencompany/opencompany/.git/worktrees/*.path
2026-08-24T12:41:57.6855869Z includeif.gitdir:/github/workspace/.git.path
2026-08-24T12:41:57.6856770Z includeif.gitdir:/github/workspace/.git/worktrees/*.path
2026-08-24T12:41:57.6860319Z [command]/usr/bin/git config --local --get-all includeif.gitdir:/home/runner/work/opencompany/opencompany/.git.path
2026-08-24T12:41:57.6878991Z /home/runner/work/_temp/git-credentials-22eb1e15-0557-4325-b321-886ee3e31c43.config
2026-08-24T12:41:57.6892482Z [command]/usr/bin/git config --local --unset includeif.gitdir:/home/runner/work/opencompany/opencompany/.git.path \/home\/runner\/work\/_temp\/git\-credentials\-22eb1e15\-0557\-4325\-b321\-886ee3e31c43\.config
2026-08-24T12:41:57.6917893Z [command]/usr/bin/git config --local --get-all includeif.gitdir:/home/runner/work/opencompany/opencompany/.git/worktrees/*.path
2026-08-24T12:41:57.6935711Z /home/runner/work/_temp/git-credentials-22eb1e15-0557-4325-b321-886ee3e31c43.config
2026-08-24T12:41:57.6943156Z [command]/usr/bin/git config --local --unset includeif.gitdir:/home/runner/work/opencompany/opencompany/.git/worktrees/*.path \/home\/runner\/work\/_temp\/git\-credentials\-22eb1e15\-0557\-4325\-b321\-886ee3e31c43\.config
2026-08-24T12:41:57.6966734Z [command]/usr/bin/git config --local --get-all includeif.gitdir:/github/workspace/.git.path
2026-08-24T12:41:57.6985999Z /github/runner_temp/git-credentials-22eb1e15-0557-4325-b321-886ee3e31c43.config
2026-08-24T12:41:57.7021836Z [command]/usr/bin/git config --local --unset includeif.gitdir:/github/workspace/.git.path \/github\/runner_temp\/git\-credentials\-22eb1e15\-0557\-4325\-b321\-886ee3e31c43\.config
2026-08-24T12:41:57.7050221Z [command]/usr/bin/git config --local --get-all includeif.gitdir:/github/workspace/.git/worktrees/*.path
2026-08-24T12:41:57.7069574Z /github/runner_temp/git-credentials-22eb1e15-0557-4325-b321-886ee3e31c43.config
2026-08-24T12:41:57.7101766Z [command]/usr/bin/git config --local --unset includeif.gitdir:/github/workspace/.git/worktrees/*.path \/github\/runner_temp\/git\-credentials\-22eb1e15\-0557\-4325\-b321\-886ee3e31c43\.config
2026-08-24T12:41:57.7109055Z [command]/usr/bin/git submodule foreach --recursive git config --local --show-origin --name-only --get-regexp remote.origin.url
2026-08-24T12:41:57.7286691Z Removing credentials config '/home/runner/work/_temp/git-credentials-22eb1e15-0557-4325-b321-886ee3e31c43.config'
2026-08-24T12:41:57.7292319Z ##[endgroup]
2026-08-24T12:41:57.7571422Z ##[group]Run actions/setup-node@820762786026740c76f36085b0efc47a31fe5020
2026-08-24T12:41:57.7572693Z with:
2026-08-24T12:41:57.7573427Z   node-version-file: frontend/.nvmrc
2026-08-24T12:41:57.7574349Z   cache: npm
2026-08-24T12:41:57.7575199Z   cache-dependency-path: frontend/package-lock.json
2026-08-24T12:41:57.7576278Z   check-latest: false
2026-08-24T12:41:57.7583265Z   token: ***
2026-08-24T12:41:57.7584016Z   package-manager-cache: true
2026-08-24T12:41:57.7584855Z env:
2026-08-24T12:41:57.7585532Z   CARGO_INCREMENTAL: 0
2026-08-24T12:41:57.7586377Z   CARGO_PROFILE_DEV_DEBUG: line-tables-only
2026-08-24T12:41:57.7587335Z ##[endgroup]
2026-08-24T12:41:57.8558091Z Resolved frontend/.nvmrc as 22
2026-08-24T12:41:57.8597154Z Found in cache @ /opt/hostedtoolcache/node/22.23.2/x64
2026-08-24T12:41:57.8599073Z ##[group]Environment details
2026-08-24T12:42:01.6666344Z node: v22.23.2
2026-08-24T12:42:01.6667620Z npm: 10.9.8
2026-08-24T12:42:01.6668000Z yarn: 1.22.22
2026-08-24T12:42:01.6669226Z ##[endgroup]
2026-08-24T12:42:01.6680600Z [command]/opt/hostedtoolcache/node/22.23.2/x64/bin/npm config get cache
2026-08-24T12:42:02.0855736Z /home/runner/.npm
2026-08-24T12:42:02.2104708Z Cache hit for: node-cache-Linux-x64-npm-8720b700bbb0941c0eb49b9a23afb491a86058e46be074ede3955bd8533fc63d
2026-08-24T12:42:02.6533300Z Received 78994881 of 78994881 (100.0%), 249.5 MBs/sec
2026-08-24T12:42:02.6538981Z Cache Size: ~75 MB (78994881 B)
2026-08-24T12:42:02.6590591Z [command]/usr/bin/tar -xf /home/runner/work/_temp/e77b9431-5b1b-4ba4-8371-949e1e7550ea/cache.tzst -P -C /home/runner/work/opencompany/opencompany --use-compress-program unzstd
2026-08-24T12:42:03.0182702Z Cache restored successfully
2026-08-24T12:42:03.0221731Z Cache restored from key: node-cache-Linux-x64-npm-8720b700bbb0941c0eb49b9a23afb491a86058e46be074ede3955bd8533fc63d
2026-08-24T12:42:03.0395651Z ##[group]Run npm ci
2026-08-24T12:42:03.0395952Z [36;1mnpm ci[0m
2026-08-24T12:42:03.0967883Z shell: /usr/bin/bash -e {0}
2026-08-24T12:42:03.0968410Z env:
2026-08-24T12:42:03.0968603Z   CARGO_INCREMENTAL: 0
2026-08-24T12:42:03.0968839Z   CARGO_PROFILE_DEV_DEBUG: line-tables-only
2026-08-24T12:42:03.0969091Z ##[endgroup]
2026-08-24T12:42:08.0313387Z npm warn deprecated whatwg-encoding@3.1.1: Use @exodus/bytes instead for a more spec-conformant and faster implementation
2026-08-24T12:42:12.1791038Z 
2026-08-24T12:42:12.1792014Z added 699 packages, and audited 700 packages in 9s
2026-08-24T12:42:12.1792401Z 
2026-08-24T12:42:12.1792623Z 229 packages are looking for funding
2026-08-24T12:42:12.1793039Z   run `npm fund` for details
2026-08-24T12:42:12.1983017Z 
2026-08-24T12:42:12.1987630Z 11 vulnerabilities (3 moderate, 8 high)
2026-08-24T12:42:12.1988114Z 
2026-08-24T12:42:12.1988625Z To address issues that do not require attention, run:
2026-08-24T12:42:12.1989182Z   npm audit fix
2026-08-24T12:42:12.1989367Z 
2026-08-24T12:42:12.1989660Z To address all issues (including breaking changes), run:
2026-08-24T12:42:12.1990109Z   npm audit fix --force
2026-08-24T12:42:12.1990299Z 
2026-08-24T12:42:12.1990449Z Run `npm audit` for details.
2026-08-24T12:42:12.2714235Z ##[group]Run actions/download-artifact@3e5f45b2cfb9172054b4087a40e8e0b5a5461e7c
2026-08-24T12:42:12.2714585Z with:
2026-08-24T12:42:12.2714767Z   name: opencompany-debug-binary
2026-08-24T12:42:12.2714982Z   path: target/debug
2026-08-24T12:42:12.2715168Z   merge-multiple: false
2026-08-24T12:42:12.2715372Z   repository: tinyhumansai/opencompany
2026-08-24T12:42:12.2715592Z   run-id: 32727281764
2026-08-24T12:42:12.2715775Z   skip-decompress: false
2026-08-24T12:42:12.2715982Z   digest-mismatch: error
2026-08-24T12:42:12.2716156Z env:
2026-08-24T12:42:12.2716315Z   CARGO_INCREMENTAL: 0
2026-08-24T12:42:12.2716522Z   CARGO_PROFILE_DEV_DEBUG: line-tables-only
2026-08-24T12:42:12.2716757Z ##[endgroup]
2026-08-24T12:42:12.3780682Z Downloading single artifact
2026-08-24T12:42:12.4521694Z Preparing to download the following artifacts:
2026-08-24T12:42:12.4522998Z - opencompany-debug-binary (ID: 9520430132, Size: 36118697, Expected Digest: sha256:3db0e4a86632c3226e0e2e1442e5925b4b9f5e9a8b8f1ca91820daeb88c93f3e)
2026-08-24T12:42:12.6257555Z Redirecting to blob download url: https://productionresultssa9.blob.core.windows.net/actions-results/a35accce-a03f-4999-9712-4f23d7686f01/workflow-job-run-080ce8ab-f9b3-5735-af9a-bc16a607e18c/artifacts/babd32e1459e4f88eef5ad6d23bdc41c56aaafced916a4af72f4b20a87ef264d.zip
2026-08-24T12:42:12.6259735Z Starting download of artifact to: /home/runner/work/opencompany/opencompany/target/debug
2026-08-24T12:42:12.7130212Z (node:2276) [DEP0005] DeprecationWarning: Buffer() is deprecated due to security and usability issues. Please use the Buffer.alloc(), Buffer.allocUnsafe(), or Buffer.from() methods instead.
2026-08-24T12:42:12.7131737Z (Use `node --trace-deprecation ...` to show where the warning was created)
2026-08-24T12:42:13.6463118Z SHA256 digest of downloaded artifact is 3db0e4a86632c3226e0e2e1442e5925b4b9f5e9a8b8f1ca91820daeb88c93f3e
2026-08-24T12:42:13.6463973Z Artifact download completed successfully.
2026-08-24T12:42:13.6464437Z Total of 1 artifact(s) downloaded
2026-08-24T12:42:13.6469148Z Download artifact has finished successfully
2026-08-24T12:42:13.6573739Z ##[group]Run chmod +x target/debug/opencompany
2026-08-24T12:42:13.6574064Z [36;1mchmod +x target/debug/opencompany[0m
2026-08-24T12:42:13.6607835Z shell: /usr/bin/bash -e {0}
2026-08-24T12:42:13.6608055Z env:
2026-08-24T12:42:13.6608230Z   CARGO_INCREMENTAL: 0
2026-08-24T12:42:13.6608453Z   CARGO_PROFILE_DEV_DEBUG: line-tables-only
2026-08-24T12:42:13.6608697Z ##[endgroup]
2026-08-24T12:42:13.6691049Z ##[group]Run npx playwright install --with-deps chromium
2026-08-24T12:42:13.6691562Z [36;1mnpx playwright install --with-deps chromium[0m
2026-08-24T12:42:13.6720215Z shell: /usr/bin/bash -e {0}
2026-08-24T12:42:13.6720432Z env:
2026-08-24T12:42:13.6720614Z   CARGO_INCREMENTAL: 0
2026-08-24T12:42:13.6720833Z   CARGO_PROFILE_DEV_DEBUG: line-tables-only
2026-08-24T12:42:13.6721410Z ##[endgroup]
2026-08-24T12:42:14.2713561Z Installing dependencies...
2026-08-24T12:42:14.2764124Z Switching to root user to install dependencies...
2026-08-24T12:42:14.3342366Z Get:1 file:/etc/apt/apt-mirrors.txt Mirrorlist [144 B]
2026-08-24T12:42:14.3687288Z Hit:2 http://azure.archive.ubuntu.com/ubuntu noble InRelease
2026-08-24T12:42:14.3698364Z Hit:6 https://packages.microsoft.com/repos/azure-cli noble InRelease
2026-08-24T12:42:14.3699564Z Get:7 https://packages.microsoft.com/ubuntu/24.04/prod noble InRelease [3600 B]
2026-08-24T12:42:14.3712349Z Get:3 http://azure.archive.ubuntu.com/ubuntu noble-updates InRelease [126 kB]
2026-08-24T12:42:14.3759680Z Get:4 http://azure.archive.ubuntu.com/ubuntu noble-backports InRelease [126 kB]
2026-08-24T12:42:14.3793288Z Get:5 http://azure.archive.ubuntu.com/ubuntu noble-security InRelease [126 kB]
2026-08-24T12:42:14.3937475Z Get:8 https://dl.google.com/linux/chrome-stable/deb stable InRelease [2548 B]
2026-08-24T12:42:14.5128707Z Get:9 https://packages.microsoft.com/ubuntu/24.04/prod noble/main arm64 Packages [357 kB]
2026-08-24T12:42:14.5262288Z Get:10 https://packages.microsoft.com/ubuntu/24.04/prod noble/main amd64 Packages [403 kB]
2026-08-24T12:42:14.5529749Z Get:11 http://azure.archive.ubuntu.com/ubuntu noble-updates/main amd64 Packages [1229 kB]
2026-08-24T12:42:14.5602427Z Get:12 http://azure.archive.ubuntu.com/ubuntu noble-updates/main Translation-en [286 kB]
2026-08-24T12:42:14.5625141Z Get:13 http://azure.archive.ubuntu.com/ubuntu noble-updates/main amd64 Components [181 kB]
2026-08-24T12:42:14.5663830Z Get:14 http://azure.archive.ubuntu.com/ubuntu noble-updates/universe amd64 Packages [1687 kB]
2026-08-24T12:42:14.5732893Z Get:15 http://azure.archive.ubuntu.com/ubuntu noble-updates/universe Translation-en [337 kB]
2026-08-24T12:42:14.5758801Z Get:16 http://azure.archive.ubuntu.com/ubuntu noble-updates/universe amd64 Components [388 kB]
2026-08-24T12:42:14.5789723Z Get:17 http://azure.archive.ubuntu.com/ubuntu noble-updates/restricted amd64 Packages [1486 kB]
2026-08-24T12:42:14.5867069Z Get:18 http://azure.archive.ubuntu.com/ubuntu noble-updates/restricted Translation-en [339 kB]
2026-08-24T12:42:14.5893306Z Get:19 http://azure.archive.ubuntu.com/ubuntu noble-updates/multiverse Translation-en [12.8 kB]
2026-08-24T12:42:14.5905816Z Get:20 http://azure.archive.ubuntu.com/ubuntu noble-updates/multiverse amd64 Components [940 B]
2026-08-24T12:42:14.6452970Z Get:21 http://azure.archive.ubuntu.com/ubuntu noble-backports/main amd64 Components [5768 B]
2026-08-24T12:42:14.6471664Z Get:22 http://azure.archive.ubuntu.com/ubuntu noble-backports/universe amd64 Components [12.6 kB]
2026-08-24T12:42:14.6485136Z Get:23 http://azure.archive.ubuntu.com/ubuntu noble-security/main amd64 Packages [969 kB]
2026-08-24T12:42:14.6562411Z Get:24 http://azure.archive.ubuntu.com/ubuntu noble-security/main Translation-en [206 kB]
2026-08-24T12:42:14.6567289Z Get:25 http://azure.archive.ubuntu.com/ubuntu noble-security/main amd64 Components [46.4 kB]
2026-08-24T12:42:14.6593222Z Get:26 http://azure.archive.ubuntu.com/ubuntu noble-security/universe amd64 Packages [1202 kB]
2026-08-24T12:42:14.6655102Z Get:27 http://azure.archive.ubuntu.com/ubuntu noble-security/universe Translation-en [240 kB]
2026-08-24T12:42:14.6687289Z Get:28 http://azure.archive.ubuntu.com/ubuntu noble-security/universe amd64 Components [76.3 kB]
2026-08-24T12:42:14.6706913Z Get:29 http://azure.archive.ubuntu.com/ubuntu noble-security/restricted amd64 Packages [1388 kB]
2026-08-24T12:42:14.6780219Z Get:30 http://azure.archive.ubuntu.com/ubuntu noble-security/restricted Translation-en [320 kB]
2026-08-24T12:42:14.6813831Z Get:31 http://azure.archive.ubuntu.com/ubuntu noble-security/multiverse Translation-en [11.1 kB]
2026-08-24T12:42:14.7082686Z Get:32 https://dl.google.com/linux/chrome-stable/deb stable/main amd64 Packages [1418 B]
2026-08-24T12:42:21.9054383Z Fetched 11.6 MB in 1s (10.5 MB/s)
2026-08-24T12:42:22.4936618Z Reading package lists...
2026-08-24T12:42:22.5281193Z Reading package lists...
2026-08-24T12:42:22.6802362Z Building dependency tree...
2026-08-24T12:42:22.6808408Z Reading state information...
2026-08-24T12:42:22.8023807Z libasound2t64 is already the newest version (1.2.11-1ubuntu0.3).
2026-08-24T12:42:22.8024383Z libasound2t64 set to manually installed.
2026-08-24T12:42:22.8024903Z libatk-bridge2.0-0t64 is already the newest version (2.52.0-1build1).
2026-08-24T12:42:22.8025419Z libatk-bridge2.0-0t64 set to manually installed.
2026-08-24T12:42:22.8025913Z libatk1.0-0t64 is already the newest version (2.52.0-1build1).
2026-08-24T12:42:22.8026355Z libatk1.0-0t64 set to manually installed.
2026-08-24T12:42:22.8026868Z libatspi2.0-0t64 is already the newest version (2.52.0-1build1).
2026-08-24T12:42:22.8027343Z libatspi2.0-0t64 set to manually installed.
2026-08-24T12:42:22.8027853Z libcairo2 is already the newest version (1.18.0-3build1).
2026-08-24T12:42:22.8028347Z libcairo2 set to manually installed.
2026-08-24T12:42:22.8028851Z libcups2t64 is already the newest version (2.4.7-1.2ubuntu7.14).
2026-08-24T12:42:22.8029369Z libcups2t64 set to manually installed.
2026-08-24T12:42:22.8029918Z libdbus-1-3 is already the newest version (1.14.10-4ubuntu4.1).
2026-08-24T12:42:22.8030448Z libdbus-1-3 set to manually installed.
2026-08-24T12:42:22.8040121Z libdrm2 is already the newest version (2.4.125-1ubuntu0.1~24.04.2).
2026-08-24T12:42:22.8040779Z libdrm2 set to manually installed.
2026-08-24T12:42:22.8041558Z libgbm1 is already the newest version (25.2.8-0ubuntu0.24.04.2).
2026-08-24T12:42:22.8042108Z libgbm1 set to manually installed.
2026-08-24T12:42:22.8042681Z libglib2.0-0t64 is already the newest version (2.80.0-6ubuntu3.8).
2026-08-24T12:42:22.8043262Z libglib2.0-0t64 set to manually installed.
2026-08-24T12:42:22.8043837Z libnspr4 is already the newest version (2:4.35-1.1build1).
2026-08-24T12:42:22.8044324Z libnspr4 set to manually installed.
2026-08-24T12:42:22.8044829Z libnss3 is already the newest version (2:3.98-1ubuntu0.2).
2026-08-24T12:42:22.8045314Z libnss3 set to manually installed.
2026-08-24T12:42:22.8045857Z libpango-1.0-0 is already the newest version (1.52.1+ds-1build1).
2026-08-24T12:42:22.8046399Z libpango-1.0-0 set to manually installed.
2026-08-24T12:42:22.8046954Z libx11-6 is already the newest version (2:1.8.7-1build1).
2026-08-24T12:42:22.8047524Z libx11-6 set to manually installed.
2026-08-24T12:42:22.8047903Z libxcb1 is already the newest version (1.15-1ubuntu2).
2026-08-24T12:42:22.8048208Z libxcb1 set to manually installed.
2026-08-24T12:42:22.8048541Z libxcomposite1 is already the newest version (1:0.4.5-1build3).
2026-08-24T12:42:22.8048886Z libxcomposite1 set to manually installed.
2026-08-24T12:42:22.8049213Z libxdamage1 is already the newest version (1:1.1.6-1build1).
2026-08-24T12:42:22.8049526Z libxdamage1 set to manually installed.
2026-08-24T12:42:22.8049834Z libxext6 is already the newest version (2:1.3.4-1build2).
2026-08-24T12:42:22.8050134Z libxext6 set to manually installed.
2026-08-24T12:42:22.8050449Z libxfixes3 is already the newest version (1:6.0.0-2build1).
2026-08-24T12:42:22.8050764Z libxfixes3 set to manually installed.
2026-08-24T12:42:22.8051200Z libxkbcommon0 is already the newest version (1.6.0-1build1).
2026-08-24T12:42:22.8051520Z libxkbcommon0 set to manually installed.
2026-08-24T12:42:22.8051852Z libxrandr2 is already the newest version (2:1.5.2-2build1).
2026-08-24T12:42:22.8052148Z libxrandr2 set to manually installed.
2026-08-24T12:42:22.8052467Z xvfb is already the newest version (2:21.1.12-1ubuntu1.6).
2026-08-24T12:42:22.8052890Z fonts-noto-color-emoji is already the newest version (2.047-0ubuntu0.24.04.1).
2026-08-24T12:42:22.8053601Z libfontconfig1 is already the newest version (2.15.0-1.1ubuntu2).
2026-08-24T12:42:22.8053938Z libfontconfig1 set to manually installed.
2026-08-24T12:42:22.8054290Z libfreetype6 is already the newest version (2.13.2+dfsg-1ubuntu0.1).
2026-08-24T12:42:22.8054621Z libfreetype6 set to manually installed.
2026-08-24T12:42:22.8054951Z fonts-liberation is already the newest version (1:2.1.5-3).
2026-08-24T12:42:22.8055399Z fonts-liberation set to manually installed.
2026-08-24T12:42:22.8055716Z The following additional packages will be installed:
2026-08-24T12:42:22.8056010Z   xfonts-encodings xfonts-utils
2026-08-24T12:42:22.8056232Z Recommended packages:
2026-08-24T12:42:22.8056463Z   fonts-ipafont-mincho fonts-tlwg-loma
2026-08-24T12:42:22.8275239Z The following NEW packages will be installed:
2026-08-24T12:42:22.8275814Z   fonts-freefont-ttf fonts-ipafont-gothic fonts-tlwg-loma-otf fonts-unifont
2026-08-24T12:42:22.8279723Z   fonts-wqy-zenhei xfonts-cyrillic xfonts-encodings xfonts-scalable
2026-08-24T12:42:22.8280214Z   xfonts-utils
2026-08-24T12:42:22.8420220Z 0 upgraded, 9 newly installed, 0 to remove and 29 not upgraded.
2026-08-24T12:42:22.8420775Z Need to get 21.1 MB of archives.
2026-08-24T12:42:22.8421290Z After this operation, 79.5 MB of additional disk space will be used.
2026-08-24T12:42:22.8421691Z Get:1 file:/etc/apt/apt-mirrors.txt Mirrorlist [144 B]
2026-08-24T12:42:22.8696222Z Get:2 http://azure.archive.ubuntu.com/ubuntu noble/universe amd64 fonts-ipafont-gothic all 00303-21ubuntu1 [3513 kB]
2026-08-24T12:42:22.9362427Z Get:3 http://azure.archive.ubuntu.com/ubuntu noble/main amd64 fonts-freefont-ttf all 20211204+svn4273-2 [5641 kB]
2026-08-24T12:42:23.1142420Z Get:4 http://azure.archive.ubuntu.com/ubuntu noble/universe amd64 fonts-tlwg-loma-otf all 1:0.7.3-1 [107 kB]
2026-08-24T12:42:23.2337973Z Get:5 http://azure.archive.ubuntu.com/ubuntu noble/universe amd64 fonts-unifont all 1:15.1.01-1build1 [2993 kB]
2026-08-24T12:42:23.3551239Z Get:6 http://azure.archive.ubuntu.com/ubuntu noble/universe amd64 fonts-wqy-zenhei all 0.9.45-8 [7472 kB]
2026-08-24T12:42:23.5878757Z Get:7 http://azure.archive.ubuntu.com/ubuntu noble/main amd64 xfonts-encodings all 1:1.0.5-0ubuntu2 [578 kB]
2026-08-24T12:42:23.6151930Z Get:8 http://azure.archive.ubuntu.com/ubuntu noble/main amd64 xfonts-utils amd64 1:7.7+6build3 [94.4 kB]
2026-08-24T12:42:23.6299706Z Get:9 http://azure.archive.ubuntu.com/ubuntu noble/universe amd64 xfonts-cyrillic all 1:1.0.5+nmu1 [384 kB]
2026-08-24T12:42:23.6498760Z Get:10 http://azure.archive.ubuntu.com/ubuntu noble/main amd64 xfonts-scalable all 1:1.0.3-1.3 [304 kB]
2026-08-24T12:42:23.8574635Z Fetched 21.1 MB in 1s (25.6 MB/s)
2026-08-24T12:42:23.9749739Z Selecting previously unselected package fonts-ipafont-gothic.
2026-08-24T12:42:23.9942508Z (Reading database ... 
2026-08-24T12:42:23.9943099Z (Reading database ... 5%
2026-08-24T12:42:23.9943643Z (Reading database ... 10%
2026-08-24T12:42:23.9943991Z (Reading database ... 15%
2026-08-24T12:42:23.9944305Z (Reading database ... 20%
2026-08-24T12:42:23.9944732Z (Reading database ... 25%
2026-08-24T12:42:23.9944967Z (Reading database ... 30%
2026-08-24T12:42:23.9945220Z (Reading database ... 35%
2026-08-24T12:42:23.9945519Z (Reading database ... 40%
2026-08-24T12:42:23.9945750Z (Reading database ... 45%
2026-08-24T12:42:23.9945957Z (Reading database ... 50%
2026-08-24T12:42:23.9963067Z (Reading database ... 55%
2026-08-24T12:42:24.0914833Z (Reading database ... 60%
2026-08-24T12:42:24.4186808Z (Reading database ... 65%
2026-08-24T12:42:24.5844562Z (Reading database ... 70%
2026-08-24T12:42:24.7772764Z (Reading database ... 75%
2026-08-24T12:42:24.9324580Z (Reading database ... 80%
2026-08-24T12:42:25.1375421Z (Reading database ... 85%
2026-08-24T12:42:25.3252414Z (Reading database ... 90%
2026-08-24T12:42:25.5382197Z (Reading database ... 95%
2026-08-24T12:42:25.5382497Z (Reading database ... 100%
2026-08-24T12:42:25.5382866Z (Reading database ... 203124 files and directories currently installed.)
2026-08-24T12:42:25.5422640Z Preparing to unpack .../0-fonts-ipafont-gothic_00303-21ubuntu1_all.deb ...
2026-08-24T12:42:25.5541306Z Unpacking fonts-ipafont-gothic (00303-21ubuntu1) ...
2026-08-24T12:42:25.7816838Z Selecting previously unselected package fonts-freefont-ttf.
2026-08-24T12:42:25.7927716Z Preparing to unpack .../1-fonts-freefont-ttf_20211204+svn4273-2_all.deb ...
2026-08-24T12:42:25.7934642Z Unpacking fonts-freefont-ttf (20211204+svn4273-2) ...
2026-08-24T12:42:25.8790895Z Selecting previously unselected package fonts-tlwg-loma-otf.
2026-08-24T12:42:25.8900317Z Preparing to unpack .../2-fonts-tlwg-loma-otf_1%3a0.7.3-1_all.deb ...
2026-08-24T12:42:25.8908788Z Unpacking fonts-tlwg-loma-otf (1:0.7.3-1) ...
2026-08-24T12:42:25.9140628Z Selecting previously unselected package fonts-unifont.
2026-08-24T12:42:25.9254264Z Preparing to unpack .../3-fonts-unifont_1%3a15.1.01-1build1_all.deb ...
2026-08-24T12:42:25.9261728Z Unpacking fonts-unifont (1:15.1.01-1build1) ...
2026-08-24T12:42:26.1221408Z Selecting previously unselected package fonts-wqy-zenhei.
2026-08-24T12:42:26.1331350Z Preparing to unpack .../4-fonts-wqy-zenhei_0.9.45-8_all.deb ...
2026-08-24T12:42:26.1414071Z Unpacking fonts-wqy-zenhei (0.9.45-8) ...
2026-08-24T12:42:26.5826390Z Selecting previously unselected package xfonts-encodings.
2026-08-24T12:42:26.5936520Z Preparing to unpack .../5-xfonts-encodings_1%3a1.0.5-0ubuntu2_all.deb ...
2026-08-24T12:42:26.5943958Z Unpacking xfonts-encodings (1:1.0.5-0ubuntu2) ...
2026-08-24T12:42:26.6209251Z Selecting previously unselected package xfonts-utils.
2026-08-24T12:42:26.6314914Z Preparing to unpack .../6-xfonts-utils_1%3a7.7+6build3_amd64.deb ...
2026-08-24T12:42:26.6322444Z Unpacking xfonts-utils (1:7.7+6build3) ...
2026-08-24T12:42:26.7354474Z Selecting previously unselected package xfonts-cyrillic.
2026-08-24T12:42:26.7463359Z Preparing to unpack .../7-xfonts-cyrillic_1%3a1.0.5+nmu1_all.deb ...
2026-08-24T12:42:26.7471312Z Unpacking xfonts-cyrillic (1:1.0.5+nmu1) ...
2026-08-24T12:42:26.7784602Z Selecting previously unselected package xfonts-scalable.
2026-08-24T12:42:26.7890230Z Preparing to unpack .../8-xfonts-scalable_1%3a1.0.3-1.3_all.deb ...
2026-08-24T12:42:26.7898032Z Unpacking xfonts-scalable (1:1.0.3-1.3) ...
2026-08-24T12:42:26.8294634Z Setting up fonts-wqy-zenhei (0.9.45-8) ...
2026-08-24T12:42:26.8397576Z Setting up fonts-freefont-ttf (20211204+svn4273-2) ...
2026-08-24T12:42:26.8417447Z Setting up fonts-tlwg-loma-otf (1:0.7.3-1) ...
2026-08-24T12:42:26.8436959Z Setting up xfonts-encodings (1:1.0.5-0ubuntu2) ...
2026-08-24T12:42:26.8456035Z Setting up fonts-ipafont-gothic (00303-21ubuntu1) ...
2026-08-24T12:42:26.8515481Z update-alternatives: using /usr/share/fonts/opentype/ipafont-gothic/ipag.ttf to provide /usr/share/fonts/truetype/fonts-japanese-gothic.ttf (fonts-japanese-gothic.ttf) in auto mode
2026-08-24T12:42:26.8534046Z Setting up fonts-unifont (1:15.1.01-1build1) ...
2026-08-24T12:42:26.9972985Z Setting up xfonts-utils (1:7.7+6build3) ...
2026-08-24T12:42:27.0014013Z Setting up xfonts-cyrillic (1:1.0.5+nmu1) ...
2026-08-24T12:42:27.0295220Z Setting up xfonts-scalable (1:1.0.3-1.3) ...
2026-08-24T12:42:27.0524409Z Processing triggers for man-db (2.12.0-4build2) ...
2026-08-24T12:42:27.0541776Z Not building database; man-db/auto-update is not 'true'.
2026-08-24T12:42:27.0553489Z Processing triggers for fontconfig (2.15.0-1.1ubuntu2) ...
2026-08-24T12:42:27.6328896Z 
2026-08-24T12:42:28.3181012Z Running kernel seems to be up-to-date.
2026-08-24T12:42:28.3181576Z 
2026-08-24T12:42:28.3181792Z No services need to be restarted.
2026-08-24T12:42:28.3182027Z 
2026-08-24T12:42:28.3182210Z No containers need to be restarted.
2026-08-24T12:42:28.3182453Z 
2026-08-24T12:42:28.3182699Z No user sessions are running outdated binaries.
2026-08-24T12:42:28.3182960Z 
2026-08-24T12:42:28.3183332Z No VM guests are running outdated hypervisor (qemu) binaries on this host.
2026-08-24T12:42:28.3184619Z Downloading Chrome for Testing 149.0.7827.55 (playwright chromium v1228) from https://cdn.playwright.dev/builds/cft/149.0.7827.55/linux64/chrome-linux64.zip
2026-08-24T12:42:29.2628529Z |                                                                                |   0% of 177 MiB
2026-08-24T12:42:29.3883134Z |■■■■■■■■                                                                        |  10% of 177 MiB
2026-08-24T12:42:29.4652016Z |■■■■■■■■■■■■■■■■                                                                |  20% of 177 MiB
2026-08-24T12:42:29.5199605Z |■■■■■■■■■■■■■■■■■■■■■■■■                                                        |  30% of 177 MiB
2026-08-24T12:42:29.5696096Z |■■■■■■■■■■■■■■■■■■■■■■■■■■■■■■■■                                                |  40% of 177 MiB
2026-08-24T12:42:29.6193087Z |■■■■■■■■■■■■■■■■■■■■■■■■■■■■■■■■■■■■■■■■                                        |  50% of 177 MiB
2026-08-24T12:42:29.6647254Z |■■■■■■■■■■■■■■■■■■■■■■■■■■■■■■■■■■■■■■■■■■■■■■■■                                |  60% of 177 MiB
2026-08-24T12:42:29.7069224Z |■■■■■■■■■■■■■■■■■■■■■■■■■■■■■■■■■■■■■■■■■■■■■■■■■■■■■■■■                        |  70% of 177 MiB
2026-08-24T12:42:29.7505297Z |■■■■■■■■■■■■■■■■■■■■■■■■■■■■■■■■■■■■■■■■■■■■■■■■■■■■■■■■■■■■■■■■                |  80% of 177 MiB
2026-08-24T12:42:29.7977679Z |■■■■■■■■■■■■■■■■■■■■■■■■■■■■■■■■■■■■■■■■■■■■■■■■■■■■■■■■■■■■■■■■■■■■■■■■        |  90% of 177 MiB
2026-08-24T12:42:29.8509646Z |■■■■■■■■■■■■■■■■■■■■■■■■■■■■■■■■■■■■■■■■■■■■■■■■■■■■■■■■■■■■■■■■■■■■■■■■■■■■■■■■| 100% of 177 MiB
2026-08-24T12:42:31.8291619Z Chrome for Testing 149.0.7827.55 (playwright chromium v1228) downloaded to /home/runner/.cache/ms-playwright/chromium-1228
2026-08-24T12:42:31.8293809Z Downloading FFmpeg (playwright ffmpeg v1011) from https://cdn.playwright.dev/dbazure/download/playwright/builds/ffmpeg/1011/ffmpeg-linux.zip
2026-08-24T12:42:32.7148278Z |                                                                                |   0% of 2.3 MiB
2026-08-24T12:42:32.7189487Z |■■■■■■■■                                                                        |  10% of 2.3 MiB
2026-08-24T12:42:32.7224333Z |■■■■■■■■■■■■■■■■                                                                |  20% of 2.3 MiB
2026-08-24T12:42:32.7241994Z |■■■■■■■■■■■■■■■■■■■■■■■■                                                        |  30% of 2.3 MiB
2026-08-24T12:42:32.7257875Z |■■■■■■■■■■■■■■■■■■■■■■■■■■■■■■■■                                                |  40% of 2.3 MiB
2026-08-24T12:42:32.7274138Z |■■■■■■■■■■■■■■■■■■■■■■■■■■■■■■■■■■■■■■■■                                        |  50% of 2.3 MiB
2026-08-24T12:42:32.7288323Z |■■■■■■■■■■■■■■■■■■■■■■■■■■■■■■■■■■■■■■■■■■■■■■■■                                |  60% of 2.3 MiB
2026-08-24T12:42:32.7297768Z |■■■■■■■■■■■■■■■■■■■■■■■■■■■■■■■■■■■■■■■■■■■■■■■■■■■■■■■■                        |  70% of 2.3 MiB
2026-08-24T12:42:32.7315064Z |■■■■■■■■■■■■■■■■■■■■■■■■■■■■■■■■■■■■■■■■■■■■■■■■■■■■■■■■■■■■■■■■                |  80% of 2.3 MiB
2026-08-24T12:42:32.7323969Z |■■■■■■■■■■■■■■■■■■■■■■■■■■■■■■■■■■■■■■■■■■■■■■■■■■■■■■■■■■■■■■■■■■■■■■■■        |  90% of 2.3 MiB
2026-08-24T12:42:32.7333987Z |■■■■■■■■■■■■■■■■■■■■■■■■■■■■■■■■■■■■■■■■■■■■■■■■■■■■■■■■■■■■■■■■■■■■■■■■■■■■■■■■| 100% of 2.3 MiB
2026-08-24T12:42:32.7770336Z FFmpeg (playwright ffmpeg v1011) downloaded to /home/runner/.cache/ms-playwright/ffmpeg-1011
2026-08-24T12:42:32.7773244Z Downloading Chrome Headless Shell 149.0.7827.55 (playwright chromium-headless-shell v1228) from https://cdn.playwright.dev/builds/cft/149.0.7827.55/linux64/chrome-headless-shell-linux64.zip
2026-08-24T12:42:33.6889029Z |                                                                                |   0% of 114.2 MiB
2026-08-24T12:42:33.8088319Z |■■■■■■■■                                                                        |  10% of 114.2 MiB
2026-08-24T12:42:33.8751751Z |■■■■■■■■■■■■■■■■                                                                |  20% of 114.2 MiB
2026-08-24T12:42:33.9213914Z |■■■■■■■■■■■■■■■■■■■■■■■■                                                        |  30% of 114.2 MiB
2026-08-24T12:42:33.9562245Z |■■■■■■■■■■■■■■■■■■■■■■■■■■■■■■■■                                                |  40% of 114.2 MiB
2026-08-24T12:42:33.9845123Z |■■■■■■■■■■■■■■■■■■■■■■■■■■■■■■■■■■■■■■■■                                        |  50% of 114.2 MiB
2026-08-24T12:42:34.0176519Z |■■■■■■■■■■■■■■■■■■■■■■■■■■■■■■■■■■■■■■■■■■■■■■■■                                |  60% of 114.2 MiB
2026-08-24T12:42:34.0425268Z |■■■■■■■■■■■■■■■■■■■■■■■■■■■■■■■■■■■■■■■■■■■■■■■■■■■■■■■■                        |  70% of 114.2 MiB
2026-08-24T12:42:34.0722736Z |■■■■■■■■■■■■■■■■■■■■■■■■■■■■■■■■■■■■■■■■■■■■■■■■■■■■■■■■■■■■■■■■                |  80% of 114.2 MiB
2026-08-24T12:42:34.1007793Z |■■■■■■■■■■■■■■■■■■■■■■■■■■■■■■■■■■■■■■■■■■■■■■■■■■■■■■■■■■■■■■■■■■■■■■■■        |  90% of 114.2 MiB
2026-08-24T12:42:34.1264049Z |■■■■■■■■■■■■■■■■■■■■■■■■■■■■■■■■■■■■■■■■■■■■■■■■■■■■■■■■■■■■■■■■■■■■■■■■■■■■■■■■| 100% of 114.2 MiB
2026-08-24T12:42:35.5426420Z Chrome Headless Shell 149.0.7827.55 (playwright chromium-headless-shell v1228) downloaded to /home/runner/.cache/ms-playwright/chromium_headless_shell-1228
2026-08-24T12:42:35.5642177Z ##[group]Run npm run e2e
2026-08-24T12:42:35.5642413Z [36;1mnpm run e2e[0m
2026-08-24T12:42:35.5675088Z shell: /usr/bin/bash -e {0}
2026-08-24T12:42:35.5675302Z env:
2026-08-24T12:42:35.5675500Z   CARGO_INCREMENTAL: 0
2026-08-24T12:42:35.5675733Z   CARGO_PROFILE_DEV_DEBUG: line-tables-only
2026-08-24T12:42:35.5675974Z ##[endgroup]
2026-08-24T12:42:35.6430445Z 
2026-08-24T12:42:35.6430939Z > opencompany-console@0.1.0 e2e
2026-08-24T12:42:35.6431484Z > playwright test
2026-08-24T12:42:35.6431616Z 
2026-08-24T12:42:36.6228547Z [WebServer] [e2e host] building the console bundle (PW_SKIP_CONSOLE_BUILD=1 to skip)
2026-08-24T12:42:36.6940543Z [WebServer] 
2026-08-24T12:42:36.6941020Z [WebServer] > opencompany-console@0.1.0 build
2026-08-24T12:42:36.6941645Z [WebServer] > tsc -b && vite build
2026-08-24T12:42:36.6941988Z [WebServer] 
2026-08-24T12:42:48.0561586Z [WebServer] vite v5.4.21 building for production...
2026-08-24T12:42:48.0966167Z [WebServer] transforming...
2026-08-24T12:42:54.9259785Z [WebServer] ✓ 4100 modules transformed.
2026-08-24T12:42:55.4195270Z [WebServer] rendering chunks...
2026-08-24T12:42:55.8135483Z [WebServer] computing gzip size...
2026-08-24T12:42:55.8548142Z [WebServer] dist/assets/geist-mono-symbols2-wght-normal-CO5SzqOn.woff2          5.81 kB
2026-08-24T12:42:55.8549393Z [WebServer] dist/assets/geist-mono-cyrillic-ext-wght-normal-X_5orZeX.woff2      6.18 kB
2026-08-24T12:42:55.8550377Z [WebServer] dist/index.html                                                     6.23 kB │ gzip:   2.80 kB
2026-08-24T12:42:55.8551631Z [WebServer] dist/assets/geist-cyrillic-ext-wght-normal-DjL33-gN.woff2           7.42 kB
2026-08-24T12:42:55.8552410Z [WebServer] dist/assets/geist-mono-vietnamese-wght-normal-DadHysG0.woff2        7.70 kB
2026-08-24T12:42:55.8553200Z [WebServer] dist/assets/geist-vietnamese-wght-normal-6IgcOCM7.woff2             8.00 kB
2026-08-24T12:42:55.8554000Z [WebServer] dist/assets/geist-mono-cyrillic-wght-normal-DiZS0aHC.woff2         12.94 kB
2026-08-24T12:42:55.8554773Z [WebServer] dist/assets/geist-mono-latin-ext-wght-normal-Bwz-egvJ.woff2        14.70 kB
2026-08-24T12:42:55.8555521Z [WebServer] dist/assets/geist-cyrillic-wght-normal-BEAKL7Jp.woff2              15.08 kB
2026-08-24T12:42:55.8556276Z [WebServer] dist/assets/geist-latin-ext-wght-normal-DC-KSUi6.woff2             16.51 kB
2026-08-24T12:42:55.8557006Z [WebServer] dist/assets/geist-mono-latin-wght-normal-XN7g48iV.woff2            23.13 kB
2026-08-24T12:42:55.8557746Z [WebServer] dist/assets/geist-latin-wght-normal-BgDaEnEv.woff2                 29.40 kB
2026-08-24T12:42:55.8558613Z [WebServer] dist/assets/WorkflowsView-BnuhLJ6X.css                             15.87 kB │ gzip:   2.67 kB
2026-08-24T12:42:55.8559524Z [WebServer] dist/assets/index-C7RA4Jy3.css                                    184.68 kB │ gzip:  28.40 kB
2026-08-24T12:42:55.8560605Z [WebServer] dist/assets/arrow-up-right-D2nA4wdV.js                              0.34 kB │ gzip:   0.27 kB
2026-08-24T12:42:55.8561591Z [WebServer] dist/assets/coins-CvXCBI1O.js                                       0.45 kB │ gzip:   0.33 kB
2026-08-24T12:42:55.8562423Z [WebServer] dist/assets/hash-DT79zyLM.js                                        1.35 kB │ gzip:   0.66 kB
2026-08-24T12:42:55.8563222Z [WebServer] dist/assets/timer-DWAvo6M8.js                                       2.79 kB │ gzip:   1.29 kB
2026-08-24T12:42:55.8564015Z [WebServer] dist/assets/YAxis-DiHBZdo7.js                                       4.18 kB │ gzip:   1.82 kB
2026-08-24T12:42:55.8564829Z [WebServer] dist/assets/PagesView-CGq018tA.js                                   4.85 kB │ gzip:   2.00 kB
2026-08-24T12:42:55.8565643Z [WebServer] dist/assets/CartesianGrid-CvBIqG55.js                               6.43 kB │ gzip:   2.25 kB
2026-08-24T12:42:55.8566451Z [WebServer] dist/assets/FinancesView-D0lcdMn3.js                                7.16 kB │ gzip:   2.64 kB
2026-08-24T12:42:55.8567452Z [WebServer] dist/assets/value-DqH_WevB.js                                       9.37 kB │ gzip:   4.00 kB
2026-08-24T12:42:55.8568296Z [WebServer] dist/assets/ObservatoryView-B67y_hX0.js                            23.88 kB │ gzip:   7.11 kB
2026-08-24T12:42:55.8569123Z [WebServer] dist/assets/StyleguideView-D8hDmidG.js                             28.44 kB │ gzip:   8.51 kB
2026-08-24T12:42:55.8569969Z [WebServer] dist/assets/FinanceSection-t37mNyCf.js                             31.06 kB │ gzip:   8.51 kB
2026-08-24T12:42:55.8570881Z [WebServer] dist/assets/UsageView-DzyOxidY.js                                  32.41 kB │ gzip:   9.59 kB
2026-08-24T12:42:55.8592359Z [WebServer] dist/assets/index-BoQ1aGqQ.js                                      56.36 kB │ gzip:  18.72 kB
2026-08-24T12:42:55.8593570Z [WebServer] dist/assets/WorkspaceView-XxWmy4wY.js                              58.96 kB │ gzip:  17.43 kB
2026-08-24T12:42:55.8594813Z [WebServer] dist/assets/KnowledgeGraph-D8rPBjtt.js                             82.25 kB │ gzip:  27.41 kB
2026-08-24T12:42:55.8596068Z [WebServer] dist/assets/WorkflowsView-zVPuOYwW.js                             303.79 kB │ gzip:  94.09 kB
2026-08-24T12:42:55.8597262Z [WebServer] dist/assets/chart-DFrfgRCk.js                                     339.82 kB │ gzip: 101.88 kB
2026-08-24T12:42:55.8598354Z [WebServer] dist/assets/index-w2lx9ZmQ.js                                   1,646.94 kB │ gzip: 486.57 kB
2026-08-24T12:42:55.8598913Z [WebServer] 
2026-08-24T12:42:55.8599469Z [WebServer] (!) Some chunks are larger than 500 kB after minification. Consider:
2026-08-24T12:42:55.8600460Z [WebServer] - Using dynamic import() to code-split the application
2026-08-24T12:42:55.8601870Z [WebServer] - Use build.rollupOptions.output.manualChunks to improve chunking: https://rollupjs.org/configuration-options/#output-manualchunks
2026-08-24T12:42:55.8603155Z [WebServer] - Adjust chunk size limit for this warning via build.chunkSizeWarningLimit.
2026-08-24T12:42:55.8603899Z [WebServer] ✓ built in 7.78s
2026-08-24T12:42:56.0148715Z [WebServer] 
2026-08-24T12:42:56.0149313Z [WebServer] > opencompany-console@0.1.0 build:pages-sdk
2026-08-24T12:42:56.0150551Z [WebServer] > tsc -p tsconfig.pages-sdk.json && vite build --config pages-sdk/vite.config.ts && vite build --config pages-sdk/vite.react.config.ts
2026-08-24T12:42:56.0172414Z [WebServer] 
2026-08-24T12:42:57.6244846Z [WebServer] vite v5.4.21 building for production...
2026-08-24T12:42:57.6562398Z [WebServer] transforming...
2026-08-24T12:42:58.2347175Z [WebServer] ✓ 102 modules transformed.
2026-08-24T12:42:58.2708364Z [WebServer] rendering chunks...
2026-08-24T12:42:58.2956144Z [WebServer] computing gzip size...
2026-08-24T12:42:58.3042395Z [WebServer] dist/pages-sdk/index.css  380.20 kB │ gzip: 176.98 kB
2026-08-24T12:42:58.3043179Z [WebServer] dist/pages-sdk/index.mjs  112.43 kB │ gzip:  23.29 kB
2026-08-24T12:42:58.3044759Z [WebServer] ✓ built in 663ms
2026-08-24T12:42:58.4608598Z [WebServer] vite v5.4.21 building for production...
2026-08-24T12:42:58.4916723Z [WebServer] transforming...
2026-08-24T12:42:58.9138280Z [WebServer] ✓ 27 modules transformed.
2026-08-24T12:42:58.9774925Z [WebServer] rendering chunks...
2026-08-24T12:42:58.9793771Z [WebServer] computing gzip size...
2026-08-24T12:42:58.9864876Z [WebServer] dist/pages-sdk/react.mjs  202.71 kB │ gzip: 52.74 kB
2026-08-24T12:42:58.9865643Z [WebServer] ✓ built in 508ms
2026-08-24T12:42:59.0121399Z [WebServer] [e2e host] serving /home/runner/work/opencompany/opencompany/companies/e2e_harness on 127.0.0.1:14146 (data: /home/runner/work/opencompany/opencompany/target/e2e/data)
2026-08-24T12:42:59.0178725Z [WebServer] agent journal: /home/runner/work/opencompany/opencompany/target/e2e/data/openhuman/workspace/tinyagents_store (root /home/runner/work/opencompany/opencompany/target/e2e/data/openhuman, from OPENCOMPANY_DATA_DIR)
2026-08-24T12:42:59.0568197Z [WebServer] registered company `e2e-harness-co` (E2E Harness Co) from /home/runner/work/opencompany/opencompany/companies/e2e_harness
2026-08-24T12:42:59.0569127Z [WebServer] listening on 127.0.0.1:14146 (from --bind)
2026-08-24T12:43:00.6592426Z 
2026-08-24T12:43:00.6593004Z Running 327 tests using 1 worker
2026-08-24T12:43:00.6608299Z 
2026-08-24T12:43:01.6646575Z   ✓    1 test/e2e/add-host-connectors.spec.ts:194:1 › a desktop offers all four places a runtime can run (501ms)
2026-08-24T12:43:02.2599820Z   ✓    2 test/e2e/add-host-connectors.spec.ts:212:1 › the chooser is a screen, and its tabs fit the card they are drawn in (583ms)
2026-08-24T12:43:02.6732522Z   ✓    3 test/e2e/add-host-connectors.spec.ts:248:1 › a browser is offered only the two connectors it can honour (405ms)
2026-08-24T12:43:03.1090106Z   ✓    4 test/e2e/add-host-connectors.spec.ts:263:1 › a browser is told a gateway has to allow this console's origin (426ms)
2026-08-24T12:43:03.7235979Z   ✓    5 test/e2e/add-host-connectors.spec.ts:274:1 › a host reached over ssh is added at the address the shell opened (606ms)
2026-08-24T12:43:04.3059088Z   ✓    6 test/e2e/add-host-connectors.spec.ts:317:1 › ssh's refusal stays on screen instead of becoming a host (575ms)
2026-08-24T12:43:04.6444411Z   ✓    7 test/e2e/add-host-connectors.spec.ts:378:1 › a cloud tenant that is asleep is being woken, not unreachable (330ms)
2026-08-24T12:43:04.9770290Z   ✓    8 test/e2e/add-host-connectors.spec.ts:399:1 › the same address as a gateway you run is simply unreachable (323ms)
2026-08-24T12:43:05.2063184Z   ✓    9 test/e2e/add-host-connectors.spec.ts:414:1 › a hub with no hosts offers the choice rather than describing it (219ms)
2026-08-24T12:43:05.7469969Z   ✓   10 test/e2e/agent-detail.spec.ts:84:1 › a company agent opens from its card and shows what it is (528ms)
2026-08-24T12:43:06.1471799Z   ✓   11 test/e2e/agent-detail.spec.ts:144:1 › desk membership is on the agent, and an agent is reachable by link (390ms)
2026-08-24T12:43:07.5783269Z   ✓   12 test/e2e/agent-detail.spec.ts:157:1 › an agent defined in the console can be read back and edited (1.4s)
2026-08-24T12:43:08.1268896Z   ✓   13 test/e2e/agent-profile-panel.spec.ts:39:1 › a teammate's face opens who they are, without leaving the channel (537ms)
2026-08-24T12:43:09.1748385Z   ✓   14 test/e2e/agent-profile-panel.spec.ts:59:1 › the panel hands off to the teammate's own page, with the form open (1.0s)
2026-08-24T12:43:09.5276997Z   ✓   15 test/e2e/agent-profile-panel.spec.ts:76:1 › Back closes the editor and leaves the teammate's page standing (343ms)
2026-08-24T12:43:09.8450104Z   ✓   16 test/e2e/agent-runs.spec.ts:41:1 › a teammate's page lists the attempts it has made (308ms)
2026-08-24T12:43:11.3231681Z   ✓   17 test/e2e/alert-dialog-confirm.spec.ts:96:1 › confirming a task delete dismisses the dialog before the request lands (1.5s)
2026-08-24T12:43:11.7249665Z   ✓   18 test/e2e/approval-timeout-honesty.spec.ts:207:1 › a proxy timeout does not claim the decision failed, and clears the card (384ms)
2026-08-24T12:43:12.1063613Z   ✓   19 test/e2e/approval-timeout-honesty.spec.ts:246:1 › a declined approval that times out reads as recorded, not failed (372ms)
2026-08-24T12:43:12.4730193Z   ✓   20 test/e2e/approval-timeout-honesty.spec.ts:277:1 › a host refusal still reports honestly, with no markup in the message (356ms)
2026-08-24T12:43:12.8557840Z   ✓   21 test/e2e/approval-timeout-honesty.spec.ts:312:1 › a connection that fails instantly is still reported as a failure (373ms)
2026-08-24T12:43:13.2410275Z   ✓   22 test/e2e/approval-timeout-honesty.spec.ts:339:1 › an unparseable body on the document reader falls back to the status line (377ms)
2026-08-24T12:43:13.9399986Z   ✓   23 test/e2e/assignee-picker.spec.ts:84:1 › the edit dialog offers Unassigned, desks and teammates instead of a text field (684ms)
2026-08-24T12:43:14.7155232Z   ✓   24 test/e2e/assignee-picker.spec.ts:133:1 › a card assigned to a desk keeps the desk, not the desk's lead (767ms)
2026-08-24T12:43:16.0991039Z   ✓   25 test/e2e/assignee-picker.spec.ts:152:1 › a card can be assigned to a teammate, and created for nobody at all (1.4s)
2026-08-24T12:43:17.2275614Z   ✓   26 test/e2e/assignee-picker.spec.ts:180:1 › renaming a card does not resubmit its assignee (1.1s)
2026-08-24T12:43:18.4562722Z   ✓   27 test/e2e/assignee-picker.spec.ts:209:1 › the detail screen can hand a card back to the orchestrator (1.2s)
2026-08-24T12:43:19.1403431Z   ✓   28 test/e2e/assignee-picker.spec.ts:235:1 › an assignee the roster no longer carries still renders, and the card stays editable (674ms)
2026-08-24T12:43:19.5063329Z   ✓   29 test/e2e/board-columns.spec.ts:75:1 › the retired #/tasks lands on the board, and #/tasks/<id> still opens the card (351ms)
2026-08-24T12:43:19.8479533Z   ✓   30 test/e2e/board-columns.spec.ts:99:1 › the board renders the three phases in order, and none of the retired columns (332ms)
2026-08-24T12:43:20.3070563Z   ✓   31 test/e2e/board-columns.spec.ts:116:1 › an empty board leaves its column affordances to explain the empty state (450ms)
2026-08-24T12:43:21.1325499Z   ✓   32 test/e2e/board-columns.spec.ts:170:1 › new work enters through one prompt box and lands in Pending (814ms)
2026-08-24T12:43:21.5057741Z   ✓   33 test/e2e/board-columns.spec.ts:265:1 › Plan first moves the card into planning without dispatching it (361ms)
2026-08-24T12:43:21.5806078Z   -   34 test/e2e/board-columns.spec.ts:339:1 › a card sent to Plan first is planned and settled, never left parked
2026-08-24T12:43:22.2507373Z   ✓   35 test/e2e/board-drag.spec.ts:207:1 › the whole board fits the window, so the last column is a full drop target (656ms)
2026-08-24T12:43:24.8352943Z   ✓   36 test/e2e/board-drag.spec.ts:234:1 › a card drags from Working to Done, and the board scrolls to get there (2.6s)
2026-08-24T12:43:26.2206248Z   ✓   37 test/e2e/board-drag.spec.ts:336:1 › a drop that misses every column says so instead of doing nothing (1.4s)
2026-08-24T12:43:27.6200361Z   ✓   38 test/e2e/board-drag.spec.ts:370:1 › a move the host refuses names the card, the column, and the reason (1.4s)
2026-08-24T12:43:28.5838968Z   ✓   39 test/e2e/brain-memory.spec.ts:22:1 › operator adds a Brain memory that persists across reload and can be deleted (948ms)
2026-08-24T12:43:29.0958949Z   ✓   40 test/e2e/chat-approval-line.spec.ts:109:1 › the line recording a decision is visible in a real channel (499ms)
2026-08-24T12:43:29.7753834Z   ✓   41 test/e2e/chat-approval-line.spec.ts:132:1 › a decision the host refuses says so in the same channel (670ms)
2026-08-24T12:43:30.2279975Z   ✓   42 test/e2e/chat-approval-line.spec.ts:150:1 › with no channel ever opened, the decision still reaches the first desk (442ms)
2026-08-24T12:43:30.7849643Z   ✓   43 test/e2e/chat-channel-membership.spec.ts:140:1 › #369 each desk counts and lists its own members, not the company (543ms)
2026-08-24T12:43:31.2968562Z   ✓   44 test/e2e/chat-channel-membership.spec.ts:170:1 › #369 a DM reads as two people, not as the whole company (505ms)
2026-08-24T12:43:31.6911882Z   ✓   45 test/e2e/chat-channel-membership.spec.ts:184:1 › #369 a host with no desks surface still shows the whole roster (384ms)
2026-08-24T12:43:34.7153100Z   ✓   46 test/e2e/chat-channel-membership.spec.ts:197:1 › #370 a deep link never flashes a channel the company doesn't have (3.0s)
2026-08-24T12:43:35.1322723Z   ✓   47 test/e2e/chat-channel-membership.spec.ts:225:1 › #370 an unknown channel opens the first one and says so (408ms)
2026-08-24T12:43:35.4995600Z   ✓   48 test/e2e/chat-channel-membership.spec.ts:245:1 › #370 a broken /desks is a retryable error, not invented channels (358ms)
2026-08-24T12:43:36.0436486Z   ✓   49 test/e2e/chat-channel-membership.spec.ts:268:1 › #485 a desk channel links out to its own desk on the org chart (535ms)
2026-08-24T12:43:36.5819530Z   ✓   50 test/e2e/chat-channel-membership.spec.ts:291:1 › #485 a DM has no desk to manage (530ms)
2026-08-24T12:43:36.9892146Z   ✓   51 test/e2e/chat-channel-membership.spec.ts:308:1 › #485 a fallback desk offers no link to a desk the host doesn't have (399ms)
2026-08-24T12:43:37.4297983Z   ✓   52 test/e2e/chat-channel-membership.spec.ts:321:1 › the send path and the thread id it addresses are undisturbed (431ms)
2026-08-24T12:44:46.1968689Z   ✘   53 test/e2e/chat-detached-post-failure.spec.ts:79:1 › a chat POST killed in flight still shows the reply the host went on to write (1.1m)
2026-08-24T12:44:56.4505741Z   ✓   54 test/e2e/chat-detached-sse-unavailable.spec.ts:74:1 › with /events unreachable, a detached turn's reply still lands and the working row still settles (9.8s)
2026-08-24T12:45:00.1284733Z   ✓   55 test/e2e/chat-dispatch-marker.spec.ts:100:1 › a settled dispatch marks the channel its card was raised in — and only that one (3.7s)
2026-08-24T12:45:00.2099742Z   -   56 test/e2e/chat-dispatch-marker.spec.ts:188:1 › the marker lands live and survives a reload exactly once
2026-08-24T12:45:00.2947839Z   -   57 test/e2e/chat-dispatch-marker.spec.ts:230:1 › a card raised on the board leaves no channel marker
2026-08-24T12:45:00.7403491Z   ✓   58 test/e2e/chat-history-loading.spec.ts:108:1 › a reloaded DM waits for its history instead of calling itself new (431ms)
2026-08-24T12:45:01.1691450Z   ✓   59 test/e2e/chat-history-loading.spec.ts:142:1 › a DM the host reports empty does say it is the start (418ms)
2026-08-24T12:45:01.6622194Z   ✓   60 test/e2e/chat-inline-approval.spec.ts:94:1 › a request raised in a channel appears in that channel, and only there (480ms)
2026-08-24T12:45:02.0034276Z   ✓   61 test/e2e/chat-inline-approval.spec.ts:123:1 › the Approvals page still shows everything, including the inline one (331ms)
2026-08-24T12:45:05.2788199Z   ✓   62 test/e2e/chat-inline-approval.spec.ts:132:1 › deciding inline detaches, and the continuation lands in the same channel (3.3s)
2026-08-24T12:45:05.7490434Z   ✓   63 test/e2e/chat-inline-approval.spec.ts:188:1 › declining inline says so in the thread rather than leaving it stalled (458ms)
2026-08-24T12:45:09.3766318Z   ✓   64 test/e2e/chat-inline-approval.spec.ts:209:1 › a decision made on the Approvals page settles the inline card, with no reload (3.6s)
2026-08-24T12:45:09.7618557Z   ✓   65 test/e2e/chat-inline-approval.spec.ts:243:1 › a parked approval raises its card live, without a reload (374ms)
2026-08-24T12:45:10.9115450Z   ✓   66 test/e2e/chat-live-events.spec.ts:125:1 › a reply the console never asked for lands in the open channel, with no reload (1.1s)
2026-08-24T12:45:11.3949445Z   ✓   67 test/e2e/chat-live-events.spec.ts:144:1 › a reply to a channel you are not on leaves an unread badge, and opening it clears the badge (472ms)
2026-08-24T12:45:15.5767526Z   ✓   68 test/e2e/chat-live-events.spec.ts:166:1 › a turn sent from the composer renders exactly one company bubble (4.2s)
2026-08-24T12:45:15.9597554Z   ✓   69 test/e2e/chat-live-events.spec.ts:192:1 › a running turn shows its tool rows in the channel (373ms)
2026-08-24T12:45:20.2929980Z   ✓   70 test/e2e/chat-live-events.spec.ts:251:1 › a detached turn's reply arrives over the stream, not on the POST (4.3s)
2026-08-24T12:45:20.9097415Z   ✓   71 test/e2e/chat-live-events.spec.ts:279:1 › a detached turn survives a reload and rebuilds from the durable record (607ms)
2026-08-24T12:45:29.3608076Z   ✓   72 test/e2e/chat-live-events.spec.ts:301:1 › a turn still open on reload re-arms the working row, and clears when it settles (8.4s)
2026-08-24T12:45:33.9544534Z   ✓   73 test/e2e/chat-live-events.spec.ts:376:1 › a failed turn leaves a durable line, not a spinner (4.6s)
2026-08-24T12:45:34.3254996Z   ✓   74 test/e2e/chat-presence.spec.ts:104:1 › a present person shows an online dot; an absent one shows no status (359ms)
2026-08-24T12:45:34.6743382Z   ✓   75 test/e2e/chat-presence.spec.ts:130:1 › an away status renders distinctly from online (341ms)
2026-08-24T12:45:35.0247648Z   ✓   76 test/e2e/chat-presence.spec.ts:151:1 › a teammate row carries no presence dot (342ms)
2026-08-24T12:45:43.6202598Z   ✓   77 test/e2e/chat-presence.spec.ts:164:1 › a typing frame renders a line, and it clears when the renewals stop (8.6s)
2026-08-24T12:45:44.9042060Z   ✓   78 test/e2e/chat-presence.spec.ts:187:1 › a typing frame for another channel does not leak into this one (1.3s)
2026-08-24T12:45:45.2578819Z   ✓   79 test/e2e/chat-presence.spec.ts:207:1 › a host with no presence route degrades to no dots at all (346ms)
2026-08-24T12:45:51.3004764Z   ✓   80 test/e2e/chat-to-card.spec.ts:52:1 › any message on a desk thread can be added to the board (6.0s)
2026-08-24T12:45:51.3739863Z   -   81 test/e2e/chat-to-card.spec.ts:85:1 › a card the orchestrator opens is chipped in chat, and survives a reload
2026-08-24T12:46:07.9316913Z   ✓   82 test/e2e/chat-to-card.spec.ts:134:1 › a dismissed card's chip goes away and does not come back on reload (16.5s)
2026-08-24T12:46:08.2892165Z   ✓   83 test/e2e/company-cards.spec.ts:149:1 › #1141 the Company nav lands on the teammates, not on the desks (337ms)
2026-08-24T12:46:08.6175276Z   ✓   84 test/e2e/company-cards.spec.ts:168:1 › #1141 a card carries the description, the status and the open count (321ms)
2026-08-24T12:46:09.0031780Z   ✓   85 test/e2e/company-cards.spec.ts:199:1 › #1436 the roster can search names, show working teammates, and identify the baseline (375ms)
2026-08-24T12:46:09.3008034Z   ✓   86 test/e2e/company-cards.spec.ts:222:1 › #1436 a workload outage disables the Working filter instead of hiding the roster (288ms)
2026-08-24T12:46:09.6843834Z   ✓   87 test/e2e/company-cards.spec.ts:242:1 › the status line sits on one baseline across a row, whatever the description (376ms)
2026-08-24T12:46:10.3500606Z   ✓   88 test/e2e/company-cards.spec.ts:289:1 › #1193 the chart is a destination with its own address, not a mode (656ms)
2026-08-24T12:46:10.8176800Z   ✓   89 test/e2e/company-cards.spec.ts:315:1 › #1193 the Company nav row means the roster, even after visiting Desks (458ms)
2026-08-24T12:46:11.1673442Z   ✓   90 test/e2e/company-cards.spec.ts:344:1 › #1193 desk management survives — a desk can still be created and reached (341ms)
2026-08-24T12:46:11.4511298Z   ✓   91 test/e2e/company-cards.spec.ts:361:1 › #485 a desk address still opens the chart at that desk (274ms)
2026-08-24T12:46:11.7848764Z   ✓   92 test/e2e/company-cards.spec.ts:372:1 › #1141 a host with no board says nothing, rather than idle (326ms)
2026-08-24T12:46:12.2054584Z   ✓   93 test/e2e/company-cards.spec.ts:395:1 › #1181 the card and the detail header wear the same mascot (411ms)
2026-08-24T12:46:12.6049589Z   ✓   94 test/e2e/company-cards.spec.ts:417:1 › #1190 the card carries no switch; the inbox lives on the teammate (391ms)
2026-08-24T12:46:12.8842272Z   ✓   95 test/e2e/company-cards.spec.ts:436:1 › #1141 bare #/team is the Company page now (271ms)
2026-08-24T12:46:13.4182276Z   ✓   96 test/e2e/company-cards.spec.ts:447:1 › #1141 a card opens a teammate, breadcrumbed and editable (526ms)
2026-08-24T12:46:13.7672838Z   ✓   97 test/e2e/company-cards.spec.ts:493:1 › #1433 switching teammates drops the previous one's open tasks (339ms)
2026-08-24T12:46:13.7674928Z   -   98 test/e2e/composio-account-choice.spec.ts:211:1 › an operator names the account, and the page says so
2026-08-24T12:46:13.7676881Z   -   99 test/e2e/composio-account-choice.spec.ts:356:3 › the agent acts as the chosen account › no id is sent until somebody chooses, and then it is theirs
2026-08-24T12:46:13.7678381Z   -  100 test/e2e/composio-provider-detail.spec.ts:179:1 › the panel names every account the company holds, and marks none of them
2026-08-24T12:46:13.7679721Z   -  101 test/e2e/composio-provider-detail.spec.ts:235:1 › an account Composio did not date says so rather than showing a blank
2026-08-24T12:46:13.7681179Z   -  102 test/e2e/composio-provider-detail.spec.ts:282:1 › usage is counted per provider, and an unmetered host reports no figure
2026-08-24T12:46:13.7682419Z   -  103 test/e2e/composio-provider-detail.spec.ts:314:1 › a disconnect addresses one account, and leaves the other connected
2026-08-24T12:46:13.7683727Z   -  104 test/e2e/composio-provider-detail.spec.ts:361:1 › a member is told what is connected and offered nothing that changes it
2026-08-24T12:46:14.2175704Z   ✓  105 test/e2e/connection-degrade.spec.ts:77:1 › a host that is down reddens its own row and leaves the others working (431ms)
2026-08-24T12:46:15.0816489Z   ✓  106 test/e2e/connection-degrade.spec.ts:123:1 › selecting the dead host shows its failure without disturbing the live one (850ms)
2026-08-24T12:46:15.5927715Z   ✓  107 test/e2e/connection-degrade.spec.ts:153:1 › the number row switches hosts, and leaves the browser alone past the last one (500ms)
2026-08-24T12:46:15.9993575Z   ✓  108 test/e2e/connection-degrade.spec.ts:189:1 › names the host it was told nothing about by the address it answers on (394ms)
2026-08-24T12:46:16.7840327Z   ✓  109 test/e2e/connections-authority.spec.ts:87:1 › a member sees what is connected but is offered nothing that changes it (776ms)
2026-08-24T12:46:17.4791009Z   ✓  110 test/e2e/connections-authority.spec.ts:144:1 › an admin is still offered every control across the three pages (688ms)
2026-08-24T12:46:18.1559924Z   ✓  111 test/e2e/connections-native-not-offered.spec.ts:75:1 › a provider the backend does not offer is no longer listed (666ms)
2026-08-24T12:46:18.9225745Z   ✓  112 test/e2e/connections-native-not-offered.spec.ts:93:1 › no Connect is offered anywhere on a host that cannot authorize one (759ms)
2026-08-24T12:46:19.6729084Z   ✓  113 test/e2e/connections-native-not-offered.spec.ts:106:1 › a provider already connected natively keeps its tile and its Disconnect (741ms)
2026-08-24T12:46:20.2918383Z   ✓  114 test/e2e/connections-native-not-offered.spec.ts:147:1 › a host with no catalog says why the grid is empty (609ms)
2026-08-24T12:46:21.0573191Z   ✓  115 test/e2e/connections-one-list.spec.ts:60:1 › a provider appears exactly once on the page (755ms)
2026-08-24T12:46:21.7395469Z   ✓  116 test/e2e/connections-one-list.spec.ts:74:1 › the page holds one provider grid, not two (674ms)
2026-08-24T12:46:22.3911690Z   ✓  117 test/e2e/connections-one-list.spec.ts:89:1 › no connect action is offered for an already-connected provider (643ms)
2026-08-24T12:46:22.7425468Z   ✓  118 test/e2e/desktop-connections.spec.ts:203:1 › a desktop opens on its embedded host, not on its own origin (336ms)
2026-08-24T12:46:23.1794173Z   ✓  119 test/e2e/desktop-connections.spec.ts:235:1 › a remembered host does not take the launch just by being older (428ms)
2026-08-24T12:46:25.1589864Z   ✓  120 test/e2e/desktop-connections.spec.ts:290:1 › a desktop waits for its own host rather than borrowing a remembered one (2.0s)
2026-08-24T12:46:25.5962965Z   ✓  121 test/e2e/desktop-connections.spec.ts:342:1 › a paired host on plain http is refused, and says why (428ms)
2026-08-24T12:46:26.0116849Z   ✓  122 test/e2e/desktop-connections.spec.ts:389:1 › an unencrypted host with no credential still connects (408ms)
2026-08-24T12:46:26.2614179Z   ✓  123 test/e2e/desktop-connections.spec.ts:427:1 › a desktop whose host did not start says so, and can still add one (239ms)
2026-08-24T12:46:26.7450844Z   ✓  124 test/e2e/desktop-embedded-identity.spec.ts:203:1 › a relaunch at a new port re-addresses the connection instead of adding one (471ms)
2026-08-24T12:46:26.9967697Z   ✓  125 test/e2e/desktop-embedded-identity.spec.ts:264:1 › the rows an older version left behind collapse on the next launch (242ms)
2026-08-24T12:46:27.5851420Z   ✓  126 test/e2e/desktop-local-instances.spec.ts:196:1 › a stopped instance is listed and startable, not a broken row (575ms)
2026-08-24T12:46:28.2144389Z   ✓  127 test/e2e/desktop-local-instances.spec.ts:217:1 › a host started here can be stopped again without losing the others (621ms)
2026-08-24T12:46:28.7826153Z   ✓  128 test/e2e/desktop-local-instances.spec.ts:241:1 › a second company can be created on this computer (560ms)
2026-08-24T12:46:29.6100366Z   ✓  129 test/e2e/desktop-local-instances.spec.ts:260:1 › a desktop-created company can be deleted after confirmation (820ms)
2026-08-24T12:46:30.1500934Z   ✓  130 test/e2e/desktop-local-instances.spec.ts:279:1 › the default desktop company cannot be deleted (533ms)
2026-08-24T12:46:31.3310206Z   ✓  131 test/e2e/dialog-accessibility.spec.ts:43:1 › the task dialog is modal and restores keyboard focus for every close path (1.2s)
2026-08-24T12:46:31.8988873Z   ✓  132 test/e2e/dialog-accessibility.spec.ts:70:1 › the mobile sidebar sheet is modal (559ms)
2026-08-24T12:46:32.5244275Z   ✓  133 test/e2e/dialog-accessibility.spec.ts:82:1 › the mobile sidebar sheet returns focus to its toggle, not to an earlier control (618ms)
2026-08-24T12:46:33.1934314Z   ✓  134 test/e2e/host-switch-history.spec.ts:85:1 › Back undoes a host switch instead of silently spending the other host's route (658ms)
2026-08-24T12:46:33.7997481Z   ✓  135 test/e2e/host-switch-history.spec.ts:123:1 › the working host's own route stack is intact after a trip through the failure (599ms)
2026-08-24T12:46:34.0269555Z   ✓  136 test/e2e/host-switch-history.spec.ts:157:1 › a copied address reopens the host it named, failure and all (216ms)
2026-08-24T12:46:34.4299693Z   ✓  137 test/e2e/host-switch-history.spec.ts:167:1 › a host that cannot be reached can be forgotten from the failure itself (394ms)
2026-08-24T12:46:35.3127031Z   ✓  138 test/e2e/inbox.spec.ts:48:1 › Inbox is reachable, explains that it is parked, and reads the host's per-agent store (874ms)
2026-08-24T12:46:36.2795993Z   ✓  139 test/e2e/inference.spec.ts:52:1 › a key typed for a BYOK provider is not discarded by switching to managed (955ms)
2026-08-24T12:46:37.2641815Z   ✓  140 test/e2e/inference.spec.ts:93:1 › a key typed for a BYOK provider does reach the host on save (977ms)
2026-08-24T12:46:38.4470322Z   ✓  141 test/e2e/inference.spec.ts:139:1 › changing provider asks before replacing a typed endpoint or model (1.2s)
2026-08-24T12:46:38.8144709Z   ✓  142 test/e2e/ledger-list-row.spec.ts:18:1 › a list row leads with its title and shows one readable status (354ms)
2026-08-24T12:46:39.1412515Z   ✓  143 test/e2e/lifecycle-platform-scope.spec.ts:37:1 › the lifecycle card offers pause, withholds suspend and archive, and says why (315ms)
2026-08-24T12:46:39.2218676Z   ✓  144 test/e2e/lifecycle-platform-scope.spec.ts:61:1 › the host really does refuse suspend and archive to this session (71ms)
2026-08-24T12:46:39.5589550Z   ✓  145 test/e2e/list-switcher.spec.ts:56:1 › Work is one nav row, landing on Tasks by default with the title as the switcher (326ms)
2026-08-24T12:46:40.0449706Z   ✓  146 test/e2e/list-switcher.spec.ts:74:1 › opening the switcher lists every list, current one marked, with open counts (477ms)
2026-08-24T12:46:40.6472639Z   ✓  147 test/e2e/list-switcher.spec.ts:88:1 › selecting a list from the switcher swaps the page and updates the address (595ms)
2026-08-24T12:46:41.1822231Z   ✓  148 test/e2e/list-switcher.spec.ts:102:1 › a deep link to a non-default list opens that list directly, and the back button returns (527ms)
2026-08-24T12:46:41.4927063Z   ✓  149 test/e2e/list-switcher.spec.ts:119:1 › #/tasks/<id> still opens the card detail page, untouched by the switcher (302ms)
2026-08-24T12:46:42.2212529Z   ✓  150 test/e2e/list-switcher.spec.ts:135:1 › Manage lists opens from the switcher, in Work — not Company (721ms)
2026-08-24T12:46:42.8168441Z   ✓  151 test/e2e/list-switcher.spec.ts:153:1 › New list opens the declare wizard in place, over the current list (586ms)
2026-08-24T12:46:43.3138366Z   ✓  152 test/e2e/list-switcher.spec.ts:167:1 › the browser Back button closes the in-place wizard rather than skipping past it (486ms)
2026-08-24T12:46:43.7291699Z   ✓  153 test/e2e/list-switcher.spec.ts:186:1 › counts show zero, not nothing, so a zero never reads as missing information (406ms)
2026-08-24T12:46:44.2740984Z   ✓  154 test/e2e/list-switcher.spec.ts:198:1 › an unknown or retired list's address recovers through the same switcher (536ms)
2026-08-24T12:46:44.4808443Z   ✓  155 test/e2e/login-centred.spec.ts:61:3 › the sign-in composition is centred below the header at 1440x900 (195ms)
2026-08-24T12:46:44.6760009Z   ✓  156 test/e2e/login-centred.spec.ts:61:3 › the sign-in composition is centred below the header at 1100x900 (190ms)
2026-08-24T12:46:45.0128039Z   ✓  157 test/e2e/login-centred.spec.ts:103:1 › centring holds as the card changes height (331ms)
2026-08-24T12:46:45.2628970Z   ✓  158 test/e2e/login-centred.spec.ts:144:3 › the wallet-mode card is centred below the header (243ms)
2026-08-24T12:46:45.4843354Z   ✓  159 test/e2e/login-centred.spec.ts:144:3 › the none-mode card is centred below the header (212ms)
2026-08-24T12:46:45.7368130Z   ✓  160 test/e2e/login-centred.spec.ts:169:1 › a viewport too short for the card scrolls rather than clipping it (249ms)
2026-08-24T12:46:46.1260742Z   ✓  161 test/e2e/login-resend.spec.ts:41:1 › the sent card offers a throttled resend, and nothing around it contradicts it (379ms)
2026-08-24T12:46:46.6169019Z   ✓  162 test/e2e/manage-hosts.spec.ts:83:1 › every connected host is listed with what can be done to it (481ms)
2026-08-24T12:46:47.1634295Z   ✓  163 test/e2e/manage-hosts.spec.ts:98:1 › renaming a host keeps everything the console remembers about it (539ms)
2026-08-24T12:46:47.7129660Z   ✓  164 test/e2e/manage-hosts.spec.ts:119:1 › a host that moved is re-addressed under the id it already had (540ms)
2026-08-24T12:46:48.2177819Z   ✓  165 test/e2e/manage-hosts.spec.ts:138:1 › moving a host onto one this console already holds is refused (496ms)
2026-08-24T12:46:48.7318395Z   ✓  166 test/e2e/manage-hosts.spec.ts:156:1 › an address with no scheme is refused rather than saved (506ms)
2026-08-24T12:46:49.4317755Z   ✓  167 test/e2e/manage-hosts.spec.ts:171:1 › forgetting a host drops it from the roster and from storage (690ms)
2026-08-24T12:46:50.7655920Z   ✓  168 test/e2e/manage-lists-wizard.spec.ts:55:1 › the wizard declares a real list from Manage Lists, which appears in the switcher (1.3s)
2026-08-24T12:46:52.2638731Z   ✓  169 test/e2e/manage-lists-wizard.spec.ts:112:1 › retiring a declared list asks before it deletes, then removes it everywhere (1.5s)
2026-08-24T12:46:52.8450636Z   ✓  170 test/e2e/manage-lists-wizard.spec.ts:191:1 › a managed list row opens that list (574ms)
2026-08-24T12:46:52.8451926Z   -  171 test/e2e/mcp-agent.spec.ts:85:1 › an agent calls a tool on a registered MCP server and shows the result
2026-08-24T12:46:53.4290516Z   ✓  172 test/e2e/mcp.spec.ts:47:1 › Settings MCP lists the company's servers instead of crashing on open (570ms)
2026-08-24T12:46:54.1520789Z   ✓  173 test/e2e/mcp.spec.ts:81:1 › a server opens into the panel a Composio provider opens into (712ms)
2026-08-24T12:46:54.9257576Z   ✓  174 test/e2e/mcp.spec.ts:132:1 › an admin adds and removes a runtime MCP server (765ms)
2026-08-24T12:46:55.8113660Z   ✓  175 test/e2e/mcp.spec.ts:181:1 › mcp.json shows the same servers the rows do, and saves an edit back (877ms)
2026-08-24T12:46:56.4706834Z   ✓  176 test/e2e/oauth-onboarding-resume.spec.ts:48:1 › a legacy hash callback lands on the OAuth page with its cancellation message (647ms)
2026-08-24T12:46:57.2383838Z   ✓  177 test/e2e/oauth-onboarding-resume.spec.ts:86:1 › an unknown failure code still produces a usable message (760ms)
2026-08-24T12:46:57.9772208Z   ✓  178 test/e2e/oauth-onboarding-resume.spec.ts:94:1 › the tour resumes on the accounts stop after a redirect (731ms)
2026-08-24T12:46:58.6143001Z   ✓  179 test/e2e/oauth-onboarding-resume.spec.ts:140:1 › a stale resume marker does not hijack a later visit (630ms)
2026-08-24T12:46:58.6879988Z   -  180 test/e2e/orchestration-simulation.spec.ts:97:1 › a goal becomes delegated cards, the team works them, and review closes them
2026-08-24T12:46:59.0995662Z   ✓  181 test/e2e/org-tree.spec.ts:358:1 › #311 the org chart is reachable, which it was not before (396ms)
2026-08-24T12:46:59.4331802Z   ✓  182 test/e2e/org-tree.spec.ts:397:1 › #311 the chart is three levels and never a fourth (324ms)
2026-08-24T12:46:59.7653484Z   ✓  183 test/e2e/org-tree.spec.ts:422:1 › #311 the lead is the desk's first member, badged (323ms)
2026-08-24T12:47:00.7166691Z   ✓  184 test/e2e/org-tree.spec.ts:443:1 › #311 a desk can be created from the chart and survives a reload (943ms)
2026-08-24T12:47:01.7158873Z   ✓  185 test/e2e/org-tree.spec.ts:473:1 › #311 membership can be edited from the chart and survives a reload (992ms)
2026-08-24T12:47:02.7000028Z   ✓  186 test/e2e/org-tree.spec.ts:519:1 › #839 creates a teammate on a selected desk and persists it (972ms)
2026-08-24T12:47:03.4067152Z   ✓  187 test/e2e/org-tree.spec.ts:556:1 › #839 creates a teammate with no desk as unplaced (698ms)
2026-08-24T12:47:04.0850871Z   ✓  188 test/e2e/org-tree.spec.ts:578:1 › #839 refuses a company-page teammate add when the host has no team write plane (666ms)
2026-08-24T12:47:04.8407141Z   ✓  189 test/e2e/org-tree.spec.ts:595:1 › #1099 a teammate added from the company page is confirmed by name (744ms)
2026-08-24T12:47:05.4755461Z   ✓  190 test/e2e/org-tree.spec.ts:616:1 › #1099 a teammate the chart cannot read back is not confirmed as added (626ms)
2026-08-24T12:47:06.0327050Z   ✓  191 test/e2e/org-tree.spec.ts:649:1 › #311 the lead can be changed from the chart and survives a reload (547ms)
2026-08-24T12:47:07.2720622Z   ✓  192 test/e2e/org-tree.spec.ts:683:1 › a desk offers one add control, and it stays usable when the roster is exhausted (1.2s)
2026-08-24T12:47:08.1691918Z   ✓  193 test/e2e/org-tree.spec.ts:719:1 › #839 a teammate created but not placed is still on the chart to place by hand (886ms)
2026-08-24T12:47:08.7982264Z   ✓  194 test/e2e/org-tree.spec.ts:766:1 › #839 dragging a seat reorders the desk and persists the new lead (621ms)
2026-08-24T12:47:09.4337104Z   ✓  195 test/e2e/org-tree.spec.ts:797:1 › #1227 dragging a seat across desks moves it, and persists (622ms)
2026-08-24T12:47:10.0329775Z   ✓  196 test/e2e/org-tree.spec.ts:845:1 › #1227 dragging a blueprint seat across desks is refused, visibly (590ms)
2026-08-24T12:47:10.6342660Z   ✓  197 test/e2e/org-tree.spec.ts:888:1 › #311 blueprint structure offers no control the host would refuse (591ms)
2026-08-24T12:47:10.9583571Z   ✓  198 test/e2e/org-tree.spec.ts:933:1 › #485 #/company/<deskId> lands on that desk, not just on the chart (315ms)
2026-08-24T12:47:11.3828314Z   ✓  199 test/e2e/org-tree.spec.ts:961:1 › #485 a desk id the chart doesn't have is a silent no-op (413ms)
2026-08-24T12:47:11.7336043Z   ✓  200 test/e2e/org-tree.spec.ts:992:1 › #485 following the same desk link twice still lands on it (343ms)
2026-08-24T12:47:12.0504276Z   ✓  201 test/e2e/org-tree.spec.ts:1030:1 › #485 a stale id does not leave the previous desk wearing the ring (308ms)
2026-08-24T12:47:12.8586789Z   ✓  202 test/e2e/org-tree.spec.ts:1052:1 › #485 a membership edit on the chart is there when you get back to chat (797ms)
2026-08-24T12:47:13.1803550Z   ✓  203 test/e2e/org-tree.spec.ts:1095:1 › #311 a seat naming nobody on the roster is shown, not hidden (314ms)
2026-08-24T12:47:13.6540067Z   ✓  204 test/e2e/org-tree.spec.ts:1114:1 › #1102 a teammate on the chart opens their detail page (464ms)
2026-08-24T12:47:13.9650654Z   ✓  205 test/e2e/org-tree.spec.ts:1149:1 › #1102 a seat naming nobody on the roster is not offered as a link (301ms)
2026-08-24T12:47:14.3752292Z   ✓  206 test/e2e/overview-responsive-chrome.spec.ts:26:3 › keeps graph chrome reachable at 390px (399ms)
2026-08-24T12:47:14.8856537Z   ✓  207 test/e2e/overview-responsive-chrome.spec.ts:26:3 › keeps graph chrome reachable at 768px (501ms)
2026-08-24T12:47:15.1931563Z   ✓  208 test/e2e/page-headings.spec.ts:28:3 › the Brain route has one level-one heading (295ms)
2026-08-24T12:47:15.4758274Z   ✓  209 test/e2e/page-headings.spec.ts:28:3 › the Feedback route has one level-one heading (274ms)
2026-08-24T12:47:15.7384350Z   ✓  210 test/e2e/page-headings.spec.ts:28:3 › the Inbox route has one level-one heading (253ms)
2026-08-24T12:47:16.1147795Z   ✓  211 test/e2e/page-headings.spec.ts:28:3 › the Finances route has one level-one heading (368ms)
2026-08-24T12:47:16.4171630Z   ✓  212 test/e2e/page-headings.spec.ts:28:3 › the Conversation route has one level-one heading (292ms)
2026-08-24T12:47:16.6242045Z [page console] debug: [events] connecting {url: /api/v1/companies/e2e-harness-co/events}
2026-08-24T12:47:16.6393096Z [page console] debug: [events] connected {url: /api/v1/companies/e2e-harness-co/events}
2026-08-24T12:47:16.9911547Z   ✓  213 test/e2e/pages-render.spec.ts:25:1 › an agent-authored page bundle loads and paints in its sandboxed iframe (560ms)
2026-08-24T12:47:17.7679912Z   ✓  214 test/e2e/people-invite.spec.ts:77:1 › a host that cannot send email says so instead of reporting success (764ms)
2026-08-24T12:47:18.4549646Z   ✓  215 test/e2e/people-invite.spec.ts:113:1 › a delivered invite is reported as emailed, and the roster says so (674ms)
2026-08-24T12:47:18.7984996Z   ✓  216 test/e2e/shell-scrollbars.spec.ts:79:1 › scroll panes are styled by the console, not by the platform (330ms)
2026-08-24T12:47:19.9701916Z   ✓  217 test/e2e/shell-scrollbars.spec.ts:152:1 › scrolling marks the pane that moved, and only until it settles (1.2s)
2026-08-24T12:47:20.3097710Z   ✓  218 test/e2e/shell-two-layer.spec.ts:115:3 › the shell is chrome plus one inset card, with no seam (light) (318ms)
2026-08-24T12:47:20.6349918Z   ✓  219 test/e2e/shell-two-layer.spec.ts:136:3 › the content card is inset on all four sides and rounded (light) (312ms)
2026-08-24T12:47:21.0874038Z   ✓  220 test/e2e/shell-two-layer.spec.ts:165:3 › the knowledge graph fills the card without spilling out of it (light) (443ms)
2026-08-24T12:47:21.4187569Z   ✓  221 test/e2e/shell-two-layer.spec.ts:115:3 › the shell is chrome plus one inset card, with no seam (dark) (322ms)
2026-08-24T12:47:21.7387645Z   ✓  222 test/e2e/shell-two-layer.spec.ts:136:3 › the content card is inset on all four sides and rounded (dark) (312ms)
2026-08-24T12:47:22.2126559Z   ✓  223 test/e2e/shell-two-layer.spec.ts:165:3 › the knowledge graph fills the card without spilling out of it (dark) (463ms)
2026-08-24T12:47:22.6165159Z   ✓  224 test/e2e/shell-two-layer.spec.ts:204:1 › the workflow canvas fills the card and keeps its minimap inside it (396ms)
2026-08-24T12:47:23.0365134Z   ✓  225 test/e2e/sidebar-host-switcher.spec.ts:34:1 › the sidebar owns the left edge, and its header switches hosts (409ms)
2026-08-24T12:47:23.6640384Z   ✓  226 test/e2e/sidebar-toggle-reachable.spec.ts:54:3 › sidebar toggle reachability › the mobile sheet has an in-viewport way back (614ms)
2026-08-24T12:47:24.7741036Z   ✓  227 test/e2e/sidebar-toggle-reachable.spec.ts:65:3 › sidebar toggle reachability › the mobile sheet closes after selecting a destination (1.1s)
2026-08-24T12:47:25.3692541Z   ✓  228 test/e2e/sidebar-toggle-reachable.spec.ts:80:3 › sidebar toggle reachability › Escape closes the mobile sheet after focus moves inside it (588ms)
2026-08-24T12:47:26.0868946Z   ✓  229 test/e2e/sidebar-toggle-reachable.spec.ts:95:3 › sidebar toggle reachability › the mobile trigger does not overlap scrollable page content (710ms)
2026-08-24T12:47:27.1650193Z   ✓  230 test/e2e/sidebar-toggle-reachable.spec.ts:145:3 › sidebar toggle reachability › the inline sidebar's collapse control is a named, keyboard-operable header button (1.1s)
2026-08-24T12:47:27.8256138Z   ✓  231 test/e2e/skills-registry.spec.ts:36:1 › registry tab lists the live server registry, not a hardcoded array (650ms)
2026-08-24T12:47:28.6362907Z   ✓  232 test/e2e/skills-registry.spec.ts:77:1 › installing from the registry lands a skill the host can serve (802ms)
2026-08-24T12:47:29.3330796Z   ✓  233 test/e2e/styleguide-navigation.spec.ts:3:1 › the standalone styleguide keeps theme controls and console navigation available (686ms)
2026-08-24T12:47:45.8072516Z   ✓  234 test/e2e/team-budget-edit.spec.ts:71:1 › an admin can cap a teammate the company left uncapped, and reset it back (16.5s)
2026-08-24T12:47:47.4872394Z   ✓  235 test/e2e/team-budget-edit.spec.ts:118:1 › an admin can change a company-set cap, remove it, and reset it back (1.7s)
2026-08-24T12:47:48.0085428Z   ✓  236 test/e2e/team-budget.spec.ts:29:1 › the Team page shows a capped teammate's daily budget and omits it for uncapped ones (508ms)
2026-08-24T12:47:48.3479375Z   ✓  237 test/e2e/team-desks.spec.ts:106:1 › #1440 teammates on a desk show the desk's name on the card (327ms)
2026-08-24T12:47:48.6463416Z   ✓  238 test/e2e/team-desks.spec.ts:119:1 › #1440 a teammate on no desk says so on the card (291ms)
2026-08-24T12:47:48.9477986Z   ✓  239 test/e2e/team-desks.spec.ts:131:1 › #1440 a desk member who is not the lead carries no marker (293ms)
2026-08-24T12:47:49.2968802Z   ✓  240 test/e2e/team-desks.spec.ts:144:1 › #1440 clicking a desk chip navigates to its own address (341ms)
2026-08-24T12:47:49.6805324Z   ✓  241 test/e2e/team-desks.spec.ts:160:1 › #1391 the teammate action is a focused title button, not an interactive card (376ms)
2026-08-24T12:47:50.0062010Z   ✓  242 test/e2e/theme-toggle-visible.spec.ts:109:3 › theme switch shows a glyph inside its button on scrolled Settings (dark) (314ms)
2026-08-24T12:47:50.3317598Z   ✓  243 test/e2e/theme-toggle-visible.spec.ts:109:3 › theme switch shows a glyph inside its button on scrolled Settings (light) (314ms)
2026-08-24T12:47:50.8865563Z   ✓  244 test/e2e/theme-toggle-visible.spec.ts:131:1 › the theme menu opens over the trigger and switches the theme (546ms)
2026-08-24T12:47:55.9002954Z   ✓  245 test/e2e/toast-dismissal.spec.ts:64:1 › the tour toast dismisses itself (5.0s)
2026-08-24T12:48:02.9659210Z   ✓  246 test/e2e/toast-dismissal.spec.ts:72:1 › a toast cannot be pinned open by sonner's expand hotkey (7.1s)
2026-08-24T12:48:10.0134553Z   ✓  247 test/e2e/toast-dismissal.spec.ts:84:1 › a toast does not follow the operator across views (7.0s)
2026-08-24T12:48:21.9991830Z   ✓  248 test/e2e/toast-dismissal.spec.ts:99:1 › hovering a toast still holds it open to be read (12.0s)
2026-08-24T12:48:25.3002614Z   ✓  249 test/e2e/tour-completion-persists.spec.ts:134:1 › completing the tour is remembered across a reload (3.3s)
2026-08-24T12:48:27.0074024Z   ✓  250 test/e2e/tour-completion-persists.spec.ts:156:1 › skipping from inside a running tour is remembered across a reload (1.7s)
2026-08-24T12:48:27.7218985Z   ✓  251 test/e2e/tour-completion-persists.spec.ts:183:1 › refusing the tour before it starts is remembered across a reload (706ms)
2026-08-24T12:48:31.3136015Z   ✓  252 test/e2e/tour-popover-in-viewport.spec.ts:67:3 › every tour stop's card is inside a 1512x772 viewport (3.6s)
2026-08-24T12:48:34.8446612Z   ✓  253 test/e2e/tour-popover-in-viewport.spec.ts:67:3 › every tour stop's card is inside a 1280x800 viewport (3.5s)
2026-08-24T12:48:34.8447659Z   -  254 test/e2e/wiring.spec.ts:44:1 › operator console renders a mocked backend reply end to end
2026-08-24T12:48:36.2217791Z   ✓  255 test/e2e/workflow-canvas-escape.spec.ts:52:1 › Escape closes the node inspector and restores the canvas (1.4s)
2026-08-24T12:48:37.0551404Z   ✓  256 test/e2e/workflow-canvas-escape.spec.ts:73:1 › Escape closes the copilot and does nothing once canvas overlays are gone (823ms)
2026-08-24T12:48:38.0382614Z   ✓  257 test/e2e/workflow-canvas-escape.spec.ts:91:1 › the copilot leads with its purpose and mutes the unavailable composer (975ms)
2026-08-24T12:48:38.8346199Z   ✓  258 test/e2e/workflow-canvas-fit.spec.ts:86:3 › at 1440px a ten-node pipeline opens legible and at its start (785ms)
2026-08-24T12:48:39.6295849Z   ✓  259 test/e2e/workflow-canvas-fit.spec.ts:86:3 › at 1100px a ten-node pipeline opens legible and at its start (783ms)
2026-08-24T12:48:40.3903623Z   ✓  260 test/e2e/workflow-canvas-fit.spec.ts:122:1 › a short workflow still fits whole, untouched (752ms)
2026-08-24T12:48:41.4045253Z   ✓  261 test/e2e/workflow-canvas-fit.spec.ts:138:1 › Zoom Out still reaches below the fit floor (#1261) (1.0s)
2026-08-24T12:48:41.4048367Z   -  262 test/e2e/workflow-canvas-live.spec.ts:140:3 › workflow canvas during a live run › a console watching from the start sees each node light up (#863)
2026-08-24T12:48:41.4050175Z   -  263 test/e2e/workflow-canvas-live.spec.ts:184:3 › workflow canvas during a live run › a console that opens mid-run still paints the trail so far (#863)
2026-08-24T12:48:42.2213429Z   ✓  264 test/e2e/workflow-create-affordance.spec.ts:44:1 › one control answers to 'New workflow', and clicking it opens the dialog (806ms)
2026-08-24T12:48:43.1141951Z   ✓  265 test/e2e/workflow-create-affordance.spec.ts:59:1 › the empty state's call to action is reachable and distinctly named (885ms)
2026-08-24T12:48:43.7583167Z   ✓  266 test/e2e/workflow-create-affordance.spec.ts:97:1 › the empty state gives a first-time author an on-ramp, not just a button (#813) (635ms)
2026-08-24T12:48:45.1435032Z   ✓  267 test/e2e/workflow-dialog-feedback.spec.ts:79:1 › a bad email target is reported on blur, and typing again clears it (1.4s)
2026-08-24T12:48:46.5543948Z   ✓  268 test/e2e/workflow-dialog-feedback.spec.ts:111:1 › an empty field is never nagged on blur — that stays submit's business (1.4s)
2026-08-24T12:48:48.3750396Z   ✓  269 test/e2e/workflow-dialog-feedback.spec.ts:125:1 › changing a node's kind clears the field AND its error, leaving no orphan (1.8s)
2026-08-24T12:48:51.1294313Z   ✓  270 test/e2e/workflow-dialog-feedback.spec.ts:160:1 › a cron expression is read back in plain English, in UTC and local time (2.7s)
2026-08-24T12:48:52.9578065Z   ✓  271 test/e2e/workflow-dialog-feedback.spec.ts:191:1 › a schedule the humaniser won't paraphrase still previews its next runs (1.8s)
2026-08-24T12:48:54.9263385Z   ✓  272 test/e2e/workflow-dialog-feedback.spec.ts:204:1 › garbage in the cron field previews the parser's message without blocking (2.0s)
2026-08-24T12:48:58.8613980Z   ✓  273 test/e2e/workflow-dialog-feedback.spec.ts:241:1 › a condition's branches are picked, not typed, and the host checks the graph (#1074) (3.9s)
2026-08-24T12:49:01.7126819Z   ✓  274 test/e2e/workflow-dialog-feedback.spec.ts:321:1 › the host's refusal of an unreachable node arrives before Create (#1074) (2.8s)
2026-08-24T12:49:05.0802657Z   ✓  275 test/e2e/workflow-dialog-feedback.spec.ts:360:1 › a valid workflow still saves (3.4s)
2026-08-24T12:49:06.1614606Z   ✓  276 test/e2e/workflow-dialog-feedback.spec.ts:405:1 › a new scheduled workflow discloses that it starts paused (#813) (1.1s)
2026-08-24T12:49:07.2556941Z   ✓  277 test/e2e/workflow-dialog-feedback.spec.ts:426:1 › the collapsed destination shows a label, never the raw __none__ sentinel (#813) (1.1s)
2026-08-24T12:49:08.5305616Z   ✓  278 test/e2e/workflow-dialog-feedback.spec.ts:445:1 › the channel destination is a picker of wired channels, not free text (#813) (1.3s)
2026-08-24T12:49:09.6003616Z   ✓  279 test/e2e/workflow-dialog-feedback.spec.ts:470:1 › submitting with an empty id surfaces the validation message on-screen (#813) (1.1s)
2026-08-24T12:49:10.4454293Z   ✓  280 test/e2e/workflow-edit-delete.spec.ts:191:1 › a source-defined workflow cannot be deleted, and the console says why (832ms)
2026-08-24T12:49:11.7599902Z   ✓  281 test/e2e/workflow-edit-delete.spec.ts:210:1 › deleting is confirm-gated, and the confirmation says what goes and what stays (1.3s)
2026-08-24T12:49:12.9772204Z   ✓  282 test/e2e/workflow-edit-delete.spec.ts:245:1 › confirming the delete returns to the index, and removes it from the host (1.2s)
2026-08-24T12:49:14.5437728Z   ✓  283 test/e2e/workflow-edit-delete.spec.ts:293:1 › a version conflict surfaces distinctly with a way out, and deletes nothing (1.6s)
2026-08-24T12:49:15.2793189Z   ✓  284 test/e2e/workflow-edit-delete.spec.ts:355:1 › a source-defined workflow offers no Edit, with the same explanation Delete gives (728ms)
2026-08-24T12:49:16.8285991Z   ✓  285 test/e2e/workflow-edit-delete.spec.ts:375:1 › an author can change a saved workflow's schedule, and the id is read-only (1.5s)
2026-08-24T12:49:19.2279226Z   ✓  286 test/e2e/workflow-edit-delete.spec.ts:438:1 › a stale save surfaces the conflict banner and writes nothing (2.4s)
2026-08-24T12:49:21.0693790Z   ✓  287 test/e2e/workflow-edit-delete.spec.ts:502:1 › a field error raised on one graph never appears on another (1.8s)
2026-08-24T12:49:21.6458811Z   ✓  288 test/e2e/workflow-inline-approval.spec.ts:187:1 › a run's parked card is decidable in the run window, and only that run's (551ms)
2026-08-24T12:49:21.9948014Z   ✓  289 test/e2e/workflow-inline-approval.spec.ts:211:1 › the Approvals page still shows everything, including the run's card (340ms)
2026-08-24T12:49:22.6126709Z   ✓  290 test/e2e/workflow-inline-approval.spec.ts:222:1 › deciding in the run window sends one ordinary resolve, on that card's own id (609ms)
2026-08-24T12:49:28.0268484Z   ✓  291 test/e2e/workflow-inline-approval.spec.ts:246:1 › a decision made on the Approvals page settles the run window, with no reload (5.4s)
2026-08-24T12:49:28.6716926Z   ✓  292 test/e2e/workflow-list-columns.spec.ts:151:1 › every column of the list shares one vertical edge (631ms)
2026-08-24T12:49:29.2727305Z   ✓  293 test/e2e/workflow-list-columns.spec.ts:190:1 › the description is the column that yields when the list narrows (593ms)
2026-08-24T12:49:30.1107602Z   ✓  294 test/e2e/workflow-live-list.spec.ts:163:1 › a workflow authored elsewhere reaches the list, with no reload (826ms)
2026-08-24T12:49:30.9444337Z   ✓  295 test/e2e/workflow-live-list.spec.ts:197:1 › a workflow renamed elsewhere renames on screen, with no reload (827ms)
2026-08-24T12:49:31.8606236Z   ✓  296 test/e2e/workflow-live-list.spec.ts:237:1 › deleting the workflow on screen elsewhere returns to the list, and takes it out of the list (906ms)
2026-08-24T12:49:32.7111438Z   ✓  297 test/e2e/workflow-live-list.spec.ts:287:1 › a delete elsewhere corrects the URL in place, without pushing history (841ms)
2026-08-24T12:49:45.2095606Z   ✓  298 test/e2e/workflow-node-config.spec.ts:54:1 › authoring a tool_call node's config through the form round-trips to the host (12.5s)
2026-08-24T12:49:46.4066245Z   ✓  299 test/e2e/workflow-node-inspector-reveal.spec.ts:112:3 › at 1440px the inspector pans its node out from under itself (1.2s)
2026-08-24T12:49:47.5994560Z   ✓  300 test/e2e/workflow-node-inspector-reveal.spec.ts:112:3 › at 1024px the inspector pans its node out from under itself (1.2s)
2026-08-24T12:49:49.0677755Z   ✓  301 test/e2e/workflow-node-inspector-reveal.spec.ts:142:1 › closing the inspector puts the canvas back where it was (1.5s)
2026-08-24T12:49:49.9273358Z   ✓  302 test/e2e/workflow-node-inspector-reveal.spec.ts:171:1 › a node nowhere near the panel does not move the canvas at all (851ms)
2026-08-24T12:49:50.7755807Z   ✓  303 test/e2e/workflow-node-inspector-reveal.spec.ts:202:1 › with reduced motion the reveal is a cut, and still clears the panel both ways (840ms)
2026-08-24T12:49:51.6834236Z   ✓  304 test/e2e/workflow-node-inspector-reveal.spec.ts:240:1 › a pan of the operator's own outlives the inspector (900ms)
2026-08-24T12:49:52.4865966Z   ✓  305 test/e2e/workflow-run-history-rail.spec.ts:66:1 › at xl the run history is a left rail, and the canvas keeps its width (791ms)
2026-08-24T12:49:53.2580179Z   ✓  306 test/e2e/workflow-run-history-rail.spec.ts:100:1 › below xl the run history falls back to a strip under the canvas (765ms)
2026-08-24T12:49:54.1814670Z   ✓  307 test/e2e/workflow-run-history-rail.spec.ts:126:1 › the index carries no run chrome, and leaving a workflow takes the rail with it (916ms)
2026-08-24T12:49:54.8939308Z   ✓  308 test/e2e/workflow-run-history.spec.ts:75:1 › the console asks the host for the selected workflow's runs, not the whole company's (701ms)
2026-08-24T12:49:55.7607894Z   ✓  309 test/e2e/workflow-run-history.spec.ts:111:1 › the run-history panel opens and shows only the selected workflow's runs (860ms)
2026-08-24T12:49:55.8328913Z   -  310 test/e2e/workflow-run-history.spec.ts:137:1 › running a workflow adds it to the durable history and it survives a reload
2026-08-24T12:49:56.7286132Z   ✓  311 test/e2e/workflow-run-inference.spec.ts:45:1 › a run refused for a missing inference provider shows a persistent, linked banner (886ms)
2026-08-24T12:49:56.8169763Z   -  312 test/e2e/workflow-run-result-rail.spec.ts:52:1 › at xl the run result is a right rail, and the canvas keeps a usable width
2026-08-24T12:49:56.8985305Z   -  313 test/e2e/workflow-run-result-rail.spec.ts:84:1 › below xl the run result falls back to a strip under the canvas
2026-08-24T12:49:56.9649727Z   -  314 test/e2e/workflow-run-result-rail.spec.ts:111:1 › both rails open at once: history left, run result right, canvas squeezed but usable
2026-08-24T12:49:57.0475329Z   -  315 test/e2e/workflow-run-result.spec.ts:50:1 › running a workflow shows its per-node output in the result drawer
2026-08-24T12:49:58.2490035Z   ✓  316 test/e2e/workflow-run-with-input.spec.ts:86:3 › running a workflow on a specific input (#1204) › the field is off the toolbar and behind the second half of Run (1.2s)
2026-08-24T12:49:59.5304840Z   ✓  317 test/e2e/workflow-run-with-input.spec.ts:107:3 › running a workflow on a specific input (#1204) › what is typed reaches the host as the run's trigger input (1.3s)
2026-08-24T12:50:00.7954212Z   ✓  318 test/e2e/workflow-run-with-input.spec.ts:134:3 › running a workflow on a specific input (#1204) › the toolbar's Run still runs with no input, draft or not (1.3s)
2026-08-24T12:50:01.8427314Z   ✓  319 test/e2e/workflow-selection-persists.spec.ts:129:1 › workflows tab selection is preserved across tab switches (#864) (1.0s)
2026-08-24T12:50:02.4880199Z   ✓  320 test/e2e/workflow-selection-persists.spec.ts:166:1 › a company switch does not reuse the previous company's workflow route (#864) (636ms)
2026-08-24T12:50:03.5113439Z   ✓  321 test/e2e/workflow-toolbar-reachable.spec.ts:198:5 › workflows toolbar reachability (#824) › every detail toolbar control is inside the viewport at 1280px (1.0s)
2026-08-24T12:50:04.2798448Z   ✓  322 test/e2e/workflow-toolbar-reachable.spec.ts:233:5 › workflows toolbar reachability (#824) › every index toolbar control is inside the viewport at 1280px (758ms)
2026-08-24T12:50:05.2414227Z   ✓  323 test/e2e/workflow-toolbar-reachable.spec.ts:198:5 › workflows toolbar reachability (#824) › every detail toolbar control is inside the viewport at 1024px (951ms)
2026-08-24T12:50:05.9916082Z   ✓  324 test/e2e/workflow-toolbar-reachable.spec.ts:233:5 › workflows toolbar reachability (#824) › every index toolbar control is inside the viewport at 1024px (741ms)
2026-08-24T12:50:06.9336550Z   ✓  325 test/e2e/workflow-toolbar-reachable.spec.ts:252:3 › workflows toolbar reachability (#824) › New workflow can actually be clicked, not merely rendered (931ms)
2026-08-24T12:50:08.9253172Z   ✓  326 test/e2e/workspace.spec.ts:74:1 › the Workspace tab reads and writes the host's store, not localStorage (2.0s)
2026-08-24T12:50:24.9264748Z   ✓  327 test/e2e/workspace.spec.ts:171:1 › the retired local scratchpad is offered for import, its seed discarded (16.0s)
2026-08-24T12:50:24.9736592Z 
2026-08-24T12:50:24.9755536Z 
2026-08-24T12:50:24.9756940Z   1) test/e2e/chat-detached-post-failure.spec.ts:79:1 › a chat POST killed in flight still shows the reply the host went on to write 
2026-08-24T12:50:24.9757576Z 
2026-08-24T12:50:24.9757787Z     Error: expect(locator).toBeVisible() failed
2026-08-24T12:50:24.9758063Z 
2026-08-24T12:50:24.9758486Z     Locator: locator('article[data-message-id]').filter({ hasText: 'You said: cut-1787575417464' })
2026-08-24T12:50:24.9759065Z     Expected: visible
2026-08-24T12:50:24.9759352Z     Timeout: 60000ms
2026-08-24T12:50:24.9759676Z     Error: element(s) not found
2026-08-24T12:50:24.9759885Z 
2026-08-24T12:50:24.9759993Z     Call log:
2026-08-24T12:50:24.9760326Z       - Expect "toBeVisible" with timeout 60000ms
2026-08-24T12:50:24.9760905Z       - waiting for locator('article[data-message-id]').filter({ hasText: 'You said: cut-1787575417464' })
2026-08-24T12:50:24.9761412Z 
2026-08-24T12:50:24.9761417Z 
2026-08-24T12:50:24.9761652Z       163 |   // millisecond answer, and the reply either appears in that window (proving
2026-08-24T12:50:24.9762458Z       164 |   // the release) or the test fails all the same — the wait is slack, not grace.
2026-08-24T12:50:24.9762906Z     > 165 |   await expect(reply(page, marker)).toBeVisible({ timeout: 60_000 });
2026-08-24T12:50:24.9763247Z           |                                     ^
2026-08-24T12:50:24.9763534Z       166 |   await expect(reply(page, marker)).toHaveCount(1);
2026-08-24T12:50:24.9763787Z       167 |
2026-08-24T12:50:24.9764091Z       168 |   // Releasing must not be a licence to double-render: nothing else is going to
2026-08-24T12:50:24.9764654Z         at /home/runner/work/opencompany/opencompany/frontend/test/e2e/chat-detached-post-failure.spec.ts:165:37
2026-08-24T12:50:24.9764985Z 
2026-08-24T12:50:24.9765320Z     attachment #1: screenshot (image/png) ──────────────────────────────────────────────────────────
2026-08-24T12:50:24.9765875Z     test-results/chat-detached-post-failure-2dca9-y-the-host-went-on-to-write/test-failed-1.png
2026-08-24T12:50:24.9766477Z     ────────────────────────────────────────────────────────────────────────────────────────────────
2026-08-24T12:50:24.9766697Z 
2026-08-24T12:50:24.9767020Z     Error Context: test-results/chat-detached-post-failure-2dca9-y-the-host-went-on-to-write/error-context.md
2026-08-24T12:50:24.9767354Z 
2026-08-24T12:50:24.9767428Z   1 failed
2026-08-24T12:50:24.9767954Z     test/e2e/chat-detached-post-failure.spec.ts:79:1 › a chat POST killed in flight still shows the reply the host went on to write 
2026-08-24T12:50:24.9768549Z   21 skipped
2026-08-24T12:50:24.9768732Z   305 passed (7.8m)
2026-08-24T12:50:24.9958238Z ##[error]Process completed with exit code 1.
2026-08-24T12:50:25.0016482Z ##[group]Run actions/upload-artifact@043fb46d1a93c77aae656e7c1c64a875d1fc6a0a
2026-08-24T12:50:25.0016802Z with:
2026-08-24T12:50:25.0016976Z   name: playwright-failures
2026-08-24T12:50:25.0017195Z   path: frontend/test-results/
2026-08-24T12:50:25.0017395Z   retention-days: 7
2026-08-24T12:50:25.0017577Z   if-no-files-found: warn
2026-08-24T12:50:25.0017767Z   compression-level: 6
2026-08-24T12:50:25.0017947Z   overwrite: false
2026-08-24T12:50:25.0018130Z   include-hidden-files: false
2026-08-24T12:50:25.0018327Z   archive: true
2026-08-24T12:50:25.0018489Z env:
2026-08-24T12:50:25.0018650Z   CARGO_INCREMENTAL: 0
2026-08-24T12:50:25.0018849Z   CARGO_PROFILE_DEV_DEBUG: line-tables-only
2026-08-24T12:50:25.0019074Z ##[endgroup]
2026-08-24T12:50:25.1145215Z With the provided path, there will be 2 files uploaded
2026-08-24T12:50:25.1149381Z Artifact name is valid!
2026-08-24T12:50:25.1149746Z Root directory input is valid!
2026-08-24T12:50:25.3295780Z Uploading artifact: playwright-failures.zip
2026-08-24T12:50:25.3328741Z Beginning upload of artifact content to blob storage
2026-08-24T12:50:25.4115106Z Uploaded bytes 84776
2026-08-24T12:50:25.4262811Z Finished uploading artifact content to blob storage!
2026-08-24T12:50:25.4263696Z SHA256 digest of uploaded artifact is 1e4412eb5c01483102e6134c40b1b577f1c38102ffcb48a55e208802850ba4a2
2026-08-24T12:50:25.4264356Z Finalizing artifact upload
2026-08-24T12:50:25.6316556Z Artifact playwright-failures successfully finalized. Artifact ID 9520719813
2026-08-24T12:50:25.6317721Z Artifact playwright-failures has been successfully uploaded! Final size is 84776 bytes. Artifact ID is 9520719813
2026-08-24T12:50:25.6320141Z Artifact download URL: https://github.com/tinyhumansai/opencompany/actions/runs/32727281764/artifacts/9520719813
2026-08-24T12:50:25.6478771Z Post job cleanup.
2026-08-24T12:50:25.7151820Z [command]/usr/bin/git version
2026-08-24T12:50:25.7181546Z git version 2.55.0
2026-08-24T12:50:25.7205935Z Temporarily overriding HOME='/home/runner/work/_temp/6bbe3456-4537-43eb-a09c-b899710f1b95' before making global git config changes
2026-08-24T12:50:25.7207020Z Adding repository directory to the temporary git global config as a safe directory
2026-08-24T12:50:25.7209848Z [command]/usr/bin/git config --global --add safe.directory /home/runner/work/opencompany/opencompany
2026-08-24T12:50:25.7232848Z Removing SSH command configuration
2026-08-24T12:50:25.7237542Z [command]/usr/bin/git config --local --name-only --get-regexp core\.sshCommand
2026-08-24T12:50:25.7265188Z [command]/usr/bin/git submodule foreach --recursive sh -c "git config --local --name-only --get-regexp 'core\.sshCommand' && git config --local --unset-all 'core.sshCommand' || :"
2026-08-24T12:50:25.7447409Z Removing HTTP extra header
2026-08-24T12:50:25.7451665Z [command]/usr/bin/git config --local --name-only --get-regexp http\.https\:\/\/github\.com\/\.extraheader
2026-08-24T12:50:25.7478259Z [command]/usr/bin/git submodule foreach --recursive sh -c "git config --local --name-only --get-regexp 'http\.https\:\/\/github\.com\/\.extraheader' && git config --local --unset-all 'http.https://github.com/.extraheader' || :"
2026-08-24T12:50:25.7655806Z Removing includeIf entries pointing to credentials config files
2026-08-24T12:50:25.7660272Z [command]/usr/bin/git config --local --name-only --get-regexp ^includeIf\.gitdir:
2026-08-24T12:50:25.7684992Z [command]/usr/bin/git submodule foreach --recursive git config --local --show-origin --name-only --get-regexp remote.origin.url
2026-08-24T12:50:25.7980899Z Cleaning up orphan processes
