0 verbose cli /home/enamakel/.nvm/versions/node/v24.18.0/bin/node /home/enamakel/.nvm/versions/node/v24.18.0/bin/npm
1 info using npm@11.16.0
2 info using node@v24.18.0
3 silly config load:file:/home/enamakel/.nvm/versions/node/v24.18.0/lib/node_modules/npm/npmrc
4 silly config load:file:/home/enamakel/work/workflow-opencompany/opencompany/worktrees/issue-1317/frontend/.npmrc
5 silly config load:file:/home/enamakel/.npmrc
6 silly config load:file:/home/enamakel/.nvm/versions/node/v24.18.0/etc/npmrc
7 verbose title npm ci
8 verbose argv "--prefix" "frontend" "--cache" ".npm-cache" "ci" "--ignore-scripts"
9 verbose logfile logs-max:10 dir:/home/enamakel/work/workflow-opencompany/opencompany/worktrees/issue-1317/.npm-cache/_logs/2026-08-23T12_42_54_330Z-
10 verbose logfile /home/enamakel/work/workflow-opencompany/opencompany/worktrees/issue-1317/.npm-cache/_logs/2026-08-23T12_42_54_330Z-debug-0.log
11 silly logfile done cleaning log files
12 http fetch GET https://registry.npmjs.org/npm attempt 1 failed with EAI_AGAIN
13 silly packumentCache heap:4496293888 maxSize:1124073472 maxEntrySize:562036736
14 silly packumentCache heap:4496293888 maxSize:1124073472 maxEntrySize:562036736
15 silly idealTree buildDeps
16 silly reify moves {}
17 silly audit bulk request {
17 silly audit   '@asamuzakjp/css-color': [ '4.1.2' ],
17 silly audit   'lru-cache': [ '11.5.2', '5.1.1' ],
17 silly audit   '@asamuzakjp/dom-selector': [ '6.8.1' ],
17 silly audit   '@asamuzakjp/nwsapi': [ '2.3.9' ],
17 silly audit   '@assistant-ui/react': [ '0.15.16' ],
17 silly audit   '@assistant-ui/core': [ '0.3.15' ],
17 silly audit   nanoid: [ '6.0.1', '3.3.15' ],
17 silly audit   zod: [ '4.4.3', '3.25.76' ],
17 silly audit   zustand: [ '5.0.15', '4.5.7' ],
17 silly audit   '@assistant-ui/store': [ '0.3.10' ],
17 silly audit   '@assistant-ui/tap': [ '0.9.14' ],
17 silly audit   '@babel/code-frame': [ '7.29.7' ],
17 silly audit   '@babel/compat-data': [ '7.29.7' ],
17 silly audit   '@babel/core': [ '7.29.7' ],
17 silly audit   '@babel/generator': [ '7.29.7' ],
17 silly audit   '@babel/helper-annotate-as-pure': [ '7.29.7' ],
17 silly audit   '@babel/helper-compilation-targets': [ '7.29.7' ],
17 silly audit   '@babel/helper-create-class-features-plugin': [ '7.29.7' ],
17 silly audit   '@babel/helper-globals': [ '7.29.7' ],
17 silly audit   '@babel/helper-member-expression-to-functions': [ '7.29.7' ],
17 silly audit   '@babel/helper-module-imports': [ '7.29.7' ],
17 silly audit   '@babel/helper-module-transforms': [ '7.29.7' ],
17 silly audit   '@babel/helper-optimise-call-expression': [ '7.29.7' ],
17 silly audit   '@babel/helper-plugin-utils': [ '7.29.7' ],
17 silly audit   '@babel/helper-replace-supers': [ '7.29.7' ],
17 silly audit   '@babel/helper-skip-transparent-expression-wrappers': [ '7.29.7' ],
17 silly audit   '@babel/helper-string-parser': [ '7.29.7' ],
17 silly audit   '@babel/helper-validator-identifier': [ '7.29.7' ],
17 silly audit   '@babel/helper-validator-option': [ '7.29.7' ],
17 silly audit   '@babel/helpers': [ '7.29.7' ],
17 silly audit   '@babel/parser': [ '7.29.7' ],
17 silly audit   '@babel/plugin-syntax-jsx': [ '7.29.7' ],
17 silly audit   '@babel/plugin-syntax-typescript': [ '7.29.7' ],
17 silly audit   '@babel/plugin-transform-modules-commonjs': [ '7.29.7' ],
17 silly audit   '@babel/plugin-transform-react-jsx-self': [ '7.29.7' ],
17 silly audit   '@babel/plugin-transform-react-jsx-source': [ '7.29.7' ],
17 silly audit   '@babel/plugin-transform-typescript': [ '7.29.7' ],
17 silly audit   '@babel/preset-typescript': [ '7.29.7' ],
17 silly audit   '@babel/runtime': [ '7.29.7' ],
17 silly audit   '@babel/template': [ '7.29.7' ],
17 silly audit   '@babel/traverse': [ '7.29.7' ],
17 silly audit   '@babel/types': [ '7.29.7' ],
17 silly audit   '@base-ui/react': [ '1.6.0' ],
17 silly audit   '@base-ui/utils': [ '0.3.1' ],
17 silly audit   '@csstools/color-helpers': [ '6.1.0' ],
17 silly audit   '@csstools/css-calc': [ '3.3.0' ],
17 silly audit   '@csstools/css-color-parser': [ '4.1.10' ],
17 silly audit   '@csstools/css-parser-algorithms': [ '4.0.0' ],
17 silly audit   '@csstools/css-syntax-patches-for-csstree': [ '1.1.7' ],
17 silly audit   '@csstools/css-tokenizer': [ '4.0.0' ],
17 silly audit   '@dotenvx/dotenvx': [ '1.75.1' ],
17 silly audit   commander: [ '11.1.0', '14.0.3' ],
17 silly audit   'define-lazy-prop': [ '2.0.0', '3.0.0' ],
17 silly audit   execa: [ '5.1.1', '9.6.1' ],
17 silly audit   'get-stream': [ '6.0.1', '9.0.1' ],
17 silly audit   'human-signals': [ '2.1.0', '8.0.1' ],
17 silly audit   'is-docker': [ '2.2.1', '3.0.0' ],
17 silly audit   'is-stream': [ '2.0.1', '4.0.1' ],
17 silly audit   'is-wsl': [ '2.2.0', '3.1.1' ],
17 silly audit   'npm-run-path': [ '4.0.1', '6.0.0' ],
17 silly audit   open: [ '8.4.2', '11.0.0' ],
17 silly audit   'signal-exit': [ '3.0.7', '4.1.0' ],
17 silly audit   'strip-final-newline': [ '2.0.0', '4.0.0' ],
17 silly audit   '@dotenvx/primitives': [ '0.8.0' ],
17 silly audit   '@esbuild/aix-ppc64': [ '0.21.5' ],
17 silly audit   '@esbuild/android-arm': [ '0.21.5' ],
17 silly audit   '@esbuild/android-arm64': [ '0.21.5' ],
17 silly audit   '@esbuild/android-x64': [ '0.21.5' ],
17 silly audit   '@esbuild/darwin-arm64': [ '0.21.5' ],
17 silly audit   '@esbuild/darwin-x64': [ '0.21.5' ],
17 silly audit   '@esbuild/freebsd-arm64': [ '0.21.5' ],
17 silly audit   '@esbuild/freebsd-x64': [ '0.21.5' ],
17 silly audit   '@esbuild/linux-arm': [ '0.21.5' ],
17 silly audit   '@esbuild/linux-arm64': [ '0.21.5' ],
17 silly audit   '@esbuild/linux-ia32': [ '0.21.5' ],
17 silly audit   '@esbuild/linux-loong64': [ '0.21.5' ],
17 silly audit   '@esbuild/linux-mips64el': [ '0.21.5' ],
17 silly audit   '@esbuild/linux-ppc64': [ '0.21.5' ],
17 silly audit   '@esbuild/linux-riscv64': [ '0.21.5' ],
17 silly audit   '@esbuild/linux-s390x': [ '0.21.5' ],
17 silly audit   '@esbuild/linux-x64': [ '0.21.5' ],
17 silly audit   '@esbuild/netbsd-x64': [ '0.21.5' ],
17 silly audit   '@esbuild/openbsd-x64': [ '0.21.5' ],
17 silly audit   '@esbuild/sunos-x64': [ '0.21.5' ],
17 silly audit   '@esbuild/win32-arm64': [ '0.21.5' ],
17 silly audit   '@esbuild/win32-ia32': [ '0.21.5' ],
17 silly audit   '@esbuild/win32-x64': [ '0.21.5' ],
17 silly audit   '@fastify/deepmerge': [ '3.2.1' ],
17 silly audit   '@floating-ui/core': [ '1.8.0' ],
17 silly audit   '@floating-ui/dom': [ '1.8.0' ],
17 silly audit   '@floating-ui/react-dom': [ '2.1.9' ],
17 silly audit   '@floating-ui/utils': [ '0.2.12' ],
17 silly audit   '@fontsource-variable/geist': [ '5.2.9' ],
17 silly audit   '@fontsource-variable/geist-mono': [ '5.3.0' ],
17 silly audit   '@gilbarbara/deep-equal': [ '0.4.1' ],
17 silly audit   '@gilbarbara/hooks': [ '0.11.0' ],
17 silly audit   '@gilbarbara/types': [ '0.2.2' ],
17 silly audit   '@hono/node-server': [ '1.19.14' ],
17 silly audit   '@jridgewell/gen-mapping': [ '0.3.13' ],
17 silly audit   '@jridgewell/remapping': [ '2.3.5' ],
17 silly audit   '@jridgewell/resolve-uri': [ '3.1.2' ],
17 silly audit   '@jridgewell/sourcemap-codec': [ '1.5.5' ],
17 silly audit   '@jridgewell/trace-mapping': [ '0.3.31' ],
17 silly audit   '@modelcontextprotocol/sdk': [ '1.29.0' ],
17 silly audit   '@nodelib/fs.scandir': [ '2.1.5' ],
17 silly audit   '@nodelib/fs.stat': [ '2.0.5' ],
17 silly audit   '@nodelib/fs.walk': [ '1.2.8' ],
17 silly audit   '@playwright/test': [ '1.61.1' ],
17 silly audit   '@radix-ui/number': [ '1.1.3' ],
17 silly audit   '@radix-ui/primitive': [ '1.1.7' ],
17 silly audit   '@radix-ui/react-accessible-icon': [ '1.1.15' ],
17 silly audit   '@radix-ui/react-accordion': [ '1.2.20' ],
17 silly audit   '@radix-ui/react-alert-dialog': [ '1.1.23' ],
17 silly audit   '@radix-ui/react-arrow': [ '1.1.15' ],
17 silly audit   '@radix-ui/react-aspect-ratio': [ '1.1.15' ],
17 silly audit   '@radix-ui/react-avatar': [ '1.2.6' ],
17 silly audit   '@radix-ui/react-checkbox': [ '1.3.11' ],
17 silly audit   '@radix-ui/react-collapsible': [ '1.1.20' ],
17 silly audit   '@radix-ui/react-collection': [ '1.1.15' ],
17 silly audit   '@radix-ui/react-compose-refs': [ '1.1.5' ],
17 silly audit   '@radix-ui/react-context': [ '1.2.2' ],
17 silly audit   '@radix-ui/react-context-menu': [ '2.3.7' ],
17 silly audit   '@radix-ui/react-dialog': [ '1.1.23' ],
17 silly audit   '@radix-ui/react-direction': [ '1.1.4' ],
17 silly audit   '@radix-ui/react-dismissable-layer': [ '1.1.19' ],
17 silly audit   '@radix-ui/react-dropdown-menu': [ '2.1.24' ],
17 silly audit   '@radix-ui/react-focus-guards': [ '1.1.6' ],
17 silly audit   '@radix-ui/react-focus-scope': [ '1.1.16' ],
17 silly audit   '@radix-ui/react-form': [ '0.1.16' ],
17 silly audit   '@radix-ui/react-hover-card': [ '1.1.23' ],
17 silly audit   '@radix-ui/react-id': [ '1.1.4' ],
17 silly audit   '@radix-ui/react-label': [ '2.1.15' ],
17 silly audit   '@radix-ui/react-menu': [ '2.1.24' ],
17 silly audit   '@radix-ui/react-menubar': [ '1.1.24' ],
17 silly audit   '@radix-ui/react-navigation-menu': [ '1.2.22' ],
17 silly audit   '@radix-ui/react-one-time-password-field': [ '0.1.16' ],
17 silly audit   '@radix-ui/react-password-toggle-field': [ '0.1.11' ],
17 silly audit   '@radix-ui/react-popover': [ '1.1.23' ],
17 silly audit   '@radix-ui/react-popper': [ '1.3.7' ],
17 silly audit   '@radix-ui/react-portal': [ '1.1.17' ],
17 silly audit   '@radix-ui/react-presence': [ '1.1.10' ],
17 silly audit   '@radix-ui/react-primitive': [ '2.1.10' ],
17 silly audit   '@radix-ui/react-progress': [ '1.1.16' ],
17 silly audit   '@radix-ui/react-radio-group': [ '1.4.7' ],
17 silly audit   '@radix-ui/react-roving-focus': [ '1.1.19' ],
17 silly audit   '@radix-ui/react-scroll-area': [ '1.2.18' ],
17 silly audit   '@radix-ui/react-select': [ '2.3.7' ],
17 silly audit   '@radix-ui/react-separator': [ '1.1.15' ],
17 silly audit   '@radix-ui/react-slider': [ '1.4.7' ],
17 silly audit   '@radix-ui/react-slot': [ '1.3.3' ],
17 silly audit   '@radix-ui/react-switch': [ '1.3.7' ],
17 silly audit   '@radix-ui/react-tabs': [ '1.1.21' ],
17 silly audit   '@radix-ui/react-toast': [ '1.2.23' ],
17 silly audit   '@radix-ui/react-toggle': [ '1.1.18' ],
17 silly audit   '@radix-ui/react-toggle-group': [ '1.1.19' ],
17 silly audit   '@radix-ui/react-toolbar': [ '1.1.19' ],
17 silly audit   '@radix-ui/react-tooltip': [ '1.2.16' ],
17 silly audit   '@radix-ui/react-use-callback-ref': [ '1.1.4' ],
17 silly audit   '@radix-ui/react-use-controllable-state': [ '1.2.6' ],
17 silly audit   '@radix-ui/react-use-effect-event': [ '0.0.5' ],
17 silly audit   '@radix-ui/react-use-escape-keydown': [ '1.1.5' ],
17 silly audit   '@radix-ui/react-use-is-hydrated': [ '0.1.3' ],
17 silly audit   '@radix-ui/react-use-layout-effect': [ '1.1.4' ],
17 silly audit   '@radix-ui/react-use-previous': [ '1.1.4' ],
17 silly audit   '@radix-ui/react-use-rect': [ '1.1.4' ],
17 silly audit   '@radix-ui/react-use-size': [ '1.1.4' ],
17 silly audit   '@radix-ui/react-visually-hidden': [ '1.2.11' ],
17 silly audit   '@radix-ui/rect': [ '1.1.3' ],
17 silly audit   '@reduxjs/toolkit': [ '2.12.0' ],
17 silly audit   immer: [ '11.1.11', '10.2.0' ],
17 silly audit   '@rolldown/pluginutils': [ '1.0.0-beta.27' ],
17 silly audit   '@rollup/rollup-android-arm-eabi': [ '4.62.2' ],
17 silly audit   '@rollup/rollup-android-arm64': [ '4.62.2' ],
17 silly audit   '@rollup/rollup-darwin-arm64': [ '4.62.2' ],
17 silly audit   '@rollup/rollup-darwin-x64': [ '4.62.2' ],
17 silly audit   '@rollup/rollup-freebsd-arm64': [ '4.62.2' ],
17 silly audit   '@rollup/rollup-freebsd-x64': [ '4.62.2' ],
17 silly audit   '@rollup/rollup-linux-arm-gnueabihf': [ '4.62.2' ],
17 silly audit   '@rollup/rollup-linux-arm-musleabihf': [ '4.62.2' ],
17 silly audit   '@rollup/rollup-linux-arm64-gnu': [ '4.62.2' ],
17 silly audit   '@rollup/rollup-linux-arm64-musl': [ '4.62.2' ],
17 silly audit   '@rollup/rollup-linux-loong64-gnu': [ '4.62.2' ],
17 silly audit   '@rollup/rollup-linux-loong64-musl': [ '4.62.2' ],
17 silly audit   '@rollup/rollup-linux-ppc64-gnu': [ '4.62.2' ],
17 silly audit   '@rollup/rollup-linux-ppc64-musl': [ '4.62.2' ],
17 silly audit   '@rollup/rollup-linux-riscv64-gnu': [ '4.62.2' ],
17 silly audit   '@rollup/rollup-linux-riscv64-musl': [ '4.62.2' ],
17 silly audit   '@rollup/rollup-linux-s390x-gnu': [ '4.62.2' ],
17 silly audit   '@rollup/rollup-linux-x64-gnu': [ '4.62.2' ],
17 silly audit   '@rollup/rollup-linux-x64-musl': [ '4.62.2' ],
17 silly audit   '@rollup/rollup-openbsd-x64': [ '4.62.2' ],
17 silly audit   '@rollup/rollup-openharmony-arm64': [ '4.62.2' ],
17 silly audit   '@rollup/rollup-win32-arm64-msvc': [ '4.62.2' ],
17 silly audit   '@rollup/rollup-win32-ia32-msvc': [ '4.62.2' ],
17 silly audit   '@rollup/rollup-win32-x64-gnu': [ '4.62.2' ],
17 silly audit   '@rollup/rollup-win32-x64-msvc': [ '4.62.2' ],
17 silly audit   '@sec-ant/readable-stream': [ '0.4.1' ],
17 silly audit   '@sindresorhus/merge-streams': [ '4.0.0' ],
17 silly audit   '@standard-schema/spec': [ '1.1.0' ],
17 silly audit   '@standard-schema/utils': [ '0.3.0' ],
17 silly audit   '@tailwindcss/node': [ '4.3.2' ],
17 silly audit   '@tailwindcss/oxide': [ '4.3.2' ],
17 silly audit   '@tailwindcss/oxide-android-arm64': [ '4.3.2' ],
17 silly audit   '@tailwindcss/oxide-darwin-arm64': [ '4.3.2' ],
17 silly audit   '@tailwindcss/oxide-darwin-x64': [ '4.3.2' ],
17 silly audit   '@tailwindcss/oxide-freebsd-x64': [ '4.3.2' ],
17 silly audit   '@tailwindcss/oxide-linux-arm-gnueabihf': [ '4.3.2' ],
17 silly audit   '@tailwindcss/oxide-linux-arm64-gnu': [ '4.3.2' ],
17 silly audit   '@tailwindcss/oxide-linux-arm64-musl': [ '4.3.2' ],
17 silly audit   '@tailwindcss/oxide-linux-x64-gnu': [ '4.3.2' ],
17 silly audit   '@tailwindcss/oxide-linux-x64-musl': [ '4.3.2' ],
17 silly audit   '@tailwindcss/oxide-wasm32-wasi': [ '4.3.2' ],
17 silly audit   '@emnapi/core': [ '1.11.1' ],
17 silly audit   '@emnapi/runtime': [ '1.11.1' ],
17 silly audit   '@emnapi/wasi-threads': [ '1.2.2' ],
17 silly audit   '@napi-rs/wasm-runtime': [ '1.1.4' ],
17 silly audit   '@tybys/wasm-util': [ '0.10.2' ],
17 silly audit   tslib: [ '2.8.1' ],
17 silly audit   '@tailwindcss/oxide-win32-arm64-msvc': [ '4.3.2' ],
17 silly audit   '@tailwindcss/oxide-win32-x64-msvc': [ '4.3.2' ],
17 silly audit   '@tailwindcss/typography': [ '0.5.20' ],
17 silly audit   'postcss-selector-parser': [ '6.0.10', '7.1.4' ],
17 silly audit   '@tailwindcss/vite': [ '4.3.2' ],
17 silly audit   '@tauri-apps/api': [ '2.11.1' ],
17 silly audit   '@tauri-apps/cli': [ '2.11.4' ],
17 silly audit   '@tauri-apps/cli-darwin-arm64': [ '2.11.4' ],
17 silly audit   '@tauri-apps/cli-darwin-x64': [ '2.11.4' ],
17 silly audit   '@tauri-apps/cli-linux-arm-gnueabihf': [ '2.11.4' ],
17 silly audit   '@tauri-apps/cli-linux-arm64-gnu': [ '2.11.4' ],
17 silly audit   '@tauri-apps/cli-linux-arm64-musl': [ '2.11.4' ],
17 silly audit   '@tauri-apps/cli-linux-riscv64-gnu': [ '2.11.4' ],
17 silly audit   '@tauri-apps/cli-linux-x64-gnu': [ '2.11.4' ],
17 silly audit   '@tauri-apps/cli-linux-x64-musl': [ '2.11.4' ],
17 silly audit   '@tauri-apps/cli-win32-arm64-msvc': [ '2.11.4' ],
17 silly audit   '@tauri-apps/cli-win32-ia32-msvc': [ '2.11.4' ],
17 silly audit   '@tauri-apps/cli-win32-x64-msvc': [ '2.11.4' ],
17 silly audit   '@ts-morph/common': [ '0.27.0' ],
17 silly audit   '@types/babel__core': [ '7.20.5' ],
17 silly audit   '@types/babel__generator': [ '7.27.0' ],
17 silly audit   '@types/babel__template': [ '7.4.4' ],
17 silly audit   '@types/babel__traverse': [ '7.28.0' ],
17 silly audit   '@types/chai': [ '5.2.3' ],
17 silly audit   '@types/d3-array': [ '3.2.2' ],
17 silly audit   '@types/d3-color': [ '3.1.3' ],
17 silly audit   '@types/d3-drag': [ '3.0.7' ],
17 silly audit   '@types/d3-ease': [ '3.0.2' ],
17 silly audit   '@types/d3-force': [ '3.0.10' ],
17 silly audit   '@types/d3-interpolate': [ '3.0.4' ],
17 silly audit   '@types/d3-path': [ '3.1.1' ],
17 silly audit   '@types/d3-scale': [ '4.0.9' ],
17 silly audit   '@types/d3-selection': [ '3.0.11' ],
17 silly audit   '@types/d3-shape': [ '3.1.8' ],
17 silly audit   '@types/d3-time': [ '3.0.4' ],
17 silly audit   '@types/d3-timer': [ '3.0.2' ],
17 silly audit   '@types/d3-transition': [ '3.0.9' ],
17 silly audit   '@types/d3-zoom': [ '3.0.8' ],
17 silly audit   '@types/debug': [ '4.1.13' ],
17 silly audit   '@types/deep-eql': [ '4.0.2' ],
17 silly audit   '@types/estree': [ '1.0.9' ],
17 silly audit   '@types/estree-jsx': [ '1.0.5' ],
17 silly audit   '@types/hast': [ '3.0.5' ],
17 silly audit   '@types/mdast': [ '4.0.4' ],
17 silly audit   '@types/ms': [ '2.1.0' ],
17 silly audit   '@types/node': [ '22.20.1' ],
17 silly audit   '@types/prop-types': [ '15.7.15' ],
17 silly audit   '@types/react': [ '18.3.31' ],
17 silly audit   '@types/react-dom': [ '18.3.7' ],
17 silly audit   '@types/unist': [ '3.0.3', '2.0.11' ],
17 silly audit   '@types/use-sync-external-store': [ '0.0.6' ],
17 silly audit   '@types/validate-npm-package-name': [ '4.0.2' ],
17 silly audit   '@ungap/structured-clone': [ '1.3.3' ],
17 silly audit   '@vitejs/plugin-react': [ '4.7.0' ],
17 silly audit   '@vitest/expect': [ '3.2.7' ],
17 silly audit   '@vitest/mocker': [ '3.2.7' ],
17 silly audit   '@vitest/pretty-format': [ '3.2.7' ],
17 silly audit   '@vitest/runner': [ '3.2.7' ],
17 silly audit   '@vitest/snapshot': [ '3.2.7' ],
17 silly audit   '@vitest/spy': [ '3.2.7' ],
17 silly audit   '@vitest/utils': [ '3.2.7' ],
17 silly audit   '@xyflow/react': [ '12.11.2' ],
17 silly audit   '@xyflow/system': [ '0.0.79' ],
17 silly audit   accepts: [ '2.0.0' ],
17 silly audit   'agent-base': [ '7.1.4' ],
17 silly audit   ajv: [ '8.20.0' ],
17 silly audit   'ajv-formats': [ '3.0.1', '2.1.1' ],
17 silly audit   'ansi-colors': [ '4.1.3' ],
17 silly audit   'ansi-regex': [ '5.0.1', '6.2.2' ],
17 silly audit   argparse: [ '2.0.1' ],
17 silly audit   'aria-hidden': [ '1.2.6' ],
17 silly audit   'assertion-error': [ '2.0.1' ],
17 silly audit   'assistant-cloud': [ '0.1.41' ],
17 silly audit   'assistant-stream': [ '0.3.39' ],
17 silly audit   'ast-types': [ '0.16.1' ],
17 silly audit   atomically: [ '1.7.0' ],
17 silly audit   bail: [ '2.0.2' ],
17 silly audit   'balanced-match': [ '4.0.4' ],
17 silly audit   'baseline-browser-mapping': [ '2.10.43' ],
17 silly audit   'bidi-js': [ '1.0.3' ],
17 silly audit   'body-parser': [ '2.3.0' ],
17 silly audit   'content-type': [ '2.0.0', '1.0.5' ],
17 silly audit   'brace-expansion': [ '5.0.7' ],
17 silly audit   braces: [ '3.0.3' ],
17 silly audit   browserslist: [ '4.28.5' ],
17 silly audit   'bundle-name': [ '4.1.0' ],
17 silly audit   bytes: [ '3.1.2' ],
17 silly audit   cac: [ '6.7.14' ],
17 silly audit   'call-bind-apply-helpers': [ '1.0.2' ],
17 silly audit   'call-bound': [ '1.0.4' ],
17 silly audit   callsites: [ '3.1.0' ],
17 silly audit   'caniuse-lite': [ '1.0.30001803' ],
17 silly audit   ccount: [ '2.0.1' ],
17 silly audit   chai: [ '5.3.3' ],
17 silly audit   chalk: [ '5.6.2' ],
17 silly audit   'character-entities': [ '2.0.2' ],
17 silly audit   'character-entities-html4': [ '2.1.0' ],
17 silly audit   'character-entities-legacy': [ '3.0.0' ],
17 silly audit   'character-reference-invalid': [ '2.0.1' ],
17 silly audit   'check-error': [ '2.1.3' ],
17 silly audit   'class-variance-authority': [ '0.7.1' ],
17 silly audit   classcat: [ '5.0.5' ],
17 silly audit   'cli-cursor': [ '5.0.0' ],
17 silly audit   'cli-spinners': [ '2.9.2' ],
17 silly audit   clsx: [ '2.1.1' ],
17 silly audit   'code-block-writer': [ '13.0.3' ],
17 silly audit   'comma-separated-tokens': [ '2.0.3' ],
17 silly audit   conf: [ '10.2.0' ],
17 silly audit   'json-schema-typed': [ '7.0.3', '8.0.2' ],
17 silly audit   semver: [ '7.8.5', '6.3.1' ],
17 silly audit   'content-disposition': [ '1.1.0' ],
17 silly audit   'convert-source-map': [ '2.0.0' ],
17 silly audit   cookie: [ '0.7.2' ],
17 silly audit   'cookie-signature': [ '1.2.2' ],
17 silly audit   cors: [ '2.8.6' ],
17 silly audit   cosmiconfig: [ '9.0.2' ],
17 silly audit   'cross-spawn': [ '7.0.6' ],
17 silly audit   isexe: [ '2.0.0', '3.1.5' ],
17 silly audit   which: [ '2.0.2', '4.0.0' ],
17 silly audit   'css-tree': [ '3.2.1' ],
17 silly audit   cssesc: [ '3.0.0' ],
17 silly audit   cssstyle: [ '5.3.7' ],
17 silly audit   csstype: [ '3.2.3' ],
17 silly audit   'd3-array': [ '3.2.4' ],
17 silly audit   'd3-color': [ '3.1.0' ],
17 silly audit   'd3-dispatch': [ '3.0.1' ],
17 silly audit   'd3-drag': [ '3.0.0' ],
17 silly audit   'd3-ease': [ '3.0.1' ],
17 silly audit   'd3-force': [ '3.0.0' ],
17 silly audit   'd3-format': [ '3.1.2' ],
17 silly audit   'd3-interpolate': [ '3.0.1' ],
17 silly audit   'd3-path': [ '3.1.0' ],
17 silly audit   'd3-quadtree': [ '3.0.1' ],
17 silly audit   'd3-scale': [ '4.0.2' ],
17 silly audit   'd3-selection': [ '3.0.0' ],
17 silly audit   'd3-shape': [ '3.2.0' ],
17 silly audit   'd3-time': [ '3.1.0' ],
17 silly audit   'd3-time-format': [ '4.1.0' ],
17 silly audit   'd3-timer': [ '3.0.1' ],
17 silly audit   'd3-transition': [ '3.0.1' ],
17 silly audit   'd3-zoom': [ '3.0.0' ],
17 silly audit   'data-urls': [ '6.0.1' ],
17 silly audit   'whatwg-mimetype': [ '5.0.0', '4.0.0' ],
17 silly audit   'debounce-fn': [ '4.0.0' ],
17 silly audit   debug: [ '4.4.3' ],
17 silly audit   'decimal.js': [ '10.6.0' ],
17 silly audit   'decimal.js-light': [ '2.5.1' ],
17 silly audit   'decode-named-character-reference': [ '1.3.0' ],
17 silly audit   dedent: [ '1.7.2' ],
17 silly audit   'deep-eql': [ '5.0.2' ],
17 silly audit   deepmerge: [ '4.3.1' ],
17 silly audit   'default-browser': [ '5.5.0' ],
17 silly audit   'default-browser-id': [ '5.0.1' ],
17 silly audit   depd: [ '2.0.0' ],
17 silly audit   dequal: [ '2.0.3' ],
17 silly audit   'detect-libc': [ '2.1.2' ],
17 silly audit   'detect-node-es': [ '1.1.0' ],
17 silly audit   devlop: [ '1.1.0' ],
17 silly audit   diff: [ '8.0.4' ],
17 silly audit   'dot-prop': [ '6.0.1' ],
17 silly audit   dotenv: [ '17.4.2' ],
17 silly audit   'dunder-proto': [ '1.0.1' ],
17 silly audit   'ee-first': [ '1.1.1' ],
17 silly audit   'electron-to-chromium': [ '1.5.389' ],
17 silly audit   'emoji-regex': [ '10.6.0' ],
17 silly audit   encodeurl: [ '2.0.0' ],
17 silly audit   'enhanced-resolve': [ '5.21.6' ],
17 silly audit   enquirer: [ '2.4.1' ],
17 silly audit   entities: [ '8.0.0' ],
17 silly audit   'env-paths': [ '2.2.1' ],
17 silly audit   'error-ex': [ '1.3.4' ],
17 silly audit   'es-define-property': [ '1.0.1' ],
17 silly audit   'es-errors': [ '1.3.0' ],
17 silly audit   'es-module-lexer': [ '1.7.0' ],
17 silly audit   'es-object-atoms': [ '1.1.2' ],
17 silly audit   'es-toolkit': [ '1.49.0' ],
17 silly audit   esbuild: [ '0.21.5' ],
17 silly audit   escalade: [ '3.2.0' ],
17 silly audit   'escape-html': [ '1.0.3' ],
17 silly audit   'escape-string-regexp': [ '5.0.0' ],
17 silly audit   esprima: [ '4.0.1' ],
17 silly audit   'estree-util-is-identifier-name': [ '3.0.0' ],
17 silly audit   'estree-walker': [ '3.0.3' ],
17 silly audit   etag: [ '1.8.1' ],
17 silly audit   eventemitter3: [ '5.0.4' ],
17 silly audit   eventsource: [ '3.0.7' ],
17 silly audit   'eventsource-parser': [ '3.1.0' ],
17 silly audit   'expect-type': [ '1.4.0' ],
17 silly audit   express: [ '5.2.1' ],
17 silly audit   'express-rate-limit': [ '8.5.2' ],
17 silly audit   extend: [ '3.0.2' ],
17 silly audit   'fast-deep-equal': [ '3.1.3' ],
17 silly audit   'fast-glob': [ '3.3.3' ],
17 silly audit   'fast-uri': [ '3.1.3' ],
17 silly audit   fastq: [ '1.20.1' ],
17 silly audit   fdir: [ '6.5.0' ],
17 silly audit   figures: [ '6.1.0' ],
17 silly audit   'fill-range': [ '7.1.1' ],
17 silly audit   finalhandler: [ '2.1.1' ],
17 silly audit   'find-up': [ '3.0.0' ],
17 silly audit   forwarded: [ '0.2.0' ],
17 silly audit   fresh: [ '2.0.0' ],
17 silly audit   'fs-extra': [ '11.3.6' ],
17 silly audit   fsevents: [ '2.3.3', '2.3.2' ],
17 silly audit   'function-bind': [ '1.1.2' ],
17 silly audit   fuzzysort: [ '3.1.0' ],
17 silly audit   gensync: [ '1.0.0-beta.2' ],
17 silly audit   'get-east-asian-width': [ '1.6.0' ],
17 silly audit   'get-intrinsic': [ '1.3.0' ],
17 silly audit   'get-nonce': [ '1.0.1' ],
17 silly audit   'get-own-enumerable-keys': [ '1.0.0' ],
17 silly audit   'get-proto': [ '1.0.1' ],
17 silly audit   'glob-parent': [ '5.1.2' ],
17 silly audit   gopd: [ '1.2.0' ],
17 silly audit   'graceful-fs': [ '4.2.11' ],
17 silly audit   'has-symbols': [ '1.1.0' ],
17 silly audit   hasown: [ '2.0.4' ],
17 silly audit   'hast-util-to-jsx-runtime': [ '2.3.6' ],
17 silly audit   'hast-util-whitespace': [ '3.0.0' ],
17 silly audit   hono: [ '4.12.30' ],
17 silly audit   'html-encoding-sniffer': [ '4.0.0' ],
17 silly audit   'html-url-attributes': [ '3.0.1' ],
17 silly audit   'http-errors': [ '2.0.1' ],
17 silly audit   'http-proxy-agent': [ '7.0.2' ],
17 silly audit   'https-proxy-agent': [ '7.0.6' ],
17 silly audit   'iconv-lite': [ '0.7.3', '0.6.3' ],
17 silly audit   ignore: [ '5.3.2' ],
17 silly audit   'import-fresh': [ '3.3.1' ],
17 silly audit   inherits: [ '2.0.4' ],
17 silly audit   'inline-style-parser': [ '0.2.7' ],
17 silly audit   internmap: [ '2.0.3' ],
17 silly audit   'ip-address': [ '10.2.0' ],
17 silly audit   'ipaddr.js': [ '1.9.1' ],
17 silly audit   'is-alphabetical': [ '2.0.1' ],
17 silly audit   'is-alphanumerical': [ '2.0.1' ],
17 silly audit   'is-arrayish': [ '0.2.1' ],
17 silly audit   'is-decimal': [ '2.0.1' ],
17 silly audit   'is-extglob': [ '2.1.1' ],
17 silly audit   'is-glob': [ '4.0.3' ],
17 silly audit   'is-hexadecimal': [ '2.0.1' ],
17 silly audit   'is-in-ssh': [ '1.0.0' ],
17 silly audit   'is-inside-container': [ '1.0.0' ],
17 silly audit   'is-interactive': [ '2.0.0' ],
17 silly audit   'is-lite': [ '2.0.0' ],
17 silly audit   'is-number': [ '7.0.0' ],
17 silly audit   'is-obj': [ '2.0.0', '3.0.0' ],
17 silly audit   'is-plain-obj': [ '4.1.0' ],
17 silly audit   'is-potential-custom-element-name': [ '1.0.1' ],
17 silly audit   'is-promise': [ '4.0.0' ],
17 silly audit   'is-regexp': [ '3.1.0' ],
17 silly audit   'is-unicode-supported': [ '2.1.0', '1.3.0' ],
17 silly audit   jiti: [ '2.7.0' ],
17 silly audit   jose: [ '6.2.3' ],
17 silly audit   'js-tokens': [ '4.0.0', '9.0.1' ],
17 silly audit   'js-yaml': [ '4.3.0' ],
17 silly audit   jsdom: [ '27.0.1' ],
17 silly audit   jsesc: [ '3.1.0' ],
17 silly audit   'json-parse-even-better-errors': [ '2.3.1' ],
17 silly audit   'json-schema-traverse': [ '1.0.0' ],
17 silly audit   json5: [ '2.2.3' ],
17 silly audit   jsonfile: [ '6.2.1' ],
17 silly audit   kleur: [ '4.1.5', '3.0.3' ],
17 silly audit   lightningcss: [ '1.32.0' ],
17 silly audit   'lightningcss-android-arm64': [ '1.32.0' ],
17 silly audit   'lightningcss-darwin-arm64': [ '1.32.0' ],
17 silly audit   'lightningcss-darwin-x64': [ '1.32.0' ],
17 silly audit   'lightningcss-freebsd-x64': [ '1.32.0' ],
17 silly audit   'lightningcss-linux-arm-gnueabihf': [ '1.32.0' ],
17 silly audit   'lightningcss-linux-arm64-gnu': [ '1.32.0' ],
17 silly audit   'lightningcss-linux-arm64-musl': [ '1.32.0' ],
17 silly audit   'lightningcss-linux-x64-gnu': [ '1.32.0' ],
17 silly audit   'lightningcss-linux-x64-musl': [ '1.32.0' ],
17 silly audit   'lightningcss-win32-arm64-msvc': [ '1.32.0' ],
17 silly audit   'lightningcss-win32-x64-msvc': [ '1.32.0' ],
17 silly audit   'lines-and-columns': [ '1.2.4' ],
17 silly audit   'locate-path': [ '3.0.0' ],
17 silly audit   'log-symbols': [ '6.0.0' ],
17 silly audit   'longest-streak': [ '3.1.0' ],
17 silly audit   'loose-envify': [ '1.4.0' ],
17 silly audit   loupe: [ '3.2.1' ],
17 silly audit   'lucide-react': [ '1.24.0' ],
17 silly audit   'magic-string': [ '0.30.21' ],
17 silly audit   'markdown-table': [ '3.0.4' ],
17 silly audit   'math-intrinsics': [ '1.1.0' ],
17 silly audit   'mdast-util-find-and-replace': [ '3.0.2' ],
17 silly audit   'mdast-util-from-markdown': [ '2.0.3' ],
17 silly audit   'mdast-util-gfm': [ '3.1.0' ],
17 silly audit   'mdast-util-gfm-autolink-literal': [ '2.0.1' ],
17 silly audit   'mdast-util-gfm-footnote': [ '2.1.0' ],
17 silly audit   'mdast-util-gfm-strikethrough': [ '2.0.0' ],
17 silly audit   'mdast-util-gfm-table': [ '2.0.0' ],
17 silly audit   'mdast-util-gfm-task-list-item': [ '2.0.0' ],
17 silly audit   'mdast-util-mdx-expression': [ '2.0.1' ],
17 silly audit   'mdast-util-mdx-jsx': [ '3.2.0' ],
17 silly audit   'mdast-util-mdxjs-esm': [ '2.0.1' ],
17 silly audit   'mdast-util-phrasing': [ '4.1.0' ],
17 silly audit   'mdast-util-to-hast': [ '13.2.1' ],
17 silly audit   'mdast-util-to-markdown': [ '2.1.2' ],
17 silly audit   'mdast-util-to-string': [ '4.0.0' ],
17 silly audit   'mdn-data': [ '2.27.1' ],
17 silly audit   'media-typer': [ '1.1.0' ],
17 silly audit   'merge-descriptors': [ '2.0.0' ],
17 silly audit   'merge-stream': [ '2.0.0' ],
17 silly audit   merge2: [ '1.4.1' ],
17 silly audit   micromark: [ '4.0.2' ],
17 silly audit   'micromark-core-commonmark': [ '2.0.3' ],
17 silly audit   'micromark-extension-gfm': [ '3.0.0' ],
17 silly audit   'micromark-extension-gfm-autolink-literal': [ '2.1.0' ],
17 silly audit   'micromark-extension-gfm-footnote': [ '2.1.0' ],
17 silly audit   'micromark-extension-gfm-strikethrough': [ '2.1.0' ],
17 silly audit   'micromark-extension-gfm-table': [ '2.1.1' ],
17 silly audit   'micromark-extension-gfm-tagfilter': [ '2.0.0' ],
17 silly audit   'micromark-extension-gfm-task-list-item': [ '2.1.0' ],
17 silly audit   'micromark-factory-destination': [ '2.0.1' ],
17 silly audit   'micromark-factory-label': [ '2.0.1' ],
17 silly audit   'micromark-factory-space': [ '2.0.1' ],
17 silly audit   'micromark-factory-title': [ '2.0.1' ],
17 silly audit   'micromark-factory-whitespace': [ '2.0.1' ],
17 silly audit   'micromark-util-character': [ '2.1.1' ],
17 silly audit   'micromark-util-chunked': [ '2.0.1' ],
17 silly audit   'micromark-util-classify-character': [ '2.0.1' ],
17 silly audit   'micromark-util-combine-extensions': [ '2.0.1' ],
17 silly audit   'micromark-util-decode-numeric-character-reference': [ '2.0.2' ],
17 silly audit   'micromark-util-decode-string': [ '2.0.1' ],
17 silly audit   'micromark-util-encode': [ '2.0.1' ],
17 silly audit   'micromark-util-html-tag-name': [ '2.0.1' ],
17 silly audit   'micromark-util-normalize-identifier': [ '2.0.1' ],
17 silly audit   'micromark-util-resolve-all': [ '2.0.1' ],
17 silly audit   'micromark-util-sanitize-uri': [ '2.0.1' ],
17 silly audit   'micromark-util-subtokenize': [ '2.1.0' ],
17 silly audit   'micromark-util-symbol': [ '2.0.1' ],
17 silly audit   'micromark-util-types': [ '2.0.2' ],
17 silly audit   micromatch: [ '4.0.8' ],
17 silly audit   picomatch: [ '2.3.2', '4.0.5' ],
17 silly audit   'mime-db': [ '1.54.0' ],
17 silly audit   'mime-types': [ '3.0.2' ],
17 silly audit   'mimic-fn': [ '3.1.0', '2.1.0' ],
17 silly audit   'mimic-function': [ '5.0.1' ],
17 silly audit   minimatch: [ '10.2.5' ],
17 silly audit   minimist: [ '1.2.8' ],
17 silly audit   ms: [ '2.1.3' ],
17 silly audit   negotiator: [ '1.0.0' ],
17 silly audit   'next-themes': [ '0.4.6' ],
17 silly audit   'node-releases': [ '2.0.51' ],
17 silly audit   'path-key': [ '4.0.0', '3.1.1' ],
17 silly audit   'object-assign': [ '4.1.1' ],
17 silly audit   'object-inspect': [ '1.13.4' ],
17 silly audit   'object-treeify': [ '1.1.33' ],
17 silly audit   'on-finished': [ '2.4.1' ],
17 silly audit   once: [ '1.4.0' ],
17 silly audit   onetime: [ '5.1.2', '7.0.0' ],
17 silly audit   ora: [ '8.2.0' ],
17 silly audit   'strip-ansi': [ '7.2.0', '6.0.1' ],
17 silly audit   'p-limit': [ '2.3.0' ],
17 silly audit   'p-locate': [ '3.0.0' ],
17 silly audit   'p-try': [ '2.2.0' ],
17 silly audit   'parent-module': [ '1.0.1' ],
17 silly audit   'parse-entities': [ '4.0.2' ],
17 silly audit   'parse-json': [ '5.2.0' ],
17 silly audit   'parse-ms': [ '4.0.0' ],
17 silly audit   parse5: [ '8.0.1' ],
17 silly audit   parseurl: [ '1.3.3' ],
17 silly audit   'path-browserify': [ '1.0.1' ],
17 silly audit   'path-exists': [ '3.0.0' ],
17 silly audit   'path-to-regexp': [ '8.4.2' ],
17 silly audit   pathe: [ '2.0.3' ],
17 silly audit   pathval: [ '2.0.1' ],
17 silly audit   picocolors: [ '1.1.1' ],
17 silly audit   'pkce-challenge': [ '5.0.1' ],
17 silly audit   'pkg-up': [ '3.1.0' ],
17 silly audit   playwright: [ '1.61.1' ],
17 silly audit   'playwright-core': [ '1.61.1' ],
17 silly audit   postcss: [ '8.5.16' ],
17 silly audit   'powershell-utils': [ '0.1.0' ],
17 silly audit   'pretty-ms': [ '9.3.0' ],
17 silly audit   prompts: [ '2.4.2' ],
17 silly audit   'property-information': [ '7.2.0' ],
17 silly audit   'proxy-addr': [ '2.0.7' ],
17 silly audit   punycode: [ '2.3.1' ],
17 silly audit   qs: [ '6.15.3' ],
17 silly audit   'queue-microtask': [ '1.2.3' ],
17 silly audit   'radix-ui': [ '1.6.7' ],
17 silly audit   'range-parser': [ '1.3.0' ],
17 silly audit   'raw-body': [ '3.0.2' ],
17 silly audit   react: [ '18.3.1' ],
17 silly audit   'react-dom': [ '18.3.1' ],
17 silly audit   'react-innertext': [ '1.1.5' ],
17 silly audit   'react-is': [ '19.2.7' ],
17 silly audit   'react-joyride': [ '3.2.0' ],
17 silly audit   'react-markdown': [ '10.1.0' ],
17 silly audit   'react-redux': [ '9.3.0' ],
17 silly audit   'react-refresh': [ '0.17.0' ],
17 silly audit   'react-remove-scroll': [ '2.7.2' ],
17 silly audit   'react-remove-scroll-bar': [ '2.3.8' ],
17 silly audit   'react-style-singleton': [ '2.2.3' ],
17 silly audit   'react-textarea-autosize': [ '8.5.9' ],
17 silly audit   recast: [ '0.23.12' ],
17 silly audit   recharts: [ '3.8.0' ],
17 silly audit   reselect: [ '5.1.1', '5.2.0' ],
17 silly audit   redux: [ '5.0.1' ],
17 silly audit   'redux-thunk': [ '3.1.0' ],
17 silly audit   'remark-gfm': [ '4.0.1' ],
17 silly audit   'remark-parse': [ '11.0.0' ],
17 silly audit   'remark-rehype': [ '11.1.2' ],
17 silly audit   'remark-stringify': [ '11.0.0' ],
17 silly audit   'require-from-string': [ '2.0.2' ],
17 silly audit   'resolve-from': [ '4.0.0' ],
17 silly audit   'restore-cursor': [ '5.1.0' ],
17 silly audit   reusify: [ '1.1.0' ],
17 silly audit   rollup: [ '4.62.2' ],
17 silly audit   router: [ '2.2.0' ],
17 silly audit   'rrweb-cssom': [ '0.8.0' ],
17 silly audit   'run-applescript': [ '7.1.0' ],
17 silly audit   'run-parallel': [ '1.2.0' ],
17 silly audit   'safe-content-frame': [ '0.0.27' ],
17 silly audit   'safer-buffer': [ '2.1.2' ],
17 silly audit   saxes: [ '6.0.0' ],
17 silly audit   scheduler: [ '0.23.2' ],
17 silly audit   scroll: [ '3.0.1' ],
17 silly audit   scrollparent: [ '2.1.0' ],
17 silly audit   'secure-json-parse': [ '4.1.0' ],
17 silly audit   send: [ '1.2.1' ],
17 silly audit   'serve-static': [ '2.2.1' ],
17 silly audit   setprototypeof: [ '1.2.0' ],
17 silly audit   shadcn: [ '4.13.0' ],
17 silly audit   'shebang-command': [ '2.0.0' ],
17 silly audit   'shebang-regex': [ '3.0.0' ],
17 silly audit   'side-channel': [ '1.1.1' ],
17 silly audit   'side-channel-list': [ '1.0.1' ],
17 silly audit   'side-channel-map': [ '1.0.1' ],
17 silly audit   'side-channel-weakmap': [ '1.0.2' ],
17 silly audit   siginfo: [ '2.0.0' ],
17 silly audit   sisteransi: [ '1.0.5' ],
17 silly audit   sonner: [ '2.0.7' ],
17 silly audit   'source-map': [ '0.6.1' ],
17 silly audit   'source-map-js': [ '1.2.1' ],
17 silly audit   'space-separated-tokens': [ '2.0.2' ],
17 silly audit   stackback: [ '0.0.2' ],
17 silly audit   statuses: [ '2.0.2' ],
17 silly audit   'std-env': [ '3.10.0' ],
17 silly audit   'stdin-discarder': [ '0.2.2' ],
17 silly audit   'string-width': [ '7.2.0' ],
17 silly audit   'stringify-entities': [ '4.0.4' ],
17 silly audit   'stringify-object': [ '5.0.0' ],
17 silly audit   'strip-bom': [ '3.0.0' ],
17 silly audit   'strip-literal': [ '3.1.0' ],
17 silly audit   'style-to-js': [ '1.1.21' ],
17 silly audit   'style-to-object': [ '1.0.14' ],
17 silly audit   'symbol-tree': [ '3.2.4' ],
17 silly audit   systeminformation: [ '5.31.17' ],
17 silly audit   'tailwind-merge': [ '3.6.0' ],
17 silly audit   tailwindcss: [ '4.3.2' ],
17 silly audit   tapable: [ '2.3.3' ],
17 silly audit   'tiny-invariant': [ '1.3.3' ],
17 silly audit   tinybench: [ '2.9.0' ],
17 silly audit   tinyexec: [ '0.3.2' ],
17 silly audit   tinyglobby: [ '0.2.17' ],
17 silly audit   tinypool: [ '1.1.1' ],
17 silly audit   tinyrainbow: [ '2.0.0' ],
17 silly audit   tinyspy: [ '4.0.4' ],
17 silly audit   tldts: [ '7.4.10' ],
17 silly audit   'tldts-core': [ '7.4.10' ],
17 silly audit   'to-regex-range': [ '5.0.1' ],
17 silly audit   toidentifier: [ '1.0.1' ],
17 silly audit   'tough-cookie': [ '6.0.2' ],
17 silly audit   tr46: [ '6.0.0' ],
17 silly audit   'trim-lines': [ '3.0.1' ],
17 silly audit   trough: [ '2.2.0' ],
17 silly audit   'ts-morph': [ '26.0.0' ],
17 silly audit   'tsconfig-paths': [ '4.2.0' ],
17 silly audit   'tw-animate-css': [ '1.4.0' ],
17 silly audit   'type-fest': [ '4.41.0' ],
17 silly audit   'type-is': [ '2.1.0' ],
17 silly audit   typescript: [ '5.9.3' ],
17 silly audit   undici: [ '7.28.0' ],
17 silly audit   'undici-types': [ '6.21.0' ],
17 silly audit   'unicorn-magic': [ '0.3.0' ],
17 silly audit   unified: [ '11.0.5' ],
17 silly audit   'unist-util-is': [ '6.0.1' ],
17 silly audit   'unist-util-position': [ '5.0.0' ],
17 silly audit   'unist-util-stringify-position': [ '4.0.0' ],
17 silly audit   'unist-util-visit': [ '5.1.0' ],
17 silly audit   'unist-util-visit-parents': [ '6.0.2' ],
17 silly audit   universalify: [ '2.0.1' ],
17 silly audit   unpipe: [ '1.0.0' ],
17 silly audit   'update-browserslist-db': [ '1.2.3' ],
17 silly audit   'use-callback-ref': [ '1.3.3' ],
17 silly audit   'use-composed-ref': [ '1.4.0' ],
17 silly audit   'use-isomorphic-layout-effect': [ '1.2.1' ],
17 silly audit   'use-latest': [ '1.3.0' ],
17 silly audit   'use-sidecar': [ '1.1.3' ],
17 silly audit   'use-sync-external-store': [ '1.6.0' ],
17 silly audit   'util-deprecate': [ '1.0.2' ],
17 silly audit   'validate-npm-package-name': [ '7.0.2' ],
17 silly audit   vary: [ '1.1.2' ],
17 silly audit   vfile: [ '6.0.3' ],
17 silly audit   'vfile-message': [ '4.0.3' ],
17 silly audit   'victory-vendor': [ '37.3.6' ],
17 silly audit   vite: [ '5.4.21' ],
17 silly audit   'vite-node': [ '3.2.4' ],
17 silly audit   vitest: [ '3.2.7' ],
17 silly audit   'w3c-xmlserializer': [ '5.0.0' ],
17 silly audit   'webidl-conversions': [ '8.0.1' ],
17 silly audit   'whatwg-encoding': [ '3.1.1' ],
17 silly audit   'whatwg-url': [ '15.1.0' ],
17 silly audit   'why-is-node-running': [ '2.3.0' ],
17 silly audit   wrappy: [ '1.0.2' ],
17 silly audit   ws: [ '8.21.2' ],
17 silly audit   'wsl-utils': [ '0.3.1' ],
17 silly audit   'xml-name-validator': [ '5.0.0' ],
17 silly audit   xmlchars: [ '2.2.0' ],
17 silly audit   yallist: [ '3.1.1' ],
17 silly audit   'yocto-spinner': [ '1.2.1' ],
17 silly audit   yoctocolors: [ '2.1.2' ],
17 silly audit   'zod-to-json-schema': [ '3.25.2' ],
17 silly audit   zwitch: [ '2.0.4' ]
17 silly audit }
18 verbose audit error FetchError: request to https://registry.npmjs.org/-/npm/v1/security/advisories/bulk failed, reason: getaddrinfo EAI_AGAIN registry.npmjs.org
18 verbose audit error     at ClientRequest.<anonymous> (/home/enamakel/.nvm/versions/node/v24.18.0/lib/node_modules/npm/node_modules/minipass-fetch/lib/index.js:130:14)
18 verbose audit error     at ClientRequest.emit (node:events:509:28)
18 verbose audit error     at emitErrorEvent (node:_http_client:109:11)
18 verbose audit error     at _destroy (node:_http_client:993:9)
18 verbose audit error     at onSocketNT (node:_http_client:1014:5)
18 verbose audit error     at process.processTicksAndRejections (node:internal/process/task_queues:91:21) {
18 verbose audit error   code: 'EAI_AGAIN',
18 verbose audit error   errno: 'EAI_AGAIN',
18 verbose audit error   syscall: 'getaddrinfo',
18 verbose audit error   hostname: 'registry.npmjs.org',
18 verbose audit error   type: 'system'
18 verbose audit error }
19 silly audit error undefined
20 silly audit report null
21 http cache zwitch@https://registry.npmjs.org/zwitch/-/zwitch-2.0.4.tgz 1ms (cache hit)
22 http cache zustand@https://registry.npmjs.org/zustand/-/zustand-4.5.7.tgz 0ms (cache hit)
23 http cache zod-to-json-schema@https://registry.npmjs.org/zod-to-json-schema/-/zod-to-json-schema-3.25.2.tgz 0ms (cache hit)
24 http cache zod@https://registry.npmjs.org/zod/-/zod-3.25.76.tgz 0ms (cache hit)
25 http cache yoctocolors@https://registry.npmjs.org/yoctocolors/-/yoctocolors-2.1.2.tgz 0ms (cache hit)
26 http cache yocto-spinner@https://registry.npmjs.org/yocto-spinner/-/yocto-spinner-1.2.1.tgz 0ms (cache hit)
27 http cache yallist@https://registry.npmjs.org/yallist/-/yallist-3.1.1.tgz 0ms (cache hit)
28 http cache xmlchars@https://registry.npmjs.org/xmlchars/-/xmlchars-2.2.0.tgz 0ms (cache hit)
29 http cache xml-name-validator@https://registry.npmjs.org/xml-name-validator/-/xml-name-validator-5.0.0.tgz 0ms (cache hit)
30 http cache wsl-utils@https://registry.npmjs.org/wsl-utils/-/wsl-utils-0.3.1.tgz 0ms (cache hit)
31 http cache ws@https://registry.npmjs.org/ws/-/ws-8.21.2.tgz 0ms (cache hit)
32 http cache wrappy@https://registry.npmjs.org/wrappy/-/wrappy-1.0.2.tgz 0ms (cache hit)
33 http cache why-is-node-running@https://registry.npmjs.org/why-is-node-running/-/why-is-node-running-2.3.0.tgz 0ms (cache hit)
34 http cache which@https://registry.npmjs.org/which/-/which-4.0.0.tgz 0ms (cache hit)
35 http cache whatwg-url@https://registry.npmjs.org/whatwg-url/-/whatwg-url-15.1.0.tgz 0ms (cache hit)
36 http cache whatwg-mimetype@https://registry.npmjs.org/whatwg-mimetype/-/whatwg-mimetype-4.0.0.tgz 0ms (cache hit)
37 http cache whatwg-encoding@https://registry.npmjs.org/whatwg-encoding/-/whatwg-encoding-3.1.1.tgz 0ms (cache hit)
38 http cache webidl-conversions@https://registry.npmjs.org/webidl-conversions/-/webidl-conversions-8.0.1.tgz 0ms (cache hit)
39 http cache w3c-xmlserializer@https://registry.npmjs.org/w3c-xmlserializer/-/w3c-xmlserializer-5.0.0.tgz 0ms (cache hit)
40 http cache vitest@https://registry.npmjs.org/vitest/-/vitest-3.2.7.tgz 0ms (cache hit)
41 http cache vite-node@https://registry.npmjs.org/vite-node/-/vite-node-3.2.4.tgz 0ms (cache hit)
42 http cache vite@https://registry.npmjs.org/vite/-/vite-5.4.21.tgz 0ms (cache hit)
43 http cache victory-vendor@https://registry.npmjs.org/victory-vendor/-/victory-vendor-37.3.6.tgz 0ms (cache hit)
44 http cache vfile-message@https://registry.npmjs.org/vfile-message/-/vfile-message-4.0.3.tgz 0ms (cache hit)
45 http cache vfile@https://registry.npmjs.org/vfile/-/vfile-6.0.3.tgz 0ms (cache hit)
46 http cache vary@https://registry.npmjs.org/vary/-/vary-1.1.2.tgz 0ms (cache hit)
47 http cache validate-npm-package-name@https://registry.npmjs.org/validate-npm-package-name/-/validate-npm-package-name-7.0.2.tgz 0ms (cache hit)
48 http cache util-deprecate@https://registry.npmjs.org/util-deprecate/-/util-deprecate-1.0.2.tgz 0ms (cache hit)
49 http cache use-sync-external-store@https://registry.npmjs.org/use-sync-external-store/-/use-sync-external-store-1.6.0.tgz 0ms (cache hit)
50 http cache use-sidecar@https://registry.npmjs.org/use-sidecar/-/use-sidecar-1.1.3.tgz 0ms (cache hit)
51 http cache use-latest@https://registry.npmjs.org/use-latest/-/use-latest-1.3.0.tgz 0ms (cache hit)
52 http cache use-isomorphic-layout-effect@https://registry.npmjs.org/use-isomorphic-layout-effect/-/use-isomorphic-layout-effect-1.2.1.tgz 0ms (cache hit)
53 http cache use-composed-ref@https://registry.npmjs.org/use-composed-ref/-/use-composed-ref-1.4.0.tgz 0ms (cache hit)
54 http cache use-callback-ref@https://registry.npmjs.org/use-callback-ref/-/use-callback-ref-1.3.3.tgz 0ms (cache hit)
55 http cache update-browserslist-db@https://registry.npmjs.org/update-browserslist-db/-/update-browserslist-db-1.2.3.tgz 0ms (cache hit)
56 http cache unpipe@https://registry.npmjs.org/unpipe/-/unpipe-1.0.0.tgz 0ms (cache hit)
57 http cache universalify@https://registry.npmjs.org/universalify/-/universalify-2.0.1.tgz 0ms (cache hit)
58 http cache unist-util-visit-parents@https://registry.npmjs.org/unist-util-visit-parents/-/unist-util-visit-parents-6.0.2.tgz 0ms (cache hit)
59 http cache unist-util-visit@https://registry.npmjs.org/unist-util-visit/-/unist-util-visit-5.1.0.tgz 0ms (cache hit)
60 http cache unist-util-stringify-position@https://registry.npmjs.org/unist-util-stringify-position/-/unist-util-stringify-position-4.0.0.tgz 0ms (cache hit)
61 http cache unist-util-position@https://registry.npmjs.org/unist-util-position/-/unist-util-position-5.0.0.tgz 0ms (cache hit)
62 http cache unist-util-is@https://registry.npmjs.org/unist-util-is/-/unist-util-is-6.0.1.tgz 0ms (cache hit)
63 http cache unified@https://registry.npmjs.org/unified/-/unified-11.0.5.tgz 0ms (cache hit)
64 http cache unicorn-magic@https://registry.npmjs.org/unicorn-magic/-/unicorn-magic-0.3.0.tgz 0ms (cache hit)
65 http cache undici-types@https://registry.npmjs.org/undici-types/-/undici-types-6.21.0.tgz 0ms (cache hit)
66 http cache undici@https://registry.npmjs.org/undici/-/undici-7.28.0.tgz 0ms (cache hit)
67 http cache typescript@https://registry.npmjs.org/typescript/-/typescript-5.9.3.tgz 0ms (cache hit)
68 http cache type-is@https://registry.npmjs.org/type-is/-/type-is-2.1.0.tgz 0ms (cache hit)
69 http cache type-fest@https://registry.npmjs.org/type-fest/-/type-fest-4.41.0.tgz 0ms (cache hit)
70 http cache tw-animate-css@https://registry.npmjs.org/tw-animate-css/-/tw-animate-css-1.4.0.tgz 0ms (cache hit)
71 http cache tslib@https://registry.npmjs.org/tslib/-/tslib-2.8.1.tgz 0ms (cache hit)
72 http cache tsconfig-paths@https://registry.npmjs.org/tsconfig-paths/-/tsconfig-paths-4.2.0.tgz 0ms (cache hit)
73 http cache ts-morph@https://registry.npmjs.org/ts-morph/-/ts-morph-26.0.0.tgz 0ms (cache hit)
74 http cache trough@https://registry.npmjs.org/trough/-/trough-2.2.0.tgz 0ms (cache hit)
75 http cache trim-lines@https://registry.npmjs.org/trim-lines/-/trim-lines-3.0.1.tgz 0ms (cache hit)
76 http cache tr46@https://registry.npmjs.org/tr46/-/tr46-6.0.0.tgz 0ms (cache hit)
77 http cache tough-cookie@https://registry.npmjs.org/tough-cookie/-/tough-cookie-6.0.2.tgz 0ms (cache hit)
78 http cache toidentifier@https://registry.npmjs.org/toidentifier/-/toidentifier-1.0.1.tgz 0ms (cache hit)
79 http cache to-regex-range@https://registry.npmjs.org/to-regex-range/-/to-regex-range-5.0.1.tgz 0ms (cache hit)
80 http cache tldts-core@https://registry.npmjs.org/tldts-core/-/tldts-core-7.4.10.tgz 0ms (cache hit)
81 http cache tldts@https://registry.npmjs.org/tldts/-/tldts-7.4.10.tgz 0ms (cache hit)
82 http cache tinyspy@https://registry.npmjs.org/tinyspy/-/tinyspy-4.0.4.tgz 0ms (cache hit)
83 http cache tinyrainbow@https://registry.npmjs.org/tinyrainbow/-/tinyrainbow-2.0.0.tgz 0ms (cache hit)
84 http cache tinypool@https://registry.npmjs.org/tinypool/-/tinypool-1.1.1.tgz 0ms (cache hit)
85 http cache tinyexec@https://registry.npmjs.org/tinyexec/-/tinyexec-0.3.2.tgz 0ms (cache hit)
86 http cache tinybench@https://registry.npmjs.org/tinybench/-/tinybench-2.9.0.tgz 0ms (cache hit)
87 http cache tinyglobby@https://registry.npmjs.org/tinyglobby/-/tinyglobby-0.2.17.tgz 0ms (cache hit)
88 http cache tiny-invariant@https://registry.npmjs.org/tiny-invariant/-/tiny-invariant-1.3.3.tgz 0ms (cache hit)
89 http cache tapable@https://registry.npmjs.org/tapable/-/tapable-2.3.3.tgz 0ms (cache hit)
90 http cache tailwindcss@https://registry.npmjs.org/tailwindcss/-/tailwindcss-4.3.2.tgz 0ms (cache hit)
91 http cache tailwind-merge@https://registry.npmjs.org/tailwind-merge/-/tailwind-merge-3.6.0.tgz 0ms (cache hit)
92 http cache systeminformation@https://registry.npmjs.org/systeminformation/-/systeminformation-5.31.17.tgz 0ms (cache hit)
93 http cache symbol-tree@https://registry.npmjs.org/symbol-tree/-/symbol-tree-3.2.4.tgz 0ms (cache hit)
94 http cache style-to-object@https://registry.npmjs.org/style-to-object/-/style-to-object-1.0.14.tgz 0ms (cache hit)
95 http cache style-to-js@https://registry.npmjs.org/style-to-js/-/style-to-js-1.1.21.tgz 0ms (cache hit)
96 http cache strip-literal@https://registry.npmjs.org/strip-literal/-/strip-literal-3.1.0.tgz 0ms (cache hit)
97 http cache strip-final-newline@https://registry.npmjs.org/strip-final-newline/-/strip-final-newline-4.0.0.tgz 0ms (cache hit)
98 http cache strip-bom@https://registry.npmjs.org/strip-bom/-/strip-bom-3.0.0.tgz 0ms (cache hit)
99 http cache strip-ansi@https://registry.npmjs.org/strip-ansi/-/strip-ansi-6.0.1.tgz 0ms (cache hit)
100 http cache stringify-object@https://registry.npmjs.org/stringify-object/-/stringify-object-5.0.0.tgz 0ms (cache hit)
101 http cache stringify-entities@https://registry.npmjs.org/stringify-entities/-/stringify-entities-4.0.4.tgz 0ms (cache hit)
102 http cache string-width@https://registry.npmjs.org/string-width/-/string-width-7.2.0.tgz 0ms (cache hit)
103 http cache stdin-discarder@https://registry.npmjs.org/stdin-discarder/-/stdin-discarder-0.2.2.tgz 0ms (cache hit)
104 http cache std-env@https://registry.npmjs.org/std-env/-/std-env-3.10.0.tgz 0ms (cache hit)
105 http cache statuses@https://registry.npmjs.org/statuses/-/statuses-2.0.2.tgz 0ms (cache hit)
106 http cache space-separated-tokens@https://registry.npmjs.org/space-separated-tokens/-/space-separated-tokens-2.0.2.tgz 0ms (cache hit)
107 http cache stackback@https://registry.npmjs.org/stackback/-/stackback-0.0.2.tgz 0ms (cache hit)
108 http cache source-map-js@https://registry.npmjs.org/source-map-js/-/source-map-js-1.2.1.tgz 0ms (cache hit)
109 http cache source-map@https://registry.npmjs.org/source-map/-/source-map-0.6.1.tgz 0ms (cache hit)
110 http cache sonner@https://registry.npmjs.org/sonner/-/sonner-2.0.7.tgz 0ms (cache hit)
111 http cache sisteransi@https://registry.npmjs.org/sisteransi/-/sisteransi-1.0.5.tgz 0ms (cache hit)
112 http cache signal-exit@https://registry.npmjs.org/signal-exit/-/signal-exit-4.1.0.tgz 1ms (cache hit)
113 http cache siginfo@https://registry.npmjs.org/siginfo/-/siginfo-2.0.0.tgz 0ms (cache hit)
114 http cache side-channel-weakmap@https://registry.npmjs.org/side-channel-weakmap/-/side-channel-weakmap-1.0.2.tgz 0ms (cache hit)
115 http cache side-channel-map@https://registry.npmjs.org/side-channel-map/-/side-channel-map-1.0.1.tgz 0ms (cache hit)
116 http cache side-channel-list@https://registry.npmjs.org/side-channel-list/-/side-channel-list-1.0.1.tgz 0ms (cache hit)
117 http cache side-channel@https://registry.npmjs.org/side-channel/-/side-channel-1.1.1.tgz 0ms (cache hit)
118 http cache shebang-regex@https://registry.npmjs.org/shebang-regex/-/shebang-regex-3.0.0.tgz 0ms (cache hit)
119 http cache shebang-command@https://registry.npmjs.org/shebang-command/-/shebang-command-2.0.0.tgz 1ms (cache hit)
120 http cache shadcn@https://registry.npmjs.org/shadcn/-/shadcn-4.13.0.tgz 0ms (cache hit)
121 http cache setprototypeof@https://registry.npmjs.org/setprototypeof/-/setprototypeof-1.2.0.tgz 0ms (cache hit)
122 http cache serve-static@https://registry.npmjs.org/serve-static/-/serve-static-2.2.1.tgz 0ms (cache hit)
123 http cache send@https://registry.npmjs.org/send/-/send-1.2.1.tgz 0ms (cache hit)
124 http cache semver@https://registry.npmjs.org/semver/-/semver-6.3.1.tgz 0ms (cache hit)
125 http cache secure-json-parse@https://registry.npmjs.org/secure-json-parse/-/secure-json-parse-4.1.0.tgz 0ms (cache hit)
126 http cache scrollparent@https://registry.npmjs.org/scrollparent/-/scrollparent-2.1.0.tgz 0ms (cache hit)
127 http cache scroll@https://registry.npmjs.org/scroll/-/scroll-3.0.1.tgz 0ms (cache hit)
128 http cache scheduler@https://registry.npmjs.org/scheduler/-/scheduler-0.23.2.tgz 0ms (cache hit)
129 http cache saxes@https://registry.npmjs.org/saxes/-/saxes-6.0.0.tgz 0ms (cache hit)
130 http cache safer-buffer@https://registry.npmjs.org/safer-buffer/-/safer-buffer-2.1.2.tgz 0ms (cache hit)
131 http cache safe-content-frame@https://registry.npmjs.org/safe-content-frame/-/safe-content-frame-0.0.27.tgz 0ms (cache hit)
132 http cache run-parallel@https://registry.npmjs.org/run-parallel/-/run-parallel-1.2.0.tgz 0ms (cache hit)
133 http cache run-applescript@https://registry.npmjs.org/run-applescript/-/run-applescript-7.1.0.tgz 0ms (cache hit)
134 http cache rrweb-cssom@https://registry.npmjs.org/rrweb-cssom/-/rrweb-cssom-0.8.0.tgz 0ms (cache hit)
135 http cache router@https://registry.npmjs.org/router/-/router-2.2.0.tgz 0ms (cache hit)
136 http cache rollup@https://registry.npmjs.org/rollup/-/rollup-4.62.2.tgz 0ms (cache hit)
137 http cache reusify@https://registry.npmjs.org/reusify/-/reusify-1.1.0.tgz 0ms (cache hit)
138 http cache restore-cursor@https://registry.npmjs.org/restore-cursor/-/restore-cursor-5.1.0.tgz 0ms (cache hit)
139 http cache resolve-from@https://registry.npmjs.org/resolve-from/-/resolve-from-4.0.0.tgz 0ms (cache hit)
140 http cache reselect@https://registry.npmjs.org/reselect/-/reselect-5.2.0.tgz 0ms (cache hit)
141 http cache require-from-string@https://registry.npmjs.org/require-from-string/-/require-from-string-2.0.2.tgz 0ms (cache hit)
142 http cache remark-stringify@https://registry.npmjs.org/remark-stringify/-/remark-stringify-11.0.0.tgz 0ms (cache hit)
143 http cache remark-rehype@https://registry.npmjs.org/remark-rehype/-/remark-rehype-11.1.2.tgz 0ms (cache hit)
144 http cache remark-parse@https://registry.npmjs.org/remark-parse/-/remark-parse-11.0.0.tgz 0ms (cache hit)
145 http cache remark-gfm@https://registry.npmjs.org/remark-gfm/-/remark-gfm-4.0.1.tgz 0ms (cache hit)
146 http cache redux-thunk@https://registry.npmjs.org/redux-thunk/-/redux-thunk-3.1.0.tgz 0ms (cache hit)
147 http cache redux@https://registry.npmjs.org/redux/-/redux-5.0.1.tgz 0ms (cache hit)
148 http cache recharts@https://registry.npmjs.org/recharts/-/recharts-3.8.0.tgz 0ms (cache hit)
149 http cache recast@https://registry.npmjs.org/recast/-/recast-0.23.12.tgz 0ms (cache hit)
150 http cache react-textarea-autosize@https://registry.npmjs.org/react-textarea-autosize/-/react-textarea-autosize-8.5.9.tgz 0ms (cache hit)
151 http cache react-style-singleton@https://registry.npmjs.org/react-style-singleton/-/react-style-singleton-2.2.3.tgz 0ms (cache hit)
152 http cache react-remove-scroll-bar@https://registry.npmjs.org/react-remove-scroll-bar/-/react-remove-scroll-bar-2.3.8.tgz 0ms (cache hit)
153 http cache react-remove-scroll@https://registry.npmjs.org/react-remove-scroll/-/react-remove-scroll-2.7.2.tgz 0ms (cache hit)
154 http cache react-refresh@https://registry.npmjs.org/react-refresh/-/react-refresh-0.17.0.tgz 0ms (cache hit)
155 http cache react-redux@https://registry.npmjs.org/react-redux/-/react-redux-9.3.0.tgz 0ms (cache hit)
156 http cache react-markdown@https://registry.npmjs.org/react-markdown/-/react-markdown-10.1.0.tgz 0ms (cache hit)
157 http cache react-joyride@https://registry.npmjs.org/react-joyride/-/react-joyride-3.2.0.tgz 0ms (cache hit)
158 http cache react-is@https://registry.npmjs.org/react-is/-/react-is-19.2.7.tgz 0ms (cache hit)
159 http cache react-innertext@https://registry.npmjs.org/react-innertext/-/react-innertext-1.1.5.tgz 0ms (cache hit)
160 http cache react-dom@https://registry.npmjs.org/react-dom/-/react-dom-18.3.1.tgz 0ms (cache hit)
161 http cache react@https://registry.npmjs.org/react/-/react-18.3.1.tgz 0ms (cache hit)
162 http cache raw-body@https://registry.npmjs.org/raw-body/-/raw-body-3.0.2.tgz 0ms (cache hit)
163 http cache range-parser@https://registry.npmjs.org/range-parser/-/range-parser-1.3.0.tgz 0ms (cache hit)
164 http cache radix-ui@https://registry.npmjs.org/radix-ui/-/radix-ui-1.6.7.tgz 0ms (cache hit)
165 http cache queue-microtask@https://registry.npmjs.org/queue-microtask/-/queue-microtask-1.2.3.tgz 0ms (cache hit)
166 http cache qs@https://registry.npmjs.org/qs/-/qs-6.15.3.tgz 0ms (cache hit)
167 http cache punycode@https://registry.npmjs.org/punycode/-/punycode-2.3.1.tgz 0ms (cache hit)
168 http cache proxy-addr@https://registry.npmjs.org/proxy-addr/-/proxy-addr-2.0.7.tgz 0ms (cache hit)
169 http cache property-information@https://registry.npmjs.org/property-information/-/property-information-7.2.0.tgz 0ms (cache hit)
170 http cache prompts@https://registry.npmjs.org/prompts/-/prompts-2.4.2.tgz 0ms (cache hit)
171 http cache pretty-ms@https://registry.npmjs.org/pretty-ms/-/pretty-ms-9.3.0.tgz 0ms (cache hit)
172 http cache powershell-utils@https://registry.npmjs.org/powershell-utils/-/powershell-utils-0.1.0.tgz 0ms (cache hit)
173 http cache postcss-selector-parser@https://registry.npmjs.org/postcss-selector-parser/-/postcss-selector-parser-7.1.4.tgz 0ms (cache hit)
174 http cache postcss@https://registry.npmjs.org/postcss/-/postcss-8.5.16.tgz 0ms (cache hit)
175 http cache playwright-core@https://registry.npmjs.org/playwright-core/-/playwright-core-1.61.1.tgz 0ms (cache hit)
176 http cache playwright@https://registry.npmjs.org/playwright/-/playwright-1.61.1.tgz 0ms (cache hit)
177 http cache pkg-up@https://registry.npmjs.org/pkg-up/-/pkg-up-3.1.0.tgz 0ms (cache hit)
178 http cache pkce-challenge@https://registry.npmjs.org/pkce-challenge/-/pkce-challenge-5.0.1.tgz 0ms (cache hit)
179 http cache picomatch@https://registry.npmjs.org/picomatch/-/picomatch-4.0.5.tgz 0ms (cache hit)
180 http cache picocolors@https://registry.npmjs.org/picocolors/-/picocolors-1.1.1.tgz 0ms (cache hit)
181 http cache pathval@https://registry.npmjs.org/pathval/-/pathval-2.0.1.tgz 0ms (cache hit)
182 http cache pathe@https://registry.npmjs.org/pathe/-/pathe-2.0.3.tgz 0ms (cache hit)
183 http cache path-to-regexp@https://registry.npmjs.org/path-to-regexp/-/path-to-regexp-8.4.2.tgz 0ms (cache hit)
184 http cache path-key@https://registry.npmjs.org/path-key/-/path-key-3.1.1.tgz 0ms (cache hit)
185 http cache path-exists@https://registry.npmjs.org/path-exists/-/path-exists-3.0.0.tgz 0ms (cache hit)
186 http cache path-browserify@https://registry.npmjs.org/path-browserify/-/path-browserify-1.0.1.tgz 0ms (cache hit)
187 http cache parseurl@https://registry.npmjs.org/parseurl/-/parseurl-1.3.3.tgz 0ms (cache hit)
188 http cache parse5@https://registry.npmjs.org/parse5/-/parse5-8.0.1.tgz 0ms (cache hit)
189 http cache parse-ms@https://registry.npmjs.org/parse-ms/-/parse-ms-4.0.0.tgz 0ms (cache hit)
190 http cache parse-json@https://registry.npmjs.org/parse-json/-/parse-json-5.2.0.tgz 0ms (cache hit)
191 http cache parse-entities@https://registry.npmjs.org/parse-entities/-/parse-entities-4.0.2.tgz 0ms (cache hit)
192 http cache parent-module@https://registry.npmjs.org/parent-module/-/parent-module-1.0.1.tgz 0ms (cache hit)
193 http cache p-try@https://registry.npmjs.org/p-try/-/p-try-2.2.0.tgz 0ms (cache hit)
194 http cache p-locate@https://registry.npmjs.org/p-locate/-/p-locate-3.0.0.tgz 0ms (cache hit)
195 http cache p-limit@https://registry.npmjs.org/p-limit/-/p-limit-2.3.0.tgz 0ms (cache hit)
196 http cache ora@https://registry.npmjs.org/ora/-/ora-8.2.0.tgz 0ms (cache hit)
197 http cache open@https://registry.npmjs.org/open/-/open-11.0.0.tgz 0ms (cache hit)
198 http cache onetime@https://registry.npmjs.org/onetime/-/onetime-5.1.2.tgz 0ms (cache hit)
199 http cache once@https://registry.npmjs.org/once/-/once-1.4.0.tgz 0ms (cache hit)
200 http cache object-treeify@https://registry.npmjs.org/object-treeify/-/object-treeify-1.1.33.tgz 0ms (cache hit)
201 http cache on-finished@https://registry.npmjs.org/on-finished/-/on-finished-2.4.1.tgz 0ms (cache hit)
202 http cache object-inspect@https://registry.npmjs.org/object-inspect/-/object-inspect-1.13.4.tgz 0ms (cache hit)
203 http cache object-assign@https://registry.npmjs.org/object-assign/-/object-assign-4.1.1.tgz 0ms (cache hit)
204 http cache npm-run-path@https://registry.npmjs.org/npm-run-path/-/npm-run-path-6.0.0.tgz 0ms (cache hit)
205 http cache node-releases@https://registry.npmjs.org/node-releases/-/node-releases-2.0.51.tgz 0ms (cache hit)
206 http cache next-themes@https://registry.npmjs.org/next-themes/-/next-themes-0.4.6.tgz 0ms (cache hit)
207 http cache negotiator@https://registry.npmjs.org/negotiator/-/negotiator-1.0.0.tgz 0ms (cache hit)
208 http cache nanoid@https://registry.npmjs.org/nanoid/-/nanoid-3.3.15.tgz 0ms (cache hit)
209 http cache ms@https://registry.npmjs.org/ms/-/ms-2.1.3.tgz 0ms (cache hit)
210 http cache minimist@https://registry.npmjs.org/minimist/-/minimist-1.2.8.tgz 0ms (cache hit)
211 http cache minimatch@https://registry.npmjs.org/minimatch/-/minimatch-10.2.5.tgz 0ms (cache hit)
212 http cache mimic-function@https://registry.npmjs.org/mimic-function/-/mimic-function-5.0.1.tgz 0ms (cache hit)
213 http cache mimic-fn@https://registry.npmjs.org/mimic-fn/-/mimic-fn-3.1.0.tgz 0ms (cache hit)
214 http cache mime-types@https://registry.npmjs.org/mime-types/-/mime-types-3.0.2.tgz 0ms (cache hit)
215 http cache mime-db@https://registry.npmjs.org/mime-db/-/mime-db-1.54.0.tgz 0ms (cache hit)
216 http cache micromatch@https://registry.npmjs.org/micromatch/-/micromatch-4.0.8.tgz 0ms (cache hit)
217 http cache micromark-util-types@https://registry.npmjs.org/micromark-util-types/-/micromark-util-types-2.0.2.tgz 0ms (cache hit)
218 http cache micromark-util-symbol@https://registry.npmjs.org/micromark-util-symbol/-/micromark-util-symbol-2.0.1.tgz 0ms (cache hit)
219 http cache micromark-util-subtokenize@https://registry.npmjs.org/micromark-util-subtokenize/-/micromark-util-subtokenize-2.1.0.tgz 0ms (cache hit)
220 http cache micromark-util-sanitize-uri@https://registry.npmjs.org/micromark-util-sanitize-uri/-/micromark-util-sanitize-uri-2.0.1.tgz 0ms (cache hit)
221 http cache micromark-util-resolve-all@https://registry.npmjs.org/micromark-util-resolve-all/-/micromark-util-resolve-all-2.0.1.tgz 0ms (cache hit)
222 http cache micromark-util-normalize-identifier@https://registry.npmjs.org/micromark-util-normalize-identifier/-/micromark-util-normalize-identifier-2.0.1.tgz 0ms (cache hit)
223 http cache micromark-util-html-tag-name@https://registry.npmjs.org/micromark-util-html-tag-name/-/micromark-util-html-tag-name-2.0.1.tgz 0ms (cache hit)
224 http cache micromark-util-encode@https://registry.npmjs.org/micromark-util-encode/-/micromark-util-encode-2.0.1.tgz 0ms (cache hit)
225 http cache micromark-util-decode-string@https://registry.npmjs.org/micromark-util-decode-string/-/micromark-util-decode-string-2.0.1.tgz 0ms (cache hit)
226 http cache micromark-util-decode-numeric-character-reference@https://registry.npmjs.org/micromark-util-decode-numeric-character-reference/-/micromark-util-decode-numeric-character-reference-2.0.2.tgz 0ms (cache hit)
227 http cache micromark-util-combine-extensions@https://registry.npmjs.org/micromark-util-combine-extensions/-/micromark-util-combine-extensions-2.0.1.tgz 0ms (cache hit)
228 http cache micromark-util-classify-character@https://registry.npmjs.org/micromark-util-classify-character/-/micromark-util-classify-character-2.0.1.tgz 0ms (cache hit)
229 http cache micromark-util-chunked@https://registry.npmjs.org/micromark-util-chunked/-/micromark-util-chunked-2.0.1.tgz 0ms (cache hit)
230 http cache micromark-util-character@https://registry.npmjs.org/micromark-util-character/-/micromark-util-character-2.1.1.tgz 0ms (cache hit)
231 http cache micromark-factory-whitespace@https://registry.npmjs.org/micromark-factory-whitespace/-/micromark-factory-whitespace-2.0.1.tgz 0ms (cache hit)
232 http cache micromark-factory-title@https://registry.npmjs.org/micromark-factory-title/-/micromark-factory-title-2.0.1.tgz 0ms (cache hit)
233 http cache micromark-factory-space@https://registry.npmjs.org/micromark-factory-space/-/micromark-factory-space-2.0.1.tgz 0ms (cache hit)
234 http cache micromark-factory-label@https://registry.npmjs.org/micromark-factory-label/-/micromark-factory-label-2.0.1.tgz 0ms (cache hit)
235 http cache micromark-factory-destination@https://registry.npmjs.org/micromark-factory-destination/-/micromark-factory-destination-2.0.1.tgz 0ms (cache hit)
236 http cache micromark-extension-gfm-task-list-item@https://registry.npmjs.org/micromark-extension-gfm-task-list-item/-/micromark-extension-gfm-task-list-item-2.1.0.tgz 0ms (cache hit)
237 http cache micromark-extension-gfm-tagfilter@https://registry.npmjs.org/micromark-extension-gfm-tagfilter/-/micromark-extension-gfm-tagfilter-2.0.0.tgz 0ms (cache hit)
238 http cache micromark-extension-gfm-table@https://registry.npmjs.org/micromark-extension-gfm-table/-/micromark-extension-gfm-table-2.1.1.tgz 0ms (cache hit)
239 http cache micromark-extension-gfm-strikethrough@https://registry.npmjs.org/micromark-extension-gfm-strikethrough/-/micromark-extension-gfm-strikethrough-2.1.0.tgz 0ms (cache hit)
240 http cache micromark-extension-gfm-footnote@https://registry.npmjs.org/micromark-extension-gfm-footnote/-/micromark-extension-gfm-footnote-2.1.0.tgz 0ms (cache hit)
241 http cache micromark-extension-gfm-autolink-literal@https://registry.npmjs.org/micromark-extension-gfm-autolink-literal/-/micromark-extension-gfm-autolink-literal-2.1.0.tgz 0ms (cache hit)
242 http cache micromark-extension-gfm@https://registry.npmjs.org/micromark-extension-gfm/-/micromark-extension-gfm-3.0.0.tgz 0ms (cache hit)
243 http cache micromark-core-commonmark@https://registry.npmjs.org/micromark-core-commonmark/-/micromark-core-commonmark-2.0.3.tgz 0ms (cache hit)
244 http cache micromark@https://registry.npmjs.org/micromark/-/micromark-4.0.2.tgz 0ms (cache hit)
245 http cache merge2@https://registry.npmjs.org/merge2/-/merge2-1.4.1.tgz 0ms (cache hit)
246 http cache merge-stream@https://registry.npmjs.org/merge-stream/-/merge-stream-2.0.0.tgz 0ms (cache hit)
247 http cache merge-descriptors@https://registry.npmjs.org/merge-descriptors/-/merge-descriptors-2.0.0.tgz 0ms (cache hit)
248 http cache media-typer@https://registry.npmjs.org/media-typer/-/media-typer-1.1.0.tgz 0ms (cache hit)
249 http cache mdn-data@https://registry.npmjs.org/mdn-data/-/mdn-data-2.27.1.tgz 0ms (cache hit)
250 http cache mdast-util-to-string@https://registry.npmjs.org/mdast-util-to-string/-/mdast-util-to-string-4.0.0.tgz 0ms (cache hit)
251 http cache mdast-util-to-markdown@https://registry.npmjs.org/mdast-util-to-markdown/-/mdast-util-to-markdown-2.1.2.tgz 0ms (cache hit)
252 http cache mdast-util-to-hast@https://registry.npmjs.org/mdast-util-to-hast/-/mdast-util-to-hast-13.2.1.tgz 0ms (cache hit)
253 http cache mdast-util-phrasing@https://registry.npmjs.org/mdast-util-phrasing/-/mdast-util-phrasing-4.1.0.tgz 0ms (cache hit)
254 http cache mdast-util-mdxjs-esm@https://registry.npmjs.org/mdast-util-mdxjs-esm/-/mdast-util-mdxjs-esm-2.0.1.tgz 0ms (cache hit)
255 http cache mdast-util-mdx-jsx@https://registry.npmjs.org/mdast-util-mdx-jsx/-/mdast-util-mdx-jsx-3.2.0.tgz 0ms (cache hit)
256 http cache mdast-util-mdx-expression@https://registry.npmjs.org/mdast-util-mdx-expression/-/mdast-util-mdx-expression-2.0.1.tgz 0ms (cache hit)
257 http cache mdast-util-gfm-task-list-item@https://registry.npmjs.org/mdast-util-gfm-task-list-item/-/mdast-util-gfm-task-list-item-2.0.0.tgz 0ms (cache hit)
258 http cache mdast-util-gfm-table@https://registry.npmjs.org/mdast-util-gfm-table/-/mdast-util-gfm-table-2.0.0.tgz 0ms (cache hit)
259 http cache mdast-util-gfm-strikethrough@https://registry.npmjs.org/mdast-util-gfm-strikethrough/-/mdast-util-gfm-strikethrough-2.0.0.tgz 0ms (cache hit)
260 http cache mdast-util-gfm-footnote@https://registry.npmjs.org/mdast-util-gfm-footnote/-/mdast-util-gfm-footnote-2.1.0.tgz 0ms (cache hit)
261 http cache mdast-util-gfm-autolink-literal@https://registry.npmjs.org/mdast-util-gfm-autolink-literal/-/mdast-util-gfm-autolink-literal-2.0.1.tgz 0ms (cache hit)
262 http cache mdast-util-gfm@https://registry.npmjs.org/mdast-util-gfm/-/mdast-util-gfm-3.1.0.tgz 0ms (cache hit)
263 http cache mdast-util-from-markdown@https://registry.npmjs.org/mdast-util-from-markdown/-/mdast-util-from-markdown-2.0.3.tgz 0ms (cache hit)
264 http cache mdast-util-find-and-replace@https://registry.npmjs.org/mdast-util-find-and-replace/-/mdast-util-find-and-replace-3.0.2.tgz 0ms (cache hit)
265 http cache math-intrinsics@https://registry.npmjs.org/math-intrinsics/-/math-intrinsics-1.1.0.tgz 0ms (cache hit)
266 http cache markdown-table@https://registry.npmjs.org/markdown-table/-/markdown-table-3.0.4.tgz 0ms (cache hit)
267 http cache magic-string@https://registry.npmjs.org/magic-string/-/magic-string-0.30.21.tgz 0ms (cache hit)
268 http cache lucide-react@https://registry.npmjs.org/lucide-react/-/lucide-react-1.24.0.tgz 0ms (cache hit)
269 http cache lru-cache@https://registry.npmjs.org/lru-cache/-/lru-cache-5.1.1.tgz 0ms (cache hit)
270 http cache loupe@https://registry.npmjs.org/loupe/-/loupe-3.2.1.tgz 0ms (cache hit)
271 http cache loose-envify@https://registry.npmjs.org/loose-envify/-/loose-envify-1.4.0.tgz 0ms (cache hit)
272 http cache longest-streak@https://registry.npmjs.org/longest-streak/-/longest-streak-3.1.0.tgz 0ms (cache hit)
273 http cache log-symbols@https://registry.npmjs.org/log-symbols/-/log-symbols-6.0.0.tgz 0ms (cache hit)
274 http cache locate-path@https://registry.npmjs.org/locate-path/-/locate-path-3.0.0.tgz 0ms (cache hit)
275 http cache lines-and-columns@https://registry.npmjs.org/lines-and-columns/-/lines-and-columns-1.2.4.tgz 0ms (cache hit)
276 http cache lightningcss-linux-x64-musl@https://registry.npmjs.org/lightningcss-linux-x64-musl/-/lightningcss-linux-x64-musl-1.32.0.tgz 0ms (cache hit)
277 http cache lightningcss-linux-x64-gnu@https://registry.npmjs.org/lightningcss-linux-x64-gnu/-/lightningcss-linux-x64-gnu-1.32.0.tgz 0ms (cache hit)
278 http cache lightningcss@https://registry.npmjs.org/lightningcss/-/lightningcss-1.32.0.tgz 0ms (cache hit)
279 http cache kleur@https://registry.npmjs.org/kleur/-/kleur-4.1.5.tgz 0ms (cache hit)
280 http cache jsonfile@https://registry.npmjs.org/jsonfile/-/jsonfile-6.2.1.tgz 0ms (cache hit)
281 http cache json5@https://registry.npmjs.org/json5/-/json5-2.2.3.tgz 0ms (cache hit)
282 http cache json-schema-typed@https://registry.npmjs.org/json-schema-typed/-/json-schema-typed-8.0.2.tgz 0ms (cache hit)
283 http cache json-parse-even-better-errors@https://registry.npmjs.org/json-parse-even-better-errors/-/json-parse-even-better-errors-2.3.1.tgz 0ms (cache hit)
284 http cache json-schema-traverse@https://registry.npmjs.org/json-schema-traverse/-/json-schema-traverse-1.0.0.tgz 0ms (cache hit)
285 http cache jsesc@https://registry.npmjs.org/jsesc/-/jsesc-3.1.0.tgz 0ms (cache hit)
286 http cache jsdom@https://registry.npmjs.org/jsdom/-/jsdom-27.0.1.tgz 0ms (cache hit)
287 http cache js-yaml@https://registry.npmjs.org/js-yaml/-/js-yaml-4.3.0.tgz 0ms (cache hit)
288 http cache js-tokens@https://registry.npmjs.org/js-tokens/-/js-tokens-4.0.0.tgz 0ms (cache hit)
289 http cache jiti@https://registry.npmjs.org/jiti/-/jiti-2.7.0.tgz 0ms (cache hit)
290 http cache jose@https://registry.npmjs.org/jose/-/jose-6.2.3.tgz 0ms (cache hit)
291 http cache isexe@https://registry.npmjs.org/isexe/-/isexe-3.1.5.tgz 0ms (cache hit)
292 http cache is-wsl@https://registry.npmjs.org/is-wsl/-/is-wsl-3.1.1.tgz 0ms (cache hit)
293 http cache is-unicode-supported@https://registry.npmjs.org/is-unicode-supported/-/is-unicode-supported-2.1.0.tgz 0ms (cache hit)
294 http cache is-stream@https://registry.npmjs.org/is-stream/-/is-stream-4.0.1.tgz 0ms (cache hit)
295 http cache is-regexp@https://registry.npmjs.org/is-regexp/-/is-regexp-3.1.0.tgz 0ms (cache hit)
296 http cache is-promise@https://registry.npmjs.org/is-promise/-/is-promise-4.0.0.tgz 0ms (cache hit)
297 http cache is-potential-custom-element-name@https://registry.npmjs.org/is-potential-custom-element-name/-/is-potential-custom-element-name-1.0.1.tgz 0ms (cache hit)
298 http cache is-plain-obj@https://registry.npmjs.org/is-plain-obj/-/is-plain-obj-4.1.0.tgz 0ms (cache hit)
299 http cache is-obj@https://registry.npmjs.org/is-obj/-/is-obj-2.0.0.tgz 0ms (cache hit)
300 http cache is-number@https://registry.npmjs.org/is-number/-/is-number-7.0.0.tgz 0ms (cache hit)
301 http cache is-lite@https://registry.npmjs.org/is-lite/-/is-lite-2.0.0.tgz 0ms (cache hit)
302 http cache is-interactive@https://registry.npmjs.org/is-interactive/-/is-interactive-2.0.0.tgz 0ms (cache hit)
303 http cache is-inside-container@https://registry.npmjs.org/is-inside-container/-/is-inside-container-1.0.0.tgz 0ms (cache hit)
304 http cache is-in-ssh@https://registry.npmjs.org/is-in-ssh/-/is-in-ssh-1.0.0.tgz 0ms (cache hit)
305 http cache is-hexadecimal@https://registry.npmjs.org/is-hexadecimal/-/is-hexadecimal-2.0.1.tgz 0ms (cache hit)
306 http cache is-glob@https://registry.npmjs.org/is-glob/-/is-glob-4.0.3.tgz 0ms (cache hit)
307 http cache is-extglob@https://registry.npmjs.org/is-extglob/-/is-extglob-2.1.1.tgz 0ms (cache hit)
308 http cache is-docker@https://registry.npmjs.org/is-docker/-/is-docker-3.0.0.tgz 0ms (cache hit)
309 http cache is-decimal@https://registry.npmjs.org/is-decimal/-/is-decimal-2.0.1.tgz 0ms (cache hit)
310 http cache is-arrayish@https://registry.npmjs.org/is-arrayish/-/is-arrayish-0.2.1.tgz 0ms (cache hit)
311 http cache is-alphanumerical@https://registry.npmjs.org/is-alphanumerical/-/is-alphanumerical-2.0.1.tgz 0ms (cache hit)
312 http cache is-alphabetical@https://registry.npmjs.org/is-alphabetical/-/is-alphabetical-2.0.1.tgz 0ms (cache hit)
313 http cache ipaddr.js@https://registry.npmjs.org/ipaddr.js/-/ipaddr.js-1.9.1.tgz 0ms (cache hit)
314 http cache ip-address@https://registry.npmjs.org/ip-address/-/ip-address-10.2.0.tgz 0ms (cache hit)
315 http cache internmap@https://registry.npmjs.org/internmap/-/internmap-2.0.3.tgz 0ms (cache hit)
316 http cache inline-style-parser@https://registry.npmjs.org/inline-style-parser/-/inline-style-parser-0.2.7.tgz 0ms (cache hit)
317 http cache inherits@https://registry.npmjs.org/inherits/-/inherits-2.0.4.tgz 0ms (cache hit)
318 http cache import-fresh@https://registry.npmjs.org/import-fresh/-/import-fresh-3.3.1.tgz 0ms (cache hit)
319 http cache immer@https://registry.npmjs.org/immer/-/immer-10.2.0.tgz 1ms (cache hit)
320 http cache ignore@https://registry.npmjs.org/ignore/-/ignore-5.3.2.tgz 0ms (cache hit)
321 http cache iconv-lite@https://registry.npmjs.org/iconv-lite/-/iconv-lite-0.7.3.tgz 0ms (cache hit)
322 http cache human-signals@https://registry.npmjs.org/human-signals/-/human-signals-8.0.1.tgz 0ms (cache hit)
323 http cache https-proxy-agent@https://registry.npmjs.org/https-proxy-agent/-/https-proxy-agent-7.0.6.tgz 0ms (cache hit)
324 http cache http-proxy-agent@https://registry.npmjs.org/http-proxy-agent/-/http-proxy-agent-7.0.2.tgz 0ms (cache hit)
325 http cache http-errors@https://registry.npmjs.org/http-errors/-/http-errors-2.0.1.tgz 0ms (cache hit)
326 http cache html-url-attributes@https://registry.npmjs.org/html-url-attributes/-/html-url-attributes-3.0.1.tgz 0ms (cache hit)
327 http cache html-encoding-sniffer@https://registry.npmjs.org/html-encoding-sniffer/-/html-encoding-sniffer-4.0.0.tgz 0ms (cache hit)
328 http cache hono@https://registry.npmjs.org/hono/-/hono-4.12.30.tgz 0ms (cache hit)
329 http cache hast-util-whitespace@https://registry.npmjs.org/hast-util-whitespace/-/hast-util-whitespace-3.0.0.tgz 0ms (cache hit)
330 http cache hast-util-to-jsx-runtime@https://registry.npmjs.org/hast-util-to-jsx-runtime/-/hast-util-to-jsx-runtime-2.3.6.tgz 0ms (cache hit)
331 http cache hasown@https://registry.npmjs.org/hasown/-/hasown-2.0.4.tgz 0ms (cache hit)
332 http cache has-symbols@https://registry.npmjs.org/has-symbols/-/has-symbols-1.1.0.tgz 0ms (cache hit)
333 http cache graceful-fs@https://registry.npmjs.org/graceful-fs/-/graceful-fs-4.2.11.tgz 0ms (cache hit)
334 http cache gopd@https://registry.npmjs.org/gopd/-/gopd-1.2.0.tgz 0ms (cache hit)
335 http cache glob-parent@https://registry.npmjs.org/glob-parent/-/glob-parent-5.1.2.tgz 0ms (cache hit)
336 http cache get-stream@https://registry.npmjs.org/get-stream/-/get-stream-9.0.1.tgz 0ms (cache hit)
337 http cache get-proto@https://registry.npmjs.org/get-proto/-/get-proto-1.0.1.tgz 0ms (cache hit)
338 http cache get-own-enumerable-keys@https://registry.npmjs.org/get-own-enumerable-keys/-/get-own-enumerable-keys-1.0.0.tgz 0ms (cache hit)
339 http cache get-nonce@https://registry.npmjs.org/get-nonce/-/get-nonce-1.0.1.tgz 0ms (cache hit)
340 http cache get-intrinsic@https://registry.npmjs.org/get-intrinsic/-/get-intrinsic-1.3.0.tgz 0ms (cache hit)
341 http cache get-east-asian-width@https://registry.npmjs.org/get-east-asian-width/-/get-east-asian-width-1.6.0.tgz 0ms (cache hit)
342 http cache gensync@https://registry.npmjs.org/gensync/-/gensync-1.0.0-beta.2.tgz 0ms (cache hit)
343 http cache fuzzysort@https://registry.npmjs.org/fuzzysort/-/fuzzysort-3.1.0.tgz 0ms (cache hit)
344 http cache function-bind@https://registry.npmjs.org/function-bind/-/function-bind-1.1.2.tgz 0ms (cache hit)
345 http cache fs-extra@https://registry.npmjs.org/fs-extra/-/fs-extra-11.3.6.tgz 0ms (cache hit)
346 http cache fresh@https://registry.npmjs.org/fresh/-/fresh-2.0.0.tgz 0ms (cache hit)
347 http cache forwarded@https://registry.npmjs.org/forwarded/-/forwarded-0.2.0.tgz 0ms (cache hit)
348 http cache find-up@https://registry.npmjs.org/find-up/-/find-up-3.0.0.tgz 0ms (cache hit)
349 http cache finalhandler@https://registry.npmjs.org/finalhandler/-/finalhandler-2.1.1.tgz 0ms (cache hit)
350 http cache fill-range@https://registry.npmjs.org/fill-range/-/fill-range-7.1.1.tgz 0ms (cache hit)
351 http cache figures@https://registry.npmjs.org/figures/-/figures-6.1.0.tgz 0ms (cache hit)
352 http cache fdir@https://registry.npmjs.org/fdir/-/fdir-6.5.0.tgz 0ms (cache hit)
353 http cache fastq@https://registry.npmjs.org/fastq/-/fastq-1.20.1.tgz 0ms (cache hit)
354 http cache fast-uri@https://registry.npmjs.org/fast-uri/-/fast-uri-3.1.3.tgz 0ms (cache hit)
355 http cache fast-glob@https://registry.npmjs.org/fast-glob/-/fast-glob-3.3.3.tgz 0ms (cache hit)
356 http cache fast-deep-equal@https://registry.npmjs.org/fast-deep-equal/-/fast-deep-equal-3.1.3.tgz 0ms (cache hit)
357 http cache extend@https://registry.npmjs.org/extend/-/extend-3.0.2.tgz 0ms (cache hit)
358 http cache express-rate-limit@https://registry.npmjs.org/express-rate-limit/-/express-rate-limit-8.5.2.tgz 0ms (cache hit)
359 http cache express@https://registry.npmjs.org/express/-/express-5.2.1.tgz 0ms (cache hit)
360 http cache expect-type@https://registry.npmjs.org/expect-type/-/expect-type-1.4.0.tgz 0ms (cache hit)
361 http cache execa@https://registry.npmjs.org/execa/-/execa-9.6.1.tgz 0ms (cache hit)
362 http cache eventsource-parser@https://registry.npmjs.org/eventsource-parser/-/eventsource-parser-3.1.0.tgz 0ms (cache hit)
363 http cache eventsource@https://registry.npmjs.org/eventsource/-/eventsource-3.0.7.tgz 0ms (cache hit)
364 http cache eventemitter3@https://registry.npmjs.org/eventemitter3/-/eventemitter3-5.0.4.tgz 0ms (cache hit)
365 http cache etag@https://registry.npmjs.org/etag/-/etag-1.8.1.tgz 0ms (cache hit)
366 http cache estree-walker@https://registry.npmjs.org/estree-walker/-/estree-walker-3.0.3.tgz 0ms (cache hit)
367 http cache estree-util-is-identifier-name@https://registry.npmjs.org/estree-util-is-identifier-name/-/estree-util-is-identifier-name-3.0.0.tgz 0ms (cache hit)
368 http cache esprima@https://registry.npmjs.org/esprima/-/esprima-4.0.1.tgz 0ms (cache hit)
369 http cache escape-string-regexp@https://registry.npmjs.org/escape-string-regexp/-/escape-string-regexp-5.0.0.tgz 0ms (cache hit)
370 http cache escape-html@https://registry.npmjs.org/escape-html/-/escape-html-1.0.3.tgz 0ms (cache hit)
371 http cache escalade@https://registry.npmjs.org/escalade/-/escalade-3.2.0.tgz 0ms (cache hit)
372 http cache esbuild@https://registry.npmjs.org/esbuild/-/esbuild-0.21.5.tgz 0ms (cache hit)
373 http cache es-toolkit@https://registry.npmjs.org/es-toolkit/-/es-toolkit-1.49.0.tgz 0ms (cache hit)
374 http cache es-object-atoms@https://registry.npmjs.org/es-object-atoms/-/es-object-atoms-1.1.2.tgz 0ms (cache hit)
375 http cache es-module-lexer@https://registry.npmjs.org/es-module-lexer/-/es-module-lexer-1.7.0.tgz 0ms (cache hit)
376 http cache es-errors@https://registry.npmjs.org/es-errors/-/es-errors-1.3.0.tgz 0ms (cache hit)
377 http cache es-define-property@https://registry.npmjs.org/es-define-property/-/es-define-property-1.0.1.tgz 0ms (cache hit)
378 http cache error-ex@https://registry.npmjs.org/error-ex/-/error-ex-1.3.4.tgz 0ms (cache hit)
379 http cache env-paths@https://registry.npmjs.org/env-paths/-/env-paths-2.2.1.tgz 0ms (cache hit)
380 http cache entities@https://registry.npmjs.org/entities/-/entities-8.0.0.tgz 0ms (cache hit)
381 http cache enquirer@https://registry.npmjs.org/enquirer/-/enquirer-2.4.1.tgz 0ms (cache hit)
382 http cache enhanced-resolve@https://registry.npmjs.org/enhanced-resolve/-/enhanced-resolve-5.21.6.tgz 0ms (cache hit)
383 http cache encodeurl@https://registry.npmjs.org/encodeurl/-/encodeurl-2.0.0.tgz 0ms (cache hit)
384 http cache emoji-regex@https://registry.npmjs.org/emoji-regex/-/emoji-regex-10.6.0.tgz 0ms (cache hit)
385 http cache electron-to-chromium@https://registry.npmjs.org/electron-to-chromium/-/electron-to-chromium-1.5.389.tgz 0ms (cache hit)
386 http cache ee-first@https://registry.npmjs.org/ee-first/-/ee-first-1.1.1.tgz 0ms (cache hit)
387 http cache dunder-proto@https://registry.npmjs.org/dunder-proto/-/dunder-proto-1.0.1.tgz 0ms (cache hit)
388 http cache dotenv@https://registry.npmjs.org/dotenv/-/dotenv-17.4.2.tgz 0ms (cache hit)
389 http cache dot-prop@https://registry.npmjs.org/dot-prop/-/dot-prop-6.0.1.tgz 0ms (cache hit)
390 http cache diff@https://registry.npmjs.org/diff/-/diff-8.0.4.tgz 0ms (cache hit)
391 http cache devlop@https://registry.npmjs.org/devlop/-/devlop-1.1.0.tgz 0ms (cache hit)
392 http cache detect-node-es@https://registry.npmjs.org/detect-node-es/-/detect-node-es-1.1.0.tgz 0ms (cache hit)
393 http cache detect-libc@https://registry.npmjs.org/detect-libc/-/detect-libc-2.1.2.tgz 0ms (cache hit)
394 http cache dequal@https://registry.npmjs.org/dequal/-/dequal-2.0.3.tgz 0ms (cache hit)
395 http cache depd@https://registry.npmjs.org/depd/-/depd-2.0.0.tgz 0ms (cache hit)
396 http cache define-lazy-prop@https://registry.npmjs.org/define-lazy-prop/-/define-lazy-prop-3.0.0.tgz 0ms (cache hit)
397 http cache default-browser-id@https://registry.npmjs.org/default-browser-id/-/default-browser-id-5.0.1.tgz 0ms (cache hit)
398 http cache default-browser@https://registry.npmjs.org/default-browser/-/default-browser-5.5.0.tgz 0ms (cache hit)
399 http cache deepmerge@https://registry.npmjs.org/deepmerge/-/deepmerge-4.3.1.tgz 0ms (cache hit)
400 http cache deep-eql@https://registry.npmjs.org/deep-eql/-/deep-eql-5.0.2.tgz 0ms (cache hit)
401 http cache dedent@https://registry.npmjs.org/dedent/-/dedent-1.7.2.tgz 0ms (cache hit)
402 http cache decode-named-character-reference@https://registry.npmjs.org/decode-named-character-reference/-/decode-named-character-reference-1.3.0.tgz 0ms (cache hit)
403 http cache decimal.js-light@https://registry.npmjs.org/decimal.js-light/-/decimal.js-light-2.5.1.tgz 0ms (cache hit)
404 http cache decimal.js@https://registry.npmjs.org/decimal.js/-/decimal.js-10.6.0.tgz 0ms (cache hit)
405 http cache debug@https://registry.npmjs.org/debug/-/debug-4.4.3.tgz 0ms (cache hit)
406 http cache debounce-fn@https://registry.npmjs.org/debounce-fn/-/debounce-fn-4.0.0.tgz 0ms (cache hit)
407 http cache data-urls@https://registry.npmjs.org/data-urls/-/data-urls-6.0.1.tgz 0ms (cache hit)
408 http cache d3-zoom@https://registry.npmjs.org/d3-zoom/-/d3-zoom-3.0.0.tgz 0ms (cache hit)
409 http cache d3-transition@https://registry.npmjs.org/d3-transition/-/d3-transition-3.0.1.tgz 0ms (cache hit)
410 http cache d3-timer@https://registry.npmjs.org/d3-timer/-/d3-timer-3.0.1.tgz 0ms (cache hit)
411 http cache d3-time-format@https://registry.npmjs.org/d3-time-format/-/d3-time-format-4.1.0.tgz 0ms (cache hit)
412 http cache d3-time@https://registry.npmjs.org/d3-time/-/d3-time-3.1.0.tgz 0ms (cache hit)
413 http cache d3-shape@https://registry.npmjs.org/d3-shape/-/d3-shape-3.2.0.tgz 0ms (cache hit)
414 http cache d3-selection@https://registry.npmjs.org/d3-selection/-/d3-selection-3.0.0.tgz 0ms (cache hit)
415 http cache d3-scale@https://registry.npmjs.org/d3-scale/-/d3-scale-4.0.2.tgz 0ms (cache hit)
416 http cache d3-quadtree@https://registry.npmjs.org/d3-quadtree/-/d3-quadtree-3.0.1.tgz 0ms (cache hit)
417 http cache d3-path@https://registry.npmjs.org/d3-path/-/d3-path-3.1.0.tgz 0ms (cache hit)
418 http cache d3-interpolate@https://registry.npmjs.org/d3-interpolate/-/d3-interpolate-3.0.1.tgz 0ms (cache hit)
419 http cache d3-format@https://registry.npmjs.org/d3-format/-/d3-format-3.1.2.tgz 0ms (cache hit)
420 http cache d3-force@https://registry.npmjs.org/d3-force/-/d3-force-3.0.0.tgz 0ms (cache hit)
421 http cache d3-ease@https://registry.npmjs.org/d3-ease/-/d3-ease-3.0.1.tgz 0ms (cache hit)
422 http cache d3-drag@https://registry.npmjs.org/d3-drag/-/d3-drag-3.0.0.tgz 0ms (cache hit)
423 http cache d3-dispatch@https://registry.npmjs.org/d3-dispatch/-/d3-dispatch-3.0.1.tgz 0ms (cache hit)
424 http cache d3-color@https://registry.npmjs.org/d3-color/-/d3-color-3.1.0.tgz 0ms (cache hit)
425 http cache d3-array@https://registry.npmjs.org/d3-array/-/d3-array-3.2.4.tgz 0ms (cache hit)
426 http cache csstype@https://registry.npmjs.org/csstype/-/csstype-3.2.3.tgz 0ms (cache hit)
427 http cache cssstyle@https://registry.npmjs.org/cssstyle/-/cssstyle-5.3.7.tgz 0ms (cache hit)
428 http cache cssesc@https://registry.npmjs.org/cssesc/-/cssesc-3.0.0.tgz 0ms (cache hit)
429 http cache css-tree@https://registry.npmjs.org/css-tree/-/css-tree-3.2.1.tgz 0ms (cache hit)
430 http cache cross-spawn@https://registry.npmjs.org/cross-spawn/-/cross-spawn-7.0.6.tgz 0ms (cache hit)
431 http cache cosmiconfig@https://registry.npmjs.org/cosmiconfig/-/cosmiconfig-9.0.2.tgz 0ms (cache hit)
432 http cache cors@https://registry.npmjs.org/cors/-/cors-2.8.6.tgz 0ms (cache hit)
433 http cache cookie-signature@https://registry.npmjs.org/cookie-signature/-/cookie-signature-1.2.2.tgz 0ms (cache hit)
434 http cache cookie@https://registry.npmjs.org/cookie/-/cookie-0.7.2.tgz 0ms (cache hit)
435 http cache convert-source-map@https://registry.npmjs.org/convert-source-map/-/convert-source-map-2.0.0.tgz 0ms (cache hit)
436 http cache content-type@https://registry.npmjs.org/content-type/-/content-type-1.0.5.tgz 0ms (cache hit)
437 http cache content-disposition@https://registry.npmjs.org/content-disposition/-/content-disposition-1.1.0.tgz 0ms (cache hit)
438 http cache conf@https://registry.npmjs.org/conf/-/conf-10.2.0.tgz 0ms (cache hit)
439 http cache commander@https://registry.npmjs.org/commander/-/commander-14.0.3.tgz 0ms (cache hit)
440 http cache comma-separated-tokens@https://registry.npmjs.org/comma-separated-tokens/-/comma-separated-tokens-2.0.3.tgz 0ms (cache hit)
441 http cache code-block-writer@https://registry.npmjs.org/code-block-writer/-/code-block-writer-13.0.3.tgz 0ms (cache hit)
442 http cache clsx@https://registry.npmjs.org/clsx/-/clsx-2.1.1.tgz 0ms (cache hit)
443 http cache cli-spinners@https://registry.npmjs.org/cli-spinners/-/cli-spinners-2.9.2.tgz 0ms (cache hit)
444 http cache cli-cursor@https://registry.npmjs.org/cli-cursor/-/cli-cursor-5.0.0.tgz 0ms (cache hit)
445 http cache classcat@https://registry.npmjs.org/classcat/-/classcat-5.0.5.tgz 0ms (cache hit)
446 http cache class-variance-authority@https://registry.npmjs.org/class-variance-authority/-/class-variance-authority-0.7.1.tgz 0ms (cache hit)
447 http cache check-error@https://registry.npmjs.org/check-error/-/check-error-2.1.3.tgz 0ms (cache hit)
448 http cache character-reference-invalid@https://registry.npmjs.org/character-reference-invalid/-/character-reference-invalid-2.0.1.tgz 0ms (cache hit)
449 http cache character-entities-legacy@https://registry.npmjs.org/character-entities-legacy/-/character-entities-legacy-3.0.0.tgz 0ms (cache hit)
450 http cache character-entities-html4@https://registry.npmjs.org/character-entities-html4/-/character-entities-html4-2.1.0.tgz 0ms (cache hit)
451 http cache character-entities@https://registry.npmjs.org/character-entities/-/character-entities-2.0.2.tgz 0ms (cache hit)
452 http cache chalk@https://registry.npmjs.org/chalk/-/chalk-5.6.2.tgz 0ms (cache hit)
453 http cache chai@https://registry.npmjs.org/chai/-/chai-5.3.3.tgz 0ms (cache hit)
454 http cache ccount@https://registry.npmjs.org/ccount/-/ccount-2.0.1.tgz 0ms (cache hit)
455 http cache caniuse-lite@https://registry.npmjs.org/caniuse-lite/-/caniuse-lite-1.0.30001803.tgz 0ms (cache hit)
456 http cache callsites@https://registry.npmjs.org/callsites/-/callsites-3.1.0.tgz 0ms (cache hit)
457 http cache call-bound@https://registry.npmjs.org/call-bound/-/call-bound-1.0.4.tgz 0ms (cache hit)
458 http cache call-bind-apply-helpers@https://registry.npmjs.org/call-bind-apply-helpers/-/call-bind-apply-helpers-1.0.2.tgz 0ms (cache hit)
459 http cache cac@https://registry.npmjs.org/cac/-/cac-6.7.14.tgz 0ms (cache hit)
460 http cache bytes@https://registry.npmjs.org/bytes/-/bytes-3.1.2.tgz 0ms (cache hit)
461 http cache bundle-name@https://registry.npmjs.org/bundle-name/-/bundle-name-4.1.0.tgz 0ms (cache hit)
462 http cache browserslist@https://registry.npmjs.org/browserslist/-/browserslist-4.28.5.tgz 0ms (cache hit)
463 http cache braces@https://registry.npmjs.org/braces/-/braces-3.0.3.tgz 0ms (cache hit)
464 http cache brace-expansion@https://registry.npmjs.org/brace-expansion/-/brace-expansion-5.0.7.tgz 0ms (cache hit)
465 http cache body-parser@https://registry.npmjs.org/body-parser/-/body-parser-2.3.0.tgz 0ms (cache hit)
466 http cache bidi-js@https://registry.npmjs.org/bidi-js/-/bidi-js-1.0.3.tgz 0ms (cache hit)
467 http cache baseline-browser-mapping@https://registry.npmjs.org/baseline-browser-mapping/-/baseline-browser-mapping-2.10.43.tgz 0ms (cache hit)
468 http cache balanced-match@https://registry.npmjs.org/balanced-match/-/balanced-match-4.0.4.tgz 0ms (cache hit)
469 http cache bail@https://registry.npmjs.org/bail/-/bail-2.0.2.tgz 0ms (cache hit)
470 http cache atomically@https://registry.npmjs.org/atomically/-/atomically-1.7.0.tgz 0ms (cache hit)
471 http cache ast-types@https://registry.npmjs.org/ast-types/-/ast-types-0.16.1.tgz 0ms (cache hit)
472 http cache assistant-stream@https://registry.npmjs.org/assistant-stream/-/assistant-stream-0.3.39.tgz 0ms (cache hit)
473 http cache assistant-cloud@https://registry.npmjs.org/assistant-cloud/-/assistant-cloud-0.1.41.tgz 0ms (cache hit)
474 http cache assertion-error@https://registry.npmjs.org/assertion-error/-/assertion-error-2.0.1.tgz 0ms (cache hit)
475 http cache aria-hidden@https://registry.npmjs.org/aria-hidden/-/aria-hidden-1.2.6.tgz 0ms (cache hit)
476 http cache argparse@https://registry.npmjs.org/argparse/-/argparse-2.0.1.tgz 0ms (cache hit)
477 http cache ansi-regex@https://registry.npmjs.org/ansi-regex/-/ansi-regex-5.0.1.tgz 0ms (cache hit)
478 http cache ansi-colors@https://registry.npmjs.org/ansi-colors/-/ansi-colors-4.1.3.tgz 0ms (cache hit)
479 http cache ajv-formats@https://registry.npmjs.org/ajv-formats/-/ajv-formats-3.0.1.tgz 0ms (cache hit)
480 http cache ajv@https://registry.npmjs.org/ajv/-/ajv-8.20.0.tgz 0ms (cache hit)
481 http cache agent-base@https://registry.npmjs.org/agent-base/-/agent-base-7.1.4.tgz 0ms (cache hit)
482 http cache accepts@https://registry.npmjs.org/accepts/-/accepts-2.0.0.tgz 0ms (cache hit)
483 http cache @xyflow/system@https://registry.npmjs.org/@xyflow/system/-/system-0.0.79.tgz 0ms (cache hit)
484 http cache @xyflow/react@https://registry.npmjs.org/@xyflow/react/-/react-12.11.2.tgz 0ms (cache hit)
485 http cache @vitest/utils@https://registry.npmjs.org/@vitest/utils/-/utils-3.2.7.tgz 0ms (cache hit)
486 http cache @vitest/spy@https://registry.npmjs.org/@vitest/spy/-/spy-3.2.7.tgz 0ms (cache hit)
487 http cache @vitest/snapshot@https://registry.npmjs.org/@vitest/snapshot/-/snapshot-3.2.7.tgz 0ms (cache hit)
488 http cache @vitest/runner@https://registry.npmjs.org/@vitest/runner/-/runner-3.2.7.tgz 0ms (cache hit)
489 http cache @vitest/pretty-format@https://registry.npmjs.org/@vitest/pretty-format/-/pretty-format-3.2.7.tgz 0ms (cache hit)
490 http cache @vitest/mocker@https://registry.npmjs.org/@vitest/mocker/-/mocker-3.2.7.tgz 0ms (cache hit)
491 http cache @vitest/expect@https://registry.npmjs.org/@vitest/expect/-/expect-3.2.7.tgz 0ms (cache hit)
492 http cache @vitejs/plugin-react@https://registry.npmjs.org/@vitejs/plugin-react/-/plugin-react-4.7.0.tgz 0ms (cache hit)
493 http cache @ungap/structured-clone@https://registry.npmjs.org/@ungap/structured-clone/-/structured-clone-1.3.3.tgz 0ms (cache hit)
494 http cache @types/validate-npm-package-name@https://registry.npmjs.org/@types/validate-npm-package-name/-/validate-npm-package-name-4.0.2.tgz 1ms (cache hit)
495 http cache @types/use-sync-external-store@https://registry.npmjs.org/@types/use-sync-external-store/-/use-sync-external-store-0.0.6.tgz 0ms (cache hit)
496 http cache @types/unist@https://registry.npmjs.org/@types/unist/-/unist-3.0.3.tgz 0ms (cache hit)
497 http cache @types/react-dom@https://registry.npmjs.org/@types/react-dom/-/react-dom-18.3.7.tgz 0ms (cache hit)
498 http cache @types/react@https://registry.npmjs.org/@types/react/-/react-18.3.31.tgz 0ms (cache hit)
499 http cache @types/prop-types@https://registry.npmjs.org/@types/prop-types/-/prop-types-15.7.15.tgz 0ms (cache hit)
500 http cache @types/node@https://registry.npmjs.org/@types/node/-/node-22.20.1.tgz 0ms (cache hit)
501 http cache @types/ms@https://registry.npmjs.org/@types/ms/-/ms-2.1.0.tgz 0ms (cache hit)
502 http cache @types/mdast@https://registry.npmjs.org/@types/mdast/-/mdast-4.0.4.tgz 0ms (cache hit)
503 http cache @types/hast@https://registry.npmjs.org/@types/hast/-/hast-3.0.5.tgz 0ms (cache hit)
504 http cache @types/estree-jsx@https://registry.npmjs.org/@types/estree-jsx/-/estree-jsx-1.0.5.tgz 0ms (cache hit)
505 http cache @types/estree@https://registry.npmjs.org/@types/estree/-/estree-1.0.9.tgz 0ms (cache hit)
506 http cache @types/deep-eql@https://registry.npmjs.org/@types/deep-eql/-/deep-eql-4.0.2.tgz 0ms (cache hit)
507 http cache @types/debug@https://registry.npmjs.org/@types/debug/-/debug-4.1.13.tgz 0ms (cache hit)
508 http cache @types/d3-zoom@https://registry.npmjs.org/@types/d3-zoom/-/d3-zoom-3.0.8.tgz 0ms (cache hit)
509 http cache @types/d3-transition@https://registry.npmjs.org/@types/d3-transition/-/d3-transition-3.0.9.tgz 0ms (cache hit)
510 http cache @types/d3-timer@https://registry.npmjs.org/@types/d3-timer/-/d3-timer-3.0.2.tgz 0ms (cache hit)
511 http cache @types/d3-time@https://registry.npmjs.org/@types/d3-time/-/d3-time-3.0.4.tgz 0ms (cache hit)
512 http cache @types/d3-shape@https://registry.npmjs.org/@types/d3-shape/-/d3-shape-3.1.8.tgz 0ms (cache hit)
513 http cache @types/d3-selection@https://registry.npmjs.org/@types/d3-selection/-/d3-selection-3.0.11.tgz 0ms (cache hit)
514 http cache @types/d3-scale@https://registry.npmjs.org/@types/d3-scale/-/d3-scale-4.0.9.tgz 0ms (cache hit)
515 http cache @types/d3-path@https://registry.npmjs.org/@types/d3-path/-/d3-path-3.1.1.tgz 0ms (cache hit)
516 http cache @types/d3-interpolate@https://registry.npmjs.org/@types/d3-interpolate/-/d3-interpolate-3.0.4.tgz 0ms (cache hit)
517 http cache @types/d3-force@https://registry.npmjs.org/@types/d3-force/-/d3-force-3.0.10.tgz 0ms (cache hit)
518 http cache @types/d3-ease@https://registry.npmjs.org/@types/d3-ease/-/d3-ease-3.0.2.tgz 0ms (cache hit)
519 http cache @types/d3-drag@https://registry.npmjs.org/@types/d3-drag/-/d3-drag-3.0.7.tgz 0ms (cache hit)
520 http cache @types/d3-color@https://registry.npmjs.org/@types/d3-color/-/d3-color-3.1.3.tgz 0ms (cache hit)
521 http cache @types/d3-array@https://registry.npmjs.org/@types/d3-array/-/d3-array-3.2.2.tgz 0ms (cache hit)
522 http cache @types/chai@https://registry.npmjs.org/@types/chai/-/chai-5.2.3.tgz 0ms (cache hit)
523 http cache @types/babel__traverse@https://registry.npmjs.org/@types/babel__traverse/-/babel__traverse-7.28.0.tgz 0ms (cache hit)
524 http cache @types/babel__template@https://registry.npmjs.org/@types/babel__template/-/babel__template-7.4.4.tgz 0ms (cache hit)
525 http cache @types/babel__generator@https://registry.npmjs.org/@types/babel__generator/-/babel__generator-7.27.0.tgz 0ms (cache hit)
526 http cache @types/babel__core@https://registry.npmjs.org/@types/babel__core/-/babel__core-7.20.5.tgz 0ms (cache hit)
527 http cache @ts-morph/common@https://registry.npmjs.org/@ts-morph/common/-/common-0.27.0.tgz 0ms (cache hit)
528 http cache @tauri-apps/cli-linux-x64-musl@https://registry.npmjs.org/@tauri-apps/cli-linux-x64-musl/-/cli-linux-x64-musl-2.11.4.tgz 0ms (cache hit)
529 http cache @tauri-apps/cli-linux-x64-gnu@https://registry.npmjs.org/@tauri-apps/cli-linux-x64-gnu/-/cli-linux-x64-gnu-2.11.4.tgz 0ms (cache hit)
530 http cache @tauri-apps/cli@https://registry.npmjs.org/@tauri-apps/cli/-/cli-2.11.4.tgz 0ms (cache hit)
531 http cache @tauri-apps/api@https://registry.npmjs.org/@tauri-apps/api/-/api-2.11.1.tgz 0ms (cache hit)
532 http cache @tailwindcss/vite@https://registry.npmjs.org/@tailwindcss/vite/-/vite-4.3.2.tgz 0ms (cache hit)
533 http cache @tailwindcss/typography@https://registry.npmjs.org/@tailwindcss/typography/-/typography-0.5.20.tgz 0ms (cache hit)
534 http cache @tailwindcss/oxide-linux-x64-musl@https://registry.npmjs.org/@tailwindcss/oxide-linux-x64-musl/-/oxide-linux-x64-musl-4.3.2.tgz 0ms (cache hit)
535 http cache @tailwindcss/oxide-linux-x64-gnu@https://registry.npmjs.org/@tailwindcss/oxide-linux-x64-gnu/-/oxide-linux-x64-gnu-4.3.2.tgz 0ms (cache hit)
536 http cache @tailwindcss/oxide@https://registry.npmjs.org/@tailwindcss/oxide/-/oxide-4.3.2.tgz 0ms (cache hit)
537 http cache @tailwindcss/node@https://registry.npmjs.org/@tailwindcss/node/-/node-4.3.2.tgz 1ms (cache hit)
538 http cache @standard-schema/utils@https://registry.npmjs.org/@standard-schema/utils/-/utils-0.3.0.tgz 0ms (cache hit)
539 http cache @standard-schema/spec@https://registry.npmjs.org/@standard-schema/spec/-/spec-1.1.0.tgz 0ms (cache hit)
540 http cache @sindresorhus/merge-streams@https://registry.npmjs.org/@sindresorhus/merge-streams/-/merge-streams-4.0.0.tgz 0ms (cache hit)
541 http cache @sec-ant/readable-stream@https://registry.npmjs.org/@sec-ant/readable-stream/-/readable-stream-0.4.1.tgz 0ms (cache hit)
542 http cache @rollup/rollup-linux-x64-musl@https://registry.npmjs.org/@rollup/rollup-linux-x64-musl/-/rollup-linux-x64-musl-4.62.2.tgz 0ms (cache hit)
543 http cache @rollup/rollup-linux-x64-gnu@https://registry.npmjs.org/@rollup/rollup-linux-x64-gnu/-/rollup-linux-x64-gnu-4.62.2.tgz 0ms (cache hit)
544 http cache @rolldown/pluginutils@https://registry.npmjs.org/@rolldown/pluginutils/-/pluginutils-1.0.0-beta.27.tgz 0ms (cache hit)
545 http cache @reduxjs/toolkit@https://registry.npmjs.org/@reduxjs/toolkit/-/toolkit-2.12.0.tgz 0ms (cache hit)
546 http cache @radix-ui/rect@https://registry.npmjs.org/@radix-ui/rect/-/rect-1.1.3.tgz 0ms (cache hit)
547 http cache @radix-ui/react-visually-hidden@https://registry.npmjs.org/@radix-ui/react-visually-hidden/-/react-visually-hidden-1.2.11.tgz 0ms (cache hit)
548 http cache @radix-ui/react-use-size@https://registry.npmjs.org/@radix-ui/react-use-size/-/react-use-size-1.1.4.tgz 0ms (cache hit)
549 http cache @radix-ui/react-use-rect@https://registry.npmjs.org/@radix-ui/react-use-rect/-/react-use-rect-1.1.4.tgz 0ms (cache hit)
550 http cache @radix-ui/react-use-previous@https://registry.npmjs.org/@radix-ui/react-use-previous/-/react-use-previous-1.1.4.tgz 0ms (cache hit)
551 http cache @radix-ui/react-use-layout-effect@https://registry.npmjs.org/@radix-ui/react-use-layout-effect/-/react-use-layout-effect-1.1.4.tgz 0ms (cache hit)
552 http cache @radix-ui/react-use-is-hydrated@https://registry.npmjs.org/@radix-ui/react-use-is-hydrated/-/react-use-is-hydrated-0.1.3.tgz 0ms (cache hit)
553 http cache @radix-ui/react-use-escape-keydown@https://registry.npmjs.org/@radix-ui/react-use-escape-keydown/-/react-use-escape-keydown-1.1.5.tgz 0ms (cache hit)
554 http cache @radix-ui/react-use-effect-event@https://registry.npmjs.org/@radix-ui/react-use-effect-event/-/react-use-effect-event-0.0.5.tgz 0ms (cache hit)
555 http cache @radix-ui/react-use-controllable-state@https://registry.npmjs.org/@radix-ui/react-use-controllable-state/-/react-use-controllable-state-1.2.6.tgz 0ms (cache hit)
556 http cache @radix-ui/react-use-callback-ref@https://registry.npmjs.org/@radix-ui/react-use-callback-ref/-/react-use-callback-ref-1.1.4.tgz 0ms (cache hit)
557 http cache @radix-ui/react-tooltip@https://registry.npmjs.org/@radix-ui/react-tooltip/-/react-tooltip-1.2.16.tgz 0ms (cache hit)
558 http cache @radix-ui/react-toolbar@https://registry.npmjs.org/@radix-ui/react-toolbar/-/react-toolbar-1.1.19.tgz 0ms (cache hit)
559 http cache @radix-ui/react-toggle-group@https://registry.npmjs.org/@radix-ui/react-toggle-group/-/react-toggle-group-1.1.19.tgz 0ms (cache hit)
560 http cache @radix-ui/react-toggle@https://registry.npmjs.org/@radix-ui/react-toggle/-/react-toggle-1.1.18.tgz 0ms (cache hit)
561 http cache @radix-ui/react-toast@https://registry.npmjs.org/@radix-ui/react-toast/-/react-toast-1.2.23.tgz 0ms (cache hit)
562 http cache @radix-ui/react-tabs@https://registry.npmjs.org/@radix-ui/react-tabs/-/react-tabs-1.1.21.tgz 0ms (cache hit)
563 http cache @radix-ui/react-switch@https://registry.npmjs.org/@radix-ui/react-switch/-/react-switch-1.3.7.tgz 0ms (cache hit)
564 http cache @radix-ui/react-slot@https://registry.npmjs.org/@radix-ui/react-slot/-/react-slot-1.3.3.tgz 0ms (cache hit)
565 http cache @radix-ui/react-slider@https://registry.npmjs.org/@radix-ui/react-slider/-/react-slider-1.4.7.tgz 0ms (cache hit)
566 http cache @radix-ui/react-separator@https://registry.npmjs.org/@radix-ui/react-separator/-/react-separator-1.1.15.tgz 0ms (cache hit)
567 http cache @radix-ui/react-scroll-area@https://registry.npmjs.org/@radix-ui/react-scroll-area/-/react-scroll-area-1.2.18.tgz 0ms (cache hit)
568 http cache @radix-ui/react-select@https://registry.npmjs.org/@radix-ui/react-select/-/react-select-2.3.7.tgz 0ms (cache hit)
569 http cache @radix-ui/react-roving-focus@https://registry.npmjs.org/@radix-ui/react-roving-focus/-/react-roving-focus-1.1.19.tgz 0ms (cache hit)
570 http cache @radix-ui/react-radio-group@https://registry.npmjs.org/@radix-ui/react-radio-group/-/react-radio-group-1.4.7.tgz 0ms (cache hit)
571 http cache @radix-ui/react-progress@https://registry.npmjs.org/@radix-ui/react-progress/-/react-progress-1.1.16.tgz 0ms (cache hit)
572 http cache @radix-ui/react-primitive@https://registry.npmjs.org/@radix-ui/react-primitive/-/react-primitive-2.1.10.tgz 0ms (cache hit)
573 http cache @radix-ui/react-presence@https://registry.npmjs.org/@radix-ui/react-presence/-/react-presence-1.1.10.tgz 0ms (cache hit)
574 http cache @radix-ui/react-portal@https://registry.npmjs.org/@radix-ui/react-portal/-/react-portal-1.1.17.tgz 0ms (cache hit)
575 http cache @radix-ui/react-popper@https://registry.npmjs.org/@radix-ui/react-popper/-/react-popper-1.3.7.tgz 0ms (cache hit)
576 http cache @radix-ui/react-popover@https://registry.npmjs.org/@radix-ui/react-popover/-/react-popover-1.1.23.tgz 0ms (cache hit)
577 http cache @radix-ui/react-password-toggle-field@https://registry.npmjs.org/@radix-ui/react-password-toggle-field/-/react-password-toggle-field-0.1.11.tgz 0ms (cache hit)
578 http cache @radix-ui/react-one-time-password-field@https://registry.npmjs.org/@radix-ui/react-one-time-password-field/-/react-one-time-password-field-0.1.16.tgz 0ms (cache hit)
579 http cache @radix-ui/react-navigation-menu@https://registry.npmjs.org/@radix-ui/react-navigation-menu/-/react-navigation-menu-1.2.22.tgz 0ms (cache hit)
580 http cache @radix-ui/react-menubar@https://registry.npmjs.org/@radix-ui/react-menubar/-/react-menubar-1.1.24.tgz 0ms (cache hit)
581 http cache @radix-ui/react-menu@https://registry.npmjs.org/@radix-ui/react-menu/-/react-menu-2.1.24.tgz 0ms (cache hit)
582 http cache @radix-ui/react-label@https://registry.npmjs.org/@radix-ui/react-label/-/react-label-2.1.15.tgz 0ms (cache hit)
583 http cache @radix-ui/react-id@https://registry.npmjs.org/@radix-ui/react-id/-/react-id-1.1.4.tgz 0ms (cache hit)
584 http cache @radix-ui/react-hover-card@https://registry.npmjs.org/@radix-ui/react-hover-card/-/react-hover-card-1.1.23.tgz 0ms (cache hit)
585 http cache @radix-ui/react-form@https://registry.npmjs.org/@radix-ui/react-form/-/react-form-0.1.16.tgz 0ms (cache hit)
586 http cache @radix-ui/react-focus-scope@https://registry.npmjs.org/@radix-ui/react-focus-scope/-/react-focus-scope-1.1.16.tgz 0ms (cache hit)
587 http cache @radix-ui/react-focus-guards@https://registry.npmjs.org/@radix-ui/react-focus-guards/-/react-focus-guards-1.1.6.tgz 0ms (cache hit)
588 http cache @radix-ui/react-dropdown-menu@https://registry.npmjs.org/@radix-ui/react-dropdown-menu/-/react-dropdown-menu-2.1.24.tgz 0ms (cache hit)
589 http cache @radix-ui/react-dismissable-layer@https://registry.npmjs.org/@radix-ui/react-dismissable-layer/-/react-dismissable-layer-1.1.19.tgz 0ms (cache hit)
590 http cache @radix-ui/react-direction@https://registry.npmjs.org/@radix-ui/react-direction/-/react-direction-1.1.4.tgz 0ms (cache hit)
591 http cache @radix-ui/react-dialog@https://registry.npmjs.org/@radix-ui/react-dialog/-/react-dialog-1.1.23.tgz 0ms (cache hit)
592 http cache @radix-ui/react-context-menu@https://registry.npmjs.org/@radix-ui/react-context-menu/-/react-context-menu-2.3.7.tgz 0ms (cache hit)
593 http cache @radix-ui/react-compose-refs@https://registry.npmjs.org/@radix-ui/react-compose-refs/-/react-compose-refs-1.1.5.tgz 0ms (cache hit)
594 http cache @radix-ui/react-context@https://registry.npmjs.org/@radix-ui/react-context/-/react-context-1.2.2.tgz 0ms (cache hit)
595 http cache @radix-ui/react-collection@https://registry.npmjs.org/@radix-ui/react-collection/-/react-collection-1.1.15.tgz 0ms (cache hit)
596 http cache @radix-ui/react-collapsible@https://registry.npmjs.org/@radix-ui/react-collapsible/-/react-collapsible-1.1.20.tgz 0ms (cache hit)
597 http cache @radix-ui/react-checkbox@https://registry.npmjs.org/@radix-ui/react-checkbox/-/react-checkbox-1.3.11.tgz 0ms (cache hit)
598 http cache @radix-ui/react-avatar@https://registry.npmjs.org/@radix-ui/react-avatar/-/react-avatar-1.2.6.tgz 0ms (cache hit)
599 http cache @radix-ui/react-aspect-ratio@https://registry.npmjs.org/@radix-ui/react-aspect-ratio/-/react-aspect-ratio-1.1.15.tgz 0ms (cache hit)
600 http cache @radix-ui/react-arrow@https://registry.npmjs.org/@radix-ui/react-arrow/-/react-arrow-1.1.15.tgz 0ms (cache hit)
601 http cache @radix-ui/react-alert-dialog@https://registry.npmjs.org/@radix-ui/react-alert-dialog/-/react-alert-dialog-1.1.23.tgz 0ms (cache hit)
602 http cache @radix-ui/react-accordion@https://registry.npmjs.org/@radix-ui/react-accordion/-/react-accordion-1.2.20.tgz 0ms (cache hit)
603 http cache @radix-ui/react-accessible-icon@https://registry.npmjs.org/@radix-ui/react-accessible-icon/-/react-accessible-icon-1.1.15.tgz 0ms (cache hit)
604 http cache @radix-ui/primitive@https://registry.npmjs.org/@radix-ui/primitive/-/primitive-1.1.7.tgz 0ms (cache hit)
605 http cache @radix-ui/number@https://registry.npmjs.org/@radix-ui/number/-/number-1.1.3.tgz 0ms (cache hit)
606 http cache @playwright/test@https://registry.npmjs.org/@playwright/test/-/test-1.61.1.tgz 0ms (cache hit)
607 http cache @nodelib/fs.walk@https://registry.npmjs.org/@nodelib/fs.walk/-/fs.walk-1.2.8.tgz 0ms (cache hit)
608 http cache @nodelib/fs.stat@https://registry.npmjs.org/@nodelib/fs.stat/-/fs.stat-2.0.5.tgz 0ms (cache hit)
609 http cache @nodelib/fs.scandir@https://registry.npmjs.org/@nodelib/fs.scandir/-/fs.scandir-2.1.5.tgz 0ms (cache hit)
610 http cache @modelcontextprotocol/sdk@https://registry.npmjs.org/@modelcontextprotocol/sdk/-/sdk-1.29.0.tgz 0ms (cache hit)
611 http cache @jridgewell/trace-mapping@https://registry.npmjs.org/@jridgewell/trace-mapping/-/trace-mapping-0.3.31.tgz 0ms (cache hit)
612 http cache @jridgewell/sourcemap-codec@https://registry.npmjs.org/@jridgewell/sourcemap-codec/-/sourcemap-codec-1.5.5.tgz 0ms (cache hit)
613 http cache @jridgewell/resolve-uri@https://registry.npmjs.org/@jridgewell/resolve-uri/-/resolve-uri-3.1.2.tgz 0ms (cache hit)
614 http cache @jridgewell/remapping@https://registry.npmjs.org/@jridgewell/remapping/-/remapping-2.3.5.tgz 0ms (cache hit)
615 http cache @jridgewell/gen-mapping@https://registry.npmjs.org/@jridgewell/gen-mapping/-/gen-mapping-0.3.13.tgz 0ms (cache hit)
616 http cache @hono/node-server@https://registry.npmjs.org/@hono/node-server/-/node-server-1.19.14.tgz 0ms (cache hit)
617 http cache @gilbarbara/types@https://registry.npmjs.org/@gilbarbara/types/-/types-0.2.2.tgz 0ms (cache hit)
618 http cache @gilbarbara/hooks@https://registry.npmjs.org/@gilbarbara/hooks/-/hooks-0.11.0.tgz 0ms (cache hit)
619 http cache @gilbarbara/deep-equal@https://registry.npmjs.org/@gilbarbara/deep-equal/-/deep-equal-0.4.1.tgz 0ms (cache hit)
620 http cache @fontsource-variable/geist-mono@https://registry.npmjs.org/@fontsource-variable/geist-mono/-/geist-mono-5.3.0.tgz 0ms (cache hit)
621 http cache @fontsource-variable/geist@https://registry.npmjs.org/@fontsource-variable/geist/-/geist-5.2.9.tgz 0ms (cache hit)
622 http cache @floating-ui/utils@https://registry.npmjs.org/@floating-ui/utils/-/utils-0.2.12.tgz 0ms (cache hit)
623 http cache @floating-ui/react-dom@https://registry.npmjs.org/@floating-ui/react-dom/-/react-dom-2.1.9.tgz 0ms (cache hit)
624 http cache @floating-ui/dom@https://registry.npmjs.org/@floating-ui/dom/-/dom-1.8.0.tgz 0ms (cache hit)
625 http cache @floating-ui/core@https://registry.npmjs.org/@floating-ui/core/-/core-1.8.0.tgz 0ms (cache hit)
626 http cache @fastify/deepmerge@https://registry.npmjs.org/@fastify/deepmerge/-/deepmerge-3.2.1.tgz 0ms (cache hit)
627 http cache @esbuild/linux-x64@https://registry.npmjs.org/@esbuild/linux-x64/-/linux-x64-0.21.5.tgz 0ms (cache hit)
628 http cache @dotenvx/primitives@https://registry.npmjs.org/@dotenvx/primitives/-/primitives-0.8.0.tgz 0ms (cache hit)
629 http cache @dotenvx/dotenvx@https://registry.npmjs.org/@dotenvx/dotenvx/-/dotenvx-1.75.1.tgz 0ms (cache hit)
630 http cache @csstools/css-tokenizer@https://registry.npmjs.org/@csstools/css-tokenizer/-/css-tokenizer-4.0.0.tgz 0ms (cache hit)
631 http cache @csstools/css-syntax-patches-for-csstree@https://registry.npmjs.org/@csstools/css-syntax-patches-for-csstree/-/css-syntax-patches-for-csstree-1.1.7.tgz 0ms (cache hit)
632 http cache @csstools/css-parser-algorithms@https://registry.npmjs.org/@csstools/css-parser-algorithms/-/css-parser-algorithms-4.0.0.tgz 0ms (cache hit)
633 http cache @csstools/css-color-parser@https://registry.npmjs.org/@csstools/css-color-parser/-/css-color-parser-4.1.10.tgz 0ms (cache hit)
634 http cache @csstools/css-calc@https://registry.npmjs.org/@csstools/css-calc/-/css-calc-3.3.0.tgz 0ms (cache hit)
635 http cache @csstools/color-helpers@https://registry.npmjs.org/@csstools/color-helpers/-/color-helpers-6.1.0.tgz 0ms (cache hit)
636 http cache @base-ui/utils@https://registry.npmjs.org/@base-ui/utils/-/utils-0.3.1.tgz 0ms (cache hit)
637 http cache @base-ui/react@https://registry.npmjs.org/@base-ui/react/-/react-1.6.0.tgz 0ms (cache hit)
638 http cache @babel/types@https://registry.npmjs.org/@babel/types/-/types-7.29.7.tgz 0ms (cache hit)
639 http cache @babel/traverse@https://registry.npmjs.org/@babel/traverse/-/traverse-7.29.7.tgz 0ms (cache hit)
640 http cache @babel/template@https://registry.npmjs.org/@babel/template/-/template-7.29.7.tgz 0ms (cache hit)
641 http cache @babel/runtime@https://registry.npmjs.org/@babel/runtime/-/runtime-7.29.7.tgz 0ms (cache hit)
642 http cache @babel/preset-typescript@https://registry.npmjs.org/@babel/preset-typescript/-/preset-typescript-7.29.7.tgz 0ms (cache hit)
643 http cache @babel/plugin-transform-typescript@https://registry.npmjs.org/@babel/plugin-transform-typescript/-/plugin-transform-typescript-7.29.7.tgz 0ms (cache hit)
644 http cache @babel/plugin-transform-react-jsx-source@https://registry.npmjs.org/@babel/plugin-transform-react-jsx-source/-/plugin-transform-react-jsx-source-7.29.7.tgz 0ms (cache hit)
645 http cache @babel/plugin-transform-react-jsx-self@https://registry.npmjs.org/@babel/plugin-transform-react-jsx-self/-/plugin-transform-react-jsx-self-7.29.7.tgz 0ms (cache hit)
646 http cache @babel/plugin-transform-modules-commonjs@https://registry.npmjs.org/@babel/plugin-transform-modules-commonjs/-/plugin-transform-modules-commonjs-7.29.7.tgz 0ms (cache hit)
647 http cache @babel/plugin-syntax-typescript@https://registry.npmjs.org/@babel/plugin-syntax-typescript/-/plugin-syntax-typescript-7.29.7.tgz 0ms (cache hit)
648 http cache @babel/plugin-syntax-jsx@https://registry.npmjs.org/@babel/plugin-syntax-jsx/-/plugin-syntax-jsx-7.29.7.tgz 0ms (cache hit)
649 http cache @babel/parser@https://registry.npmjs.org/@babel/parser/-/parser-7.29.7.tgz 0ms (cache hit)
650 http cache @babel/helpers@https://registry.npmjs.org/@babel/helpers/-/helpers-7.29.7.tgz 0ms (cache hit)
651 http cache @babel/helper-validator-option@https://registry.npmjs.org/@babel/helper-validator-option/-/helper-validator-option-7.29.7.tgz 0ms (cache hit)
652 http cache @babel/helper-validator-identifier@https://registry.npmjs.org/@babel/helper-validator-identifier/-/helper-validator-identifier-7.29.7.tgz 0ms (cache hit)
653 http cache @babel/helper-string-parser@https://registry.npmjs.org/@babel/helper-string-parser/-/helper-string-parser-7.29.7.tgz 0ms (cache hit)
654 http cache @babel/helper-skip-transparent-expression-wrappers@https://registry.npmjs.org/@babel/helper-skip-transparent-expression-wrappers/-/helper-skip-transparent-expression-wrappers-7.29.7.tgz 0ms (cache hit)
655 http cache @babel/helper-replace-supers@https://registry.npmjs.org/@babel/helper-replace-supers/-/helper-replace-supers-7.29.7.tgz 0ms (cache hit)
656 http cache @babel/helper-plugin-utils@https://registry.npmjs.org/@babel/helper-plugin-utils/-/helper-plugin-utils-7.29.7.tgz 0ms (cache hit)
657 http cache @babel/helper-optimise-call-expression@https://registry.npmjs.org/@babel/helper-optimise-call-expression/-/helper-optimise-call-expression-7.29.7.tgz 0ms (cache hit)
658 http cache @babel/helper-module-transforms@https://registry.npmjs.org/@babel/helper-module-transforms/-/helper-module-transforms-7.29.7.tgz 0ms (cache hit)
659 http cache @babel/helper-module-imports@https://registry.npmjs.org/@babel/helper-module-imports/-/helper-module-imports-7.29.7.tgz 0ms (cache hit)
660 http cache @babel/helper-member-expression-to-functions@https://registry.npmjs.org/@babel/helper-member-expression-to-functions/-/helper-member-expression-to-functions-7.29.7.tgz 0ms (cache hit)
661 http cache @babel/helper-globals@https://registry.npmjs.org/@babel/helper-globals/-/helper-globals-7.29.7.tgz 0ms (cache hit)
662 http cache @babel/helper-create-class-features-plugin@https://registry.npmjs.org/@babel/helper-create-class-features-plugin/-/helper-create-class-features-plugin-7.29.7.tgz 0ms (cache hit)
663 http cache @babel/helper-compilation-targets@https://registry.npmjs.org/@babel/helper-compilation-targets/-/helper-compilation-targets-7.29.7.tgz 0ms (cache hit)
664 http cache @babel/helper-annotate-as-pure@https://registry.npmjs.org/@babel/helper-annotate-as-pure/-/helper-annotate-as-pure-7.29.7.tgz 0ms (cache hit)
665 http cache @babel/generator@https://registry.npmjs.org/@babel/generator/-/generator-7.29.7.tgz 0ms (cache hit)
666 http cache @babel/core@https://registry.npmjs.org/@babel/core/-/core-7.29.7.tgz 0ms (cache hit)
667 http cache @babel/compat-data@https://registry.npmjs.org/@babel/compat-data/-/compat-data-7.29.7.tgz 0ms (cache hit)
668 http cache @babel/code-frame@https://registry.npmjs.org/@babel/code-frame/-/code-frame-7.29.7.tgz 0ms (cache hit)
669 http cache @assistant-ui/tap@https://registry.npmjs.org/@assistant-ui/tap/-/tap-0.9.14.tgz 0ms (cache hit)
670 http cache @assistant-ui/store@https://registry.npmjs.org/@assistant-ui/store/-/store-0.3.10.tgz 0ms (cache hit)
671 http cache @assistant-ui/react@https://registry.npmjs.org/@assistant-ui/react/-/react-0.15.16.tgz 0ms (cache hit)
672 http cache @asamuzakjp/nwsapi@https://registry.npmjs.org/@asamuzakjp/nwsapi/-/nwsapi-2.3.9.tgz 0ms (cache hit)
673 http cache @asamuzakjp/dom-selector@https://registry.npmjs.org/@asamuzakjp/dom-selector/-/dom-selector-6.8.1.tgz 0ms (cache hit)
674 http cache @asamuzakjp/css-color@https://registry.npmjs.org/@asamuzakjp/css-color/-/css-color-4.1.2.tgz 0ms (cache hit)
675 http cache content-type@https://registry.npmjs.org/content-type/-/content-type-2.0.0.tgz 0ms (cache hit)
676 http cache js-tokens@https://registry.npmjs.org/js-tokens/-/js-tokens-9.0.1.tgz 0ms (cache hit)
677 http cache iconv-lite@https://registry.npmjs.org/iconv-lite/-/iconv-lite-0.6.3.tgz 0ms (cache hit)
678 http cache is-obj@https://registry.npmjs.org/is-obj/-/is-obj-3.0.0.tgz 0ms (cache hit)
679 http cache strip-ansi@https://registry.npmjs.org/strip-ansi/-/strip-ansi-7.2.0.tgz 0ms (cache hit)
680 http cache ansi-regex@https://registry.npmjs.org/ansi-regex/-/ansi-regex-6.2.2.tgz 0ms (cache hit)
681 http cache onetime@https://registry.npmjs.org/onetime/-/onetime-7.0.0.tgz 0ms (cache hit)
682 http cache reselect@https://registry.npmjs.org/reselect/-/reselect-5.1.1.tgz 0ms (cache hit)
683 http cache kleur@https://registry.npmjs.org/kleur/-/kleur-3.0.3.tgz 0ms (cache hit)
684 http cache @types/unist@https://registry.npmjs.org/@types/unist/-/unist-2.0.11.tgz 0ms (cache hit)
685 http cache strip-ansi@https://registry.npmjs.org/strip-ansi/-/strip-ansi-7.2.0.tgz 0ms (cache hit)
686 http cache ansi-regex@https://registry.npmjs.org/ansi-regex/-/ansi-regex-6.2.2.tgz 0ms (cache hit)
687 http cache mimic-fn@https://registry.npmjs.org/mimic-fn/-/mimic-fn-2.1.0.tgz 0ms (cache hit)
688 http cache path-key@https://registry.npmjs.org/path-key/-/path-key-4.0.0.tgz 0ms (cache hit)
689 http cache picomatch@https://registry.npmjs.org/picomatch/-/picomatch-2.3.2.tgz 0ms (cache hit)
690 http cache is-unicode-supported@https://registry.npmjs.org/is-unicode-supported/-/is-unicode-supported-1.3.0.tgz 0ms (cache hit)
691 http cache whatwg-mimetype@https://registry.npmjs.org/whatwg-mimetype/-/whatwg-mimetype-5.0.0.tgz 0ms (cache hit)
692 http cache lru-cache@https://registry.npmjs.org/lru-cache/-/lru-cache-11.5.2.tgz 0ms (cache hit)
693 http cache which@https://registry.npmjs.org/which/-/which-2.0.2.tgz 0ms (cache hit)
694 http cache isexe@https://registry.npmjs.org/isexe/-/isexe-2.0.0.tgz 0ms (cache hit)
695 http cache semver@https://registry.npmjs.org/semver/-/semver-7.8.5.tgz 0ms (cache hit)
696 http cache json-schema-typed@https://registry.npmjs.org/json-schema-typed/-/json-schema-typed-7.0.3.tgz 0ms (cache hit)
697 http cache ajv-formats@https://registry.npmjs.org/ajv-formats/-/ajv-formats-2.1.1.tgz 0ms (cache hit)
698 http cache nanoid@https://registry.npmjs.org/nanoid/-/nanoid-6.0.1.tgz 0ms (cache hit)
699 http cache content-type@https://registry.npmjs.org/content-type/-/content-type-2.0.0.tgz 0ms (cache hit)
700 http cache postcss-selector-parser@https://registry.npmjs.org/postcss-selector-parser/-/postcss-selector-parser-6.0.10.tgz 0ms (cache hit)
701 http cache immer@https://registry.npmjs.org/immer/-/immer-11.1.11.tgz 0ms (cache hit)
702 http cache strip-final-newline@https://registry.npmjs.org/strip-final-newline/-/strip-final-newline-2.0.0.tgz 0ms (cache hit)
703 http cache signal-exit@https://registry.npmjs.org/signal-exit/-/signal-exit-3.0.7.tgz 0ms (cache hit)
704 http cache open@https://registry.npmjs.org/open/-/open-8.4.2.tgz 0ms (cache hit)
705 http cache npm-run-path@https://registry.npmjs.org/npm-run-path/-/npm-run-path-4.0.1.tgz 0ms (cache hit)
706 http cache is-wsl@https://registry.npmjs.org/is-wsl/-/is-wsl-2.2.0.tgz 0ms (cache hit)
707 http cache is-stream@https://registry.npmjs.org/is-stream/-/is-stream-2.0.1.tgz 0ms (cache hit)
708 http cache is-docker@https://registry.npmjs.org/is-docker/-/is-docker-2.2.1.tgz 0ms (cache hit)
709 http cache human-signals@https://registry.npmjs.org/human-signals/-/human-signals-2.1.0.tgz 0ms (cache hit)
710 http cache get-stream@https://registry.npmjs.org/get-stream/-/get-stream-6.0.1.tgz 0ms (cache hit)
711 http cache execa@https://registry.npmjs.org/execa/-/execa-5.1.1.tgz 0ms (cache hit)
712 http cache define-lazy-prop@https://registry.npmjs.org/define-lazy-prop/-/define-lazy-prop-2.0.0.tgz 0ms (cache hit)
713 http cache commander@https://registry.npmjs.org/commander/-/commander-11.1.0.tgz 0ms (cache hit)
714 http cache zustand@https://registry.npmjs.org/zustand/-/zustand-5.0.15.tgz 0ms (cache hit)
715 http cache zod@https://registry.npmjs.org/zod/-/zod-4.4.3.tgz 0ms (cache hit)
716 http cache nanoid@https://registry.npmjs.org/nanoid/-/nanoid-6.0.1.tgz 0ms (cache hit)
717 http cache lru-cache@https://registry.npmjs.org/lru-cache/-/lru-cache-11.5.2.tgz 0ms (cache hit)
718 http cache lru-cache@https://registry.npmjs.org/lru-cache/-/lru-cache-11.5.2.tgz 0ms (cache hit)
719 silly tarball no local data for zwitch@https://registry.npmjs.org/zwitch/-/zwitch-2.0.4.tgz. Extracting by manifest.
720 silly tarball no local data for zustand@https://registry.npmjs.org/zustand/-/zustand-4.5.7.tgz. Extracting by manifest.
721 silly tarball no local data for zod-to-json-schema@https://registry.npmjs.org/zod-to-json-schema/-/zod-to-json-schema-3.25.2.tgz. Extracting by manifest.
722 silly tarball no local data for zod@https://registry.npmjs.org/zod/-/zod-3.25.76.tgz. Extracting by manifest.
723 silly tarball no local data for yoctocolors@https://registry.npmjs.org/yoctocolors/-/yoctocolors-2.1.2.tgz. Extracting by manifest.
724 silly tarball no local data for yocto-spinner@https://registry.npmjs.org/yocto-spinner/-/yocto-spinner-1.2.1.tgz. Extracting by manifest.
725 silly tarball no local data for yallist@https://registry.npmjs.org/yallist/-/yallist-3.1.1.tgz. Extracting by manifest.
726 silly tarball no local data for xmlchars@https://registry.npmjs.org/xmlchars/-/xmlchars-2.2.0.tgz. Extracting by manifest.
727 silly tarball no local data for xml-name-validator@https://registry.npmjs.org/xml-name-validator/-/xml-name-validator-5.0.0.tgz. Extracting by manifest.
728 silly tarball no local data for wsl-utils@https://registry.npmjs.org/wsl-utils/-/wsl-utils-0.3.1.tgz. Extracting by manifest.
729 silly tarball no local data for ws@https://registry.npmjs.org/ws/-/ws-8.21.2.tgz. Extracting by manifest.
730 silly tarball no local data for wrappy@https://registry.npmjs.org/wrappy/-/wrappy-1.0.2.tgz. Extracting by manifest.
731 silly tarball no local data for why-is-node-running@https://registry.npmjs.org/why-is-node-running/-/why-is-node-running-2.3.0.tgz. Extracting by manifest.
732 silly tarball no local data for which@https://registry.npmjs.org/which/-/which-4.0.0.tgz. Extracting by manifest.
733 silly tarball no local data for whatwg-url@https://registry.npmjs.org/whatwg-url/-/whatwg-url-15.1.0.tgz. Extracting by manifest.
734 silly tarball no local data for whatwg-mimetype@https://registry.npmjs.org/whatwg-mimetype/-/whatwg-mimetype-4.0.0.tgz. Extracting by manifest.
735 silly tarball no local data for whatwg-encoding@https://registry.npmjs.org/whatwg-encoding/-/whatwg-encoding-3.1.1.tgz. Extracting by manifest.
736 silly tarball no local data for webidl-conversions@https://registry.npmjs.org/webidl-conversions/-/webidl-conversions-8.0.1.tgz. Extracting by manifest.
737 silly tarball no local data for w3c-xmlserializer@https://registry.npmjs.org/w3c-xmlserializer/-/w3c-xmlserializer-5.0.0.tgz. Extracting by manifest.
738 silly tarball no local data for vitest@https://registry.npmjs.org/vitest/-/vitest-3.2.7.tgz. Extracting by manifest.
739 silly tarball no local data for vite-node@https://registry.npmjs.org/vite-node/-/vite-node-3.2.4.tgz. Extracting by manifest.
740 silly tarball no local data for vite@https://registry.npmjs.org/vite/-/vite-5.4.21.tgz. Extracting by manifest.
741 silly tarball no local data for victory-vendor@https://registry.npmjs.org/victory-vendor/-/victory-vendor-37.3.6.tgz. Extracting by manifest.
742 silly tarball no local data for vfile-message@https://registry.npmjs.org/vfile-message/-/vfile-message-4.0.3.tgz. Extracting by manifest.
743 silly tarball no local data for vfile@https://registry.npmjs.org/vfile/-/vfile-6.0.3.tgz. Extracting by manifest.
744 silly tarball no local data for vary@https://registry.npmjs.org/vary/-/vary-1.1.2.tgz. Extracting by manifest.
745 silly tarball no local data for validate-npm-package-name@https://registry.npmjs.org/validate-npm-package-name/-/validate-npm-package-name-7.0.2.tgz. Extracting by manifest.
746 silly tarball no local data for util-deprecate@https://registry.npmjs.org/util-deprecate/-/util-deprecate-1.0.2.tgz. Extracting by manifest.
747 silly tarball no local data for use-sync-external-store@https://registry.npmjs.org/use-sync-external-store/-/use-sync-external-store-1.6.0.tgz. Extracting by manifest.
748 silly tarball no local data for use-sidecar@https://registry.npmjs.org/use-sidecar/-/use-sidecar-1.1.3.tgz. Extracting by manifest.
749 silly tarball no local data for use-latest@https://registry.npmjs.org/use-latest/-/use-latest-1.3.0.tgz. Extracting by manifest.
750 silly tarball no local data for use-isomorphic-layout-effect@https://registry.npmjs.org/use-isomorphic-layout-effect/-/use-isomorphic-layout-effect-1.2.1.tgz. Extracting by manifest.
751 http cache @assistant-ui/core@https://registry.npmjs.org/@assistant-ui/core/-/core-0.3.15.tgz 1ms (cache hit)
752 silly tarball no local data for use-composed-ref@https://registry.npmjs.org/use-composed-ref/-/use-composed-ref-1.4.0.tgz. Extracting by manifest.
753 silly tarball no local data for use-callback-ref@https://registry.npmjs.org/use-callback-ref/-/use-callback-ref-1.3.3.tgz. Extracting by manifest.
754 silly tarball no local data for update-browserslist-db@https://registry.npmjs.org/update-browserslist-db/-/update-browserslist-db-1.2.3.tgz. Extracting by manifest.
755 silly tarball no local data for unpipe@https://registry.npmjs.org/unpipe/-/unpipe-1.0.0.tgz. Extracting by manifest.
756 silly tarball no local data for universalify@https://registry.npmjs.org/universalify/-/universalify-2.0.1.tgz. Extracting by manifest.
757 silly tarball no local data for unist-util-visit-parents@https://registry.npmjs.org/unist-util-visit-parents/-/unist-util-visit-parents-6.0.2.tgz. Extracting by manifest.
758 silly tarball no local data for unist-util-visit@https://registry.npmjs.org/unist-util-visit/-/unist-util-visit-5.1.0.tgz. Extracting by manifest.
759 silly tarball no local data for unist-util-stringify-position@https://registry.npmjs.org/unist-util-stringify-position/-/unist-util-stringify-position-4.0.0.tgz. Extracting by manifest.
760 silly tarball no local data for unist-util-position@https://registry.npmjs.org/unist-util-position/-/unist-util-position-5.0.0.tgz. Extracting by manifest.
761 silly tarball no local data for unist-util-is@https://registry.npmjs.org/unist-util-is/-/unist-util-is-6.0.1.tgz. Extracting by manifest.
762 silly tarball no local data for unified@https://registry.npmjs.org/unified/-/unified-11.0.5.tgz. Extracting by manifest.
763 silly tarball no local data for unicorn-magic@https://registry.npmjs.org/unicorn-magic/-/unicorn-magic-0.3.0.tgz. Extracting by manifest.
764 silly tarball no local data for undici-types@https://registry.npmjs.org/undici-types/-/undici-types-6.21.0.tgz. Extracting by manifest.
765 silly tarball no local data for undici@https://registry.npmjs.org/undici/-/undici-7.28.0.tgz. Extracting by manifest.
766 silly tarball no local data for typescript@https://registry.npmjs.org/typescript/-/typescript-5.9.3.tgz. Extracting by manifest.
767 silly tarball no local data for type-is@https://registry.npmjs.org/type-is/-/type-is-2.1.0.tgz. Extracting by manifest.
768 silly tarball no local data for type-fest@https://registry.npmjs.org/type-fest/-/type-fest-4.41.0.tgz. Extracting by manifest.
769 silly tarball no local data for tw-animate-css@https://registry.npmjs.org/tw-animate-css/-/tw-animate-css-1.4.0.tgz. Extracting by manifest.
770 silly tarball no local data for tslib@https://registry.npmjs.org/tslib/-/tslib-2.8.1.tgz. Extracting by manifest.
771 silly tarball no local data for tsconfig-paths@https://registry.npmjs.org/tsconfig-paths/-/tsconfig-paths-4.2.0.tgz. Extracting by manifest.
772 silly tarball no local data for ts-morph@https://registry.npmjs.org/ts-morph/-/ts-morph-26.0.0.tgz. Extracting by manifest.
773 silly tarball no local data for trough@https://registry.npmjs.org/trough/-/trough-2.2.0.tgz. Extracting by manifest.
774 silly tarball no local data for trim-lines@https://registry.npmjs.org/trim-lines/-/trim-lines-3.0.1.tgz. Extracting by manifest.
775 silly tarball no local data for tr46@https://registry.npmjs.org/tr46/-/tr46-6.0.0.tgz. Extracting by manifest.
776 silly tarball no local data for tough-cookie@https://registry.npmjs.org/tough-cookie/-/tough-cookie-6.0.2.tgz. Extracting by manifest.
777 silly tarball no local data for toidentifier@https://registry.npmjs.org/toidentifier/-/toidentifier-1.0.1.tgz. Extracting by manifest.
778 silly tarball no local data for to-regex-range@https://registry.npmjs.org/to-regex-range/-/to-regex-range-5.0.1.tgz. Extracting by manifest.
779 silly tarball no local data for tldts-core@https://registry.npmjs.org/tldts-core/-/tldts-core-7.4.10.tgz. Extracting by manifest.
780 silly tarball no local data for tldts@https://registry.npmjs.org/tldts/-/tldts-7.4.10.tgz. Extracting by manifest.
781 silly tarball no local data for tinyspy@https://registry.npmjs.org/tinyspy/-/tinyspy-4.0.4.tgz. Extracting by manifest.
782 silly tarball no local data for tinyrainbow@https://registry.npmjs.org/tinyrainbow/-/tinyrainbow-2.0.0.tgz. Extracting by manifest.
783 silly tarball no local data for tinypool@https://registry.npmjs.org/tinypool/-/tinypool-1.1.1.tgz. Extracting by manifest.
784 silly tarball no local data for tinyexec@https://registry.npmjs.org/tinyexec/-/tinyexec-0.3.2.tgz. Extracting by manifest.
785 silly tarball no local data for tinybench@https://registry.npmjs.org/tinybench/-/tinybench-2.9.0.tgz. Extracting by manifest.
786 silly tarball no local data for tinyglobby@https://registry.npmjs.org/tinyglobby/-/tinyglobby-0.2.17.tgz. Extracting by manifest.
787 silly tarball no local data for tiny-invariant@https://registry.npmjs.org/tiny-invariant/-/tiny-invariant-1.3.3.tgz. Extracting by manifest.
788 silly tarball no local data for tapable@https://registry.npmjs.org/tapable/-/tapable-2.3.3.tgz. Extracting by manifest.
789 silly tarball no local data for tailwindcss@https://registry.npmjs.org/tailwindcss/-/tailwindcss-4.3.2.tgz. Extracting by manifest.
790 silly tarball no local data for tailwind-merge@https://registry.npmjs.org/tailwind-merge/-/tailwind-merge-3.6.0.tgz. Extracting by manifest.
791 silly tarball no local data for systeminformation@https://registry.npmjs.org/systeminformation/-/systeminformation-5.31.17.tgz. Extracting by manifest.
792 silly tarball no local data for symbol-tree@https://registry.npmjs.org/symbol-tree/-/symbol-tree-3.2.4.tgz. Extracting by manifest.
793 silly tarball no local data for style-to-object@https://registry.npmjs.org/style-to-object/-/style-to-object-1.0.14.tgz. Extracting by manifest.
794 silly tarball no local data for style-to-js@https://registry.npmjs.org/style-to-js/-/style-to-js-1.1.21.tgz. Extracting by manifest.
795 silly tarball no local data for strip-literal@https://registry.npmjs.org/strip-literal/-/strip-literal-3.1.0.tgz. Extracting by manifest.
796 silly tarball no local data for strip-final-newline@https://registry.npmjs.org/strip-final-newline/-/strip-final-newline-4.0.0.tgz. Extracting by manifest.
797 silly tarball no local data for strip-bom@https://registry.npmjs.org/strip-bom/-/strip-bom-3.0.0.tgz. Extracting by manifest.
798 silly tarball no local data for strip-ansi@https://registry.npmjs.org/strip-ansi/-/strip-ansi-6.0.1.tgz. Extracting by manifest.
799 silly tarball no local data for stringify-object@https://registry.npmjs.org/stringify-object/-/stringify-object-5.0.0.tgz. Extracting by manifest.
800 silly tarball no local data for stringify-entities@https://registry.npmjs.org/stringify-entities/-/stringify-entities-4.0.4.tgz. Extracting by manifest.
801 silly tarball no local data for string-width@https://registry.npmjs.org/string-width/-/string-width-7.2.0.tgz. Extracting by manifest.
802 silly tarball no local data for stdin-discarder@https://registry.npmjs.org/stdin-discarder/-/stdin-discarder-0.2.2.tgz. Extracting by manifest.
803 silly tarball no local data for std-env@https://registry.npmjs.org/std-env/-/std-env-3.10.0.tgz. Extracting by manifest.
804 silly tarball no local data for statuses@https://registry.npmjs.org/statuses/-/statuses-2.0.2.tgz. Extracting by manifest.
805 silly tarball no local data for space-separated-tokens@https://registry.npmjs.org/space-separated-tokens/-/space-separated-tokens-2.0.2.tgz. Extracting by manifest.
806 silly tarball no local data for stackback@https://registry.npmjs.org/stackback/-/stackback-0.0.2.tgz. Extracting by manifest.
807 silly tarball no local data for source-map-js@https://registry.npmjs.org/source-map-js/-/source-map-js-1.2.1.tgz. Extracting by manifest.
808 silly tarball no local data for source-map@https://registry.npmjs.org/source-map/-/source-map-0.6.1.tgz. Extracting by manifest.
809 silly tarball no local data for sonner@https://registry.npmjs.org/sonner/-/sonner-2.0.7.tgz. Extracting by manifest.
810 silly tarball no local data for sisteransi@https://registry.npmjs.org/sisteransi/-/sisteransi-1.0.5.tgz. Extracting by manifest.
811 silly tarball no local data for signal-exit@https://registry.npmjs.org/signal-exit/-/signal-exit-4.1.0.tgz. Extracting by manifest.
812 silly tarball no local data for siginfo@https://registry.npmjs.org/siginfo/-/siginfo-2.0.0.tgz. Extracting by manifest.
813 silly tarball no local data for side-channel-weakmap@https://registry.npmjs.org/side-channel-weakmap/-/side-channel-weakmap-1.0.2.tgz. Extracting by manifest.
814 silly tarball no local data for side-channel-map@https://registry.npmjs.org/side-channel-map/-/side-channel-map-1.0.1.tgz. Extracting by manifest.
815 silly tarball no local data for side-channel-list@https://registry.npmjs.org/side-channel-list/-/side-channel-list-1.0.1.tgz. Extracting by manifest.
816 silly tarball no local data for side-channel@https://registry.npmjs.org/side-channel/-/side-channel-1.1.1.tgz. Extracting by manifest.
817 silly tarball no local data for shebang-regex@https://registry.npmjs.org/shebang-regex/-/shebang-regex-3.0.0.tgz. Extracting by manifest.
818 silly tarball no local data for shebang-command@https://registry.npmjs.org/shebang-command/-/shebang-command-2.0.0.tgz. Extracting by manifest.
819 silly tarball no local data for shadcn@https://registry.npmjs.org/shadcn/-/shadcn-4.13.0.tgz. Extracting by manifest.
820 silly tarball no local data for setprototypeof@https://registry.npmjs.org/setprototypeof/-/setprototypeof-1.2.0.tgz. Extracting by manifest.
821 silly tarball no local data for serve-static@https://registry.npmjs.org/serve-static/-/serve-static-2.2.1.tgz. Extracting by manifest.
822 silly tarball no local data for send@https://registry.npmjs.org/send/-/send-1.2.1.tgz. Extracting by manifest.
823 silly tarball no local data for semver@https://registry.npmjs.org/semver/-/semver-6.3.1.tgz. Extracting by manifest.
824 silly tarball no local data for secure-json-parse@https://registry.npmjs.org/secure-json-parse/-/secure-json-parse-4.1.0.tgz. Extracting by manifest.
825 silly tarball no local data for scrollparent@https://registry.npmjs.org/scrollparent/-/scrollparent-2.1.0.tgz. Extracting by manifest.
826 silly tarball no local data for scroll@https://registry.npmjs.org/scroll/-/scroll-3.0.1.tgz. Extracting by manifest.
827 silly tarball no local data for scheduler@https://registry.npmjs.org/scheduler/-/scheduler-0.23.2.tgz. Extracting by manifest.
828 silly tarball no local data for saxes@https://registry.npmjs.org/saxes/-/saxes-6.0.0.tgz. Extracting by manifest.
829 silly tarball no local data for safer-buffer@https://registry.npmjs.org/safer-buffer/-/safer-buffer-2.1.2.tgz. Extracting by manifest.
830 silly tarball no local data for safe-content-frame@https://registry.npmjs.org/safe-content-frame/-/safe-content-frame-0.0.27.tgz. Extracting by manifest.
831 silly tarball no local data for run-parallel@https://registry.npmjs.org/run-parallel/-/run-parallel-1.2.0.tgz. Extracting by manifest.
832 silly tarball no local data for run-applescript@https://registry.npmjs.org/run-applescript/-/run-applescript-7.1.0.tgz. Extracting by manifest.
833 silly tarball no local data for rrweb-cssom@https://registry.npmjs.org/rrweb-cssom/-/rrweb-cssom-0.8.0.tgz. Extracting by manifest.
834 silly tarball no local data for router@https://registry.npmjs.org/router/-/router-2.2.0.tgz. Extracting by manifest.
835 silly tarball no local data for rollup@https://registry.npmjs.org/rollup/-/rollup-4.62.2.tgz. Extracting by manifest.
836 silly tarball no local data for reusify@https://registry.npmjs.org/reusify/-/reusify-1.1.0.tgz. Extracting by manifest.
837 silly tarball no local data for restore-cursor@https://registry.npmjs.org/restore-cursor/-/restore-cursor-5.1.0.tgz. Extracting by manifest.
838 silly tarball no local data for resolve-from@https://registry.npmjs.org/resolve-from/-/resolve-from-4.0.0.tgz. Extracting by manifest.
839 silly tarball no local data for reselect@https://registry.npmjs.org/reselect/-/reselect-5.2.0.tgz. Extracting by manifest.
840 silly tarball no local data for require-from-string@https://registry.npmjs.org/require-from-string/-/require-from-string-2.0.2.tgz. Extracting by manifest.
841 silly tarball no local data for remark-stringify@https://registry.npmjs.org/remark-stringify/-/remark-stringify-11.0.0.tgz. Extracting by manifest.
842 silly tarball no local data for remark-rehype@https://registry.npmjs.org/remark-rehype/-/remark-rehype-11.1.2.tgz. Extracting by manifest.
843 silly tarball no local data for remark-parse@https://registry.npmjs.org/remark-parse/-/remark-parse-11.0.0.tgz. Extracting by manifest.
844 silly tarball no local data for remark-gfm@https://registry.npmjs.org/remark-gfm/-/remark-gfm-4.0.1.tgz. Extracting by manifest.
845 silly tarball no local data for redux-thunk@https://registry.npmjs.org/redux-thunk/-/redux-thunk-3.1.0.tgz. Extracting by manifest.
846 silly tarball no local data for redux@https://registry.npmjs.org/redux/-/redux-5.0.1.tgz. Extracting by manifest.
847 silly tarball no local data for recharts@https://registry.npmjs.org/recharts/-/recharts-3.8.0.tgz. Extracting by manifest.
848 silly tarball no local data for recast@https://registry.npmjs.org/recast/-/recast-0.23.12.tgz. Extracting by manifest.
849 silly tarball no local data for react-textarea-autosize@https://registry.npmjs.org/react-textarea-autosize/-/react-textarea-autosize-8.5.9.tgz. Extracting by manifest.
850 silly tarball no local data for react-style-singleton@https://registry.npmjs.org/react-style-singleton/-/react-style-singleton-2.2.3.tgz. Extracting by manifest.
851 silly tarball no local data for react-remove-scroll-bar@https://registry.npmjs.org/react-remove-scroll-bar/-/react-remove-scroll-bar-2.3.8.tgz. Extracting by manifest.
852 silly tarball no local data for react-remove-scroll@https://registry.npmjs.org/react-remove-scroll/-/react-remove-scroll-2.7.2.tgz. Extracting by manifest.
853 silly tarball no local data for react-refresh@https://registry.npmjs.org/react-refresh/-/react-refresh-0.17.0.tgz. Extracting by manifest.
854 silly tarball no local data for react-redux@https://registry.npmjs.org/react-redux/-/react-redux-9.3.0.tgz. Extracting by manifest.
855 silly tarball no local data for react-markdown@https://registry.npmjs.org/react-markdown/-/react-markdown-10.1.0.tgz. Extracting by manifest.
856 silly tarball no local data for react-joyride@https://registry.npmjs.org/react-joyride/-/react-joyride-3.2.0.tgz. Extracting by manifest.
857 silly tarball no local data for react-is@https://registry.npmjs.org/react-is/-/react-is-19.2.7.tgz. Extracting by manifest.
858 silly tarball no local data for react-innertext@https://registry.npmjs.org/react-innertext/-/react-innertext-1.1.5.tgz. Extracting by manifest.
859 silly tarball no local data for react-dom@https://registry.npmjs.org/react-dom/-/react-dom-18.3.1.tgz. Extracting by manifest.
860 silly tarball no local data for react@https://registry.npmjs.org/react/-/react-18.3.1.tgz. Extracting by manifest.
861 silly tarball no local data for raw-body@https://registry.npmjs.org/raw-body/-/raw-body-3.0.2.tgz. Extracting by manifest.
862 silly tarball no local data for range-parser@https://registry.npmjs.org/range-parser/-/range-parser-1.3.0.tgz. Extracting by manifest.
863 silly tarball no local data for radix-ui@https://registry.npmjs.org/radix-ui/-/radix-ui-1.6.7.tgz. Extracting by manifest.
864 silly tarball no local data for queue-microtask@https://registry.npmjs.org/queue-microtask/-/queue-microtask-1.2.3.tgz. Extracting by manifest.
865 silly tarball no local data for qs@https://registry.npmjs.org/qs/-/qs-6.15.3.tgz. Extracting by manifest.
866 silly tarball no local data for punycode@https://registry.npmjs.org/punycode/-/punycode-2.3.1.tgz. Extracting by manifest.
867 silly tarball no local data for proxy-addr@https://registry.npmjs.org/proxy-addr/-/proxy-addr-2.0.7.tgz. Extracting by manifest.
868 silly tarball no local data for property-information@https://registry.npmjs.org/property-information/-/property-information-7.2.0.tgz. Extracting by manifest.
869 silly tarball no local data for prompts@https://registry.npmjs.org/prompts/-/prompts-2.4.2.tgz. Extracting by manifest.
870 silly tarball no local data for pretty-ms@https://registry.npmjs.org/pretty-ms/-/pretty-ms-9.3.0.tgz. Extracting by manifest.
871 silly tarball no local data for powershell-utils@https://registry.npmjs.org/powershell-utils/-/powershell-utils-0.1.0.tgz. Extracting by manifest.
872 silly tarball no local data for postcss-selector-parser@https://registry.npmjs.org/postcss-selector-parser/-/postcss-selector-parser-7.1.4.tgz. Extracting by manifest.
873 silly tarball no local data for postcss@https://registry.npmjs.org/postcss/-/postcss-8.5.16.tgz. Extracting by manifest.
874 silly tarball no local data for playwright-core@https://registry.npmjs.org/playwright-core/-/playwright-core-1.61.1.tgz. Extracting by manifest.
875 silly tarball no local data for playwright@https://registry.npmjs.org/playwright/-/playwright-1.61.1.tgz. Extracting by manifest.
876 silly tarball no local data for pkg-up@https://registry.npmjs.org/pkg-up/-/pkg-up-3.1.0.tgz. Extracting by manifest.
877 silly tarball no local data for pkce-challenge@https://registry.npmjs.org/pkce-challenge/-/pkce-challenge-5.0.1.tgz. Extracting by manifest.
878 silly tarball no local data for picomatch@https://registry.npmjs.org/picomatch/-/picomatch-4.0.5.tgz. Extracting by manifest.
879 silly tarball no local data for picocolors@https://registry.npmjs.org/picocolors/-/picocolors-1.1.1.tgz. Extracting by manifest.
880 silly tarball no local data for pathval@https://registry.npmjs.org/pathval/-/pathval-2.0.1.tgz. Extracting by manifest.
881 silly tarball no local data for pathe@https://registry.npmjs.org/pathe/-/pathe-2.0.3.tgz. Extracting by manifest.
882 silly tarball no local data for path-to-regexp@https://registry.npmjs.org/path-to-regexp/-/path-to-regexp-8.4.2.tgz. Extracting by manifest.
883 silly tarball no local data for path-key@https://registry.npmjs.org/path-key/-/path-key-3.1.1.tgz. Extracting by manifest.
884 silly tarball no local data for path-exists@https://registry.npmjs.org/path-exists/-/path-exists-3.0.0.tgz. Extracting by manifest.
885 silly tarball no local data for path-browserify@https://registry.npmjs.org/path-browserify/-/path-browserify-1.0.1.tgz. Extracting by manifest.
886 silly tarball no local data for parseurl@https://registry.npmjs.org/parseurl/-/parseurl-1.3.3.tgz. Extracting by manifest.
887 silly tarball no local data for parse5@https://registry.npmjs.org/parse5/-/parse5-8.0.1.tgz. Extracting by manifest.
888 silly tarball no local data for parse-ms@https://registry.npmjs.org/parse-ms/-/parse-ms-4.0.0.tgz. Extracting by manifest.
889 silly tarball no local data for parse-json@https://registry.npmjs.org/parse-json/-/parse-json-5.2.0.tgz. Extracting by manifest.
890 silly tarball no local data for parse-entities@https://registry.npmjs.org/parse-entities/-/parse-entities-4.0.2.tgz. Extracting by manifest.
891 silly tarball no local data for parent-module@https://registry.npmjs.org/parent-module/-/parent-module-1.0.1.tgz. Extracting by manifest.
892 silly tarball no local data for p-try@https://registry.npmjs.org/p-try/-/p-try-2.2.0.tgz. Extracting by manifest.
893 silly tarball no local data for p-locate@https://registry.npmjs.org/p-locate/-/p-locate-3.0.0.tgz. Extracting by manifest.
894 silly tarball no local data for p-limit@https://registry.npmjs.org/p-limit/-/p-limit-2.3.0.tgz. Extracting by manifest.
895 silly tarball no local data for ora@https://registry.npmjs.org/ora/-/ora-8.2.0.tgz. Extracting by manifest.
896 silly tarball no local data for open@https://registry.npmjs.org/open/-/open-11.0.0.tgz. Extracting by manifest.
897 silly tarball no local data for onetime@https://registry.npmjs.org/onetime/-/onetime-5.1.2.tgz. Extracting by manifest.
898 silly tarball no local data for once@https://registry.npmjs.org/once/-/once-1.4.0.tgz. Extracting by manifest.
899 silly tarball no local data for object-treeify@https://registry.npmjs.org/object-treeify/-/object-treeify-1.1.33.tgz. Extracting by manifest.
900 silly tarball no local data for on-finished@https://registry.npmjs.org/on-finished/-/on-finished-2.4.1.tgz. Extracting by manifest.
901 silly tarball no local data for object-inspect@https://registry.npmjs.org/object-inspect/-/object-inspect-1.13.4.tgz. Extracting by manifest.
902 silly tarball no local data for object-assign@https://registry.npmjs.org/object-assign/-/object-assign-4.1.1.tgz. Extracting by manifest.
903 silly tarball no local data for npm-run-path@https://registry.npmjs.org/npm-run-path/-/npm-run-path-6.0.0.tgz. Extracting by manifest.
904 silly tarball no local data for node-releases@https://registry.npmjs.org/node-releases/-/node-releases-2.0.51.tgz. Extracting by manifest.
905 silly tarball no local data for next-themes@https://registry.npmjs.org/next-themes/-/next-themes-0.4.6.tgz. Extracting by manifest.
906 silly tarball no local data for negotiator@https://registry.npmjs.org/negotiator/-/negotiator-1.0.0.tgz. Extracting by manifest.
907 silly tarball no local data for nanoid@https://registry.npmjs.org/nanoid/-/nanoid-3.3.15.tgz. Extracting by manifest.
908 silly tarball no local data for ms@https://registry.npmjs.org/ms/-/ms-2.1.3.tgz. Extracting by manifest.
909 silly tarball no local data for minimist@https://registry.npmjs.org/minimist/-/minimist-1.2.8.tgz. Extracting by manifest.
910 silly tarball no local data for minimatch@https://registry.npmjs.org/minimatch/-/minimatch-10.2.5.tgz. Extracting by manifest.
911 silly tarball no local data for mimic-function@https://registry.npmjs.org/mimic-function/-/mimic-function-5.0.1.tgz. Extracting by manifest.
912 silly tarball no local data for mimic-fn@https://registry.npmjs.org/mimic-fn/-/mimic-fn-3.1.0.tgz. Extracting by manifest.
913 silly tarball no local data for mime-types@https://registry.npmjs.org/mime-types/-/mime-types-3.0.2.tgz. Extracting by manifest.
914 silly tarball no local data for mime-db@https://registry.npmjs.org/mime-db/-/mime-db-1.54.0.tgz. Extracting by manifest.
915 silly tarball no local data for micromatch@https://registry.npmjs.org/micromatch/-/micromatch-4.0.8.tgz. Extracting by manifest.
916 silly tarball no local data for micromark-util-types@https://registry.npmjs.org/micromark-util-types/-/micromark-util-types-2.0.2.tgz. Extracting by manifest.
917 silly tarball no local data for micromark-util-symbol@https://registry.npmjs.org/micromark-util-symbol/-/micromark-util-symbol-2.0.1.tgz. Extracting by manifest.
918 silly tarball no local data for micromark-util-subtokenize@https://registry.npmjs.org/micromark-util-subtokenize/-/micromark-util-subtokenize-2.1.0.tgz. Extracting by manifest.
919 silly tarball no local data for micromark-util-sanitize-uri@https://registry.npmjs.org/micromark-util-sanitize-uri/-/micromark-util-sanitize-uri-2.0.1.tgz. Extracting by manifest.
920 silly tarball no local data for micromark-util-resolve-all@https://registry.npmjs.org/micromark-util-resolve-all/-/micromark-util-resolve-all-2.0.1.tgz. Extracting by manifest.
921 silly tarball no local data for micromark-util-normalize-identifier@https://registry.npmjs.org/micromark-util-normalize-identifier/-/micromark-util-normalize-identifier-2.0.1.tgz. Extracting by manifest.
922 silly tarball no local data for micromark-util-html-tag-name@https://registry.npmjs.org/micromark-util-html-tag-name/-/micromark-util-html-tag-name-2.0.1.tgz. Extracting by manifest.
923 silly tarball no local data for micromark-util-encode@https://registry.npmjs.org/micromark-util-encode/-/micromark-util-encode-2.0.1.tgz. Extracting by manifest.
924 silly tarball no local data for micromark-util-decode-string@https://registry.npmjs.org/micromark-util-decode-string/-/micromark-util-decode-string-2.0.1.tgz. Extracting by manifest.
925 silly tarball no local data for micromark-util-decode-numeric-character-reference@https://registry.npmjs.org/micromark-util-decode-numeric-character-reference/-/micromark-util-decode-numeric-character-reference-2.0.2.tgz. Extracting by manifest.
926 silly tarball no local data for micromark-util-combine-extensions@https://registry.npmjs.org/micromark-util-combine-extensions/-/micromark-util-combine-extensions-2.0.1.tgz. Extracting by manifest.
927 silly tarball no local data for micromark-util-classify-character@https://registry.npmjs.org/micromark-util-classify-character/-/micromark-util-classify-character-2.0.1.tgz. Extracting by manifest.
928 silly tarball no local data for micromark-util-chunked@https://registry.npmjs.org/micromark-util-chunked/-/micromark-util-chunked-2.0.1.tgz. Extracting by manifest.
929 silly tarball no local data for micromark-util-character@https://registry.npmjs.org/micromark-util-character/-/micromark-util-character-2.1.1.tgz. Extracting by manifest.
930 silly tarball no local data for micromark-factory-whitespace@https://registry.npmjs.org/micromark-factory-whitespace/-/micromark-factory-whitespace-2.0.1.tgz. Extracting by manifest.
931 silly tarball no local data for micromark-factory-title@https://registry.npmjs.org/micromark-factory-title/-/micromark-factory-title-2.0.1.tgz. Extracting by manifest.
932 silly tarball no local data for micromark-factory-space@https://registry.npmjs.org/micromark-factory-space/-/micromark-factory-space-2.0.1.tgz. Extracting by manifest.
933 silly tarball no local data for micromark-factory-label@https://registry.npmjs.org/micromark-factory-label/-/micromark-factory-label-2.0.1.tgz. Extracting by manifest.
934 silly tarball no local data for micromark-factory-destination@https://registry.npmjs.org/micromark-factory-destination/-/micromark-factory-destination-2.0.1.tgz. Extracting by manifest.
935 silly tarball no local data for micromark-extension-gfm-task-list-item@https://registry.npmjs.org/micromark-extension-gfm-task-list-item/-/micromark-extension-gfm-task-list-item-2.1.0.tgz. Extracting by manifest.
936 silly tarball no local data for micromark-extension-gfm-tagfilter@https://registry.npmjs.org/micromark-extension-gfm-tagfilter/-/micromark-extension-gfm-tagfilter-2.0.0.tgz. Extracting by manifest.
937 silly tarball no local data for micromark-extension-gfm-table@https://registry.npmjs.org/micromark-extension-gfm-table/-/micromark-extension-gfm-table-2.1.1.tgz. Extracting by manifest.
938 silly tarball no local data for micromark-extension-gfm-strikethrough@https://registry.npmjs.org/micromark-extension-gfm-strikethrough/-/micromark-extension-gfm-strikethrough-2.1.0.tgz. Extracting by manifest.
939 silly tarball no local data for micromark-extension-gfm-footnote@https://registry.npmjs.org/micromark-extension-gfm-footnote/-/micromark-extension-gfm-footnote-2.1.0.tgz. Extracting by manifest.
940 silly tarball no local data for micromark-extension-gfm-autolink-literal@https://registry.npmjs.org/micromark-extension-gfm-autolink-literal/-/micromark-extension-gfm-autolink-literal-2.1.0.tgz. Extracting by manifest.
941 silly tarball no local data for micromark-extension-gfm@https://registry.npmjs.org/micromark-extension-gfm/-/micromark-extension-gfm-3.0.0.tgz. Extracting by manifest.
942 silly tarball no local data for micromark-core-commonmark@https://registry.npmjs.org/micromark-core-commonmark/-/micromark-core-commonmark-2.0.3.tgz. Extracting by manifest.
943 silly tarball no local data for micromark@https://registry.npmjs.org/micromark/-/micromark-4.0.2.tgz. Extracting by manifest.
944 silly tarball no local data for merge2@https://registry.npmjs.org/merge2/-/merge2-1.4.1.tgz. Extracting by manifest.
945 silly tarball no local data for merge-stream@https://registry.npmjs.org/merge-stream/-/merge-stream-2.0.0.tgz. Extracting by manifest.
946 silly tarball no local data for merge-descriptors@https://registry.npmjs.org/merge-descriptors/-/merge-descriptors-2.0.0.tgz. Extracting by manifest.
947 silly tarball no local data for media-typer@https://registry.npmjs.org/media-typer/-/media-typer-1.1.0.tgz. Extracting by manifest.
948 silly tarball no local data for mdn-data@https://registry.npmjs.org/mdn-data/-/mdn-data-2.27.1.tgz. Extracting by manifest.
949 silly tarball no local data for mdast-util-to-string@https://registry.npmjs.org/mdast-util-to-string/-/mdast-util-to-string-4.0.0.tgz. Extracting by manifest.
950 silly tarball no local data for mdast-util-to-markdown@https://registry.npmjs.org/mdast-util-to-markdown/-/mdast-util-to-markdown-2.1.2.tgz. Extracting by manifest.
951 silly tarball no local data for mdast-util-to-hast@https://registry.npmjs.org/mdast-util-to-hast/-/mdast-util-to-hast-13.2.1.tgz. Extracting by manifest.
952 silly tarball no local data for mdast-util-phrasing@https://registry.npmjs.org/mdast-util-phrasing/-/mdast-util-phrasing-4.1.0.tgz. Extracting by manifest.
953 silly tarball no local data for mdast-util-mdxjs-esm@https://registry.npmjs.org/mdast-util-mdxjs-esm/-/mdast-util-mdxjs-esm-2.0.1.tgz. Extracting by manifest.
954 silly tarball no local data for mdast-util-mdx-jsx@https://registry.npmjs.org/mdast-util-mdx-jsx/-/mdast-util-mdx-jsx-3.2.0.tgz. Extracting by manifest.
955 silly tarball no local data for mdast-util-mdx-expression@https://registry.npmjs.org/mdast-util-mdx-expression/-/mdast-util-mdx-expression-2.0.1.tgz. Extracting by manifest.
956 silly tarball no local data for mdast-util-gfm-task-list-item@https://registry.npmjs.org/mdast-util-gfm-task-list-item/-/mdast-util-gfm-task-list-item-2.0.0.tgz. Extracting by manifest.
957 silly tarball no local data for mdast-util-gfm-table@https://registry.npmjs.org/mdast-util-gfm-table/-/mdast-util-gfm-table-2.0.0.tgz. Extracting by manifest.
958 silly tarball no local data for mdast-util-gfm-strikethrough@https://registry.npmjs.org/mdast-util-gfm-strikethrough/-/mdast-util-gfm-strikethrough-2.0.0.tgz. Extracting by manifest.
959 silly tarball no local data for mdast-util-gfm-footnote@https://registry.npmjs.org/mdast-util-gfm-footnote/-/mdast-util-gfm-footnote-2.1.0.tgz. Extracting by manifest.
960 silly tarball no local data for mdast-util-gfm-autolink-literal@https://registry.npmjs.org/mdast-util-gfm-autolink-literal/-/mdast-util-gfm-autolink-literal-2.0.1.tgz. Extracting by manifest.
961 silly tarball no local data for mdast-util-gfm@https://registry.npmjs.org/mdast-util-gfm/-/mdast-util-gfm-3.1.0.tgz. Extracting by manifest.
962 silly tarball no local data for mdast-util-from-markdown@https://registry.npmjs.org/mdast-util-from-markdown/-/mdast-util-from-markdown-2.0.3.tgz. Extracting by manifest.
963 silly tarball no local data for mdast-util-find-and-replace@https://registry.npmjs.org/mdast-util-find-and-replace/-/mdast-util-find-and-replace-3.0.2.tgz. Extracting by manifest.
964 silly tarball no local data for math-intrinsics@https://registry.npmjs.org/math-intrinsics/-/math-intrinsics-1.1.0.tgz. Extracting by manifest.
965 silly tarball no local data for markdown-table@https://registry.npmjs.org/markdown-table/-/markdown-table-3.0.4.tgz. Extracting by manifest.
966 silly tarball no local data for magic-string@https://registry.npmjs.org/magic-string/-/magic-string-0.30.21.tgz. Extracting by manifest.
967 silly tarball no local data for lucide-react@https://registry.npmjs.org/lucide-react/-/lucide-react-1.24.0.tgz. Extracting by manifest.
968 silly tarball no local data for lru-cache@https://registry.npmjs.org/lru-cache/-/lru-cache-5.1.1.tgz. Extracting by manifest.
969 silly tarball no local data for loupe@https://registry.npmjs.org/loupe/-/loupe-3.2.1.tgz. Extracting by manifest.
970 silly tarball no local data for loose-envify@https://registry.npmjs.org/loose-envify/-/loose-envify-1.4.0.tgz. Extracting by manifest.
971 silly tarball no local data for longest-streak@https://registry.npmjs.org/longest-streak/-/longest-streak-3.1.0.tgz. Extracting by manifest.
972 silly tarball no local data for log-symbols@https://registry.npmjs.org/log-symbols/-/log-symbols-6.0.0.tgz. Extracting by manifest.
973 silly tarball no local data for locate-path@https://registry.npmjs.org/locate-path/-/locate-path-3.0.0.tgz. Extracting by manifest.
974 silly tarball no local data for lines-and-columns@https://registry.npmjs.org/lines-and-columns/-/lines-and-columns-1.2.4.tgz. Extracting by manifest.
975 silly tarball no local data for lightningcss-linux-x64-musl@https://registry.npmjs.org/lightningcss-linux-x64-musl/-/lightningcss-linux-x64-musl-1.32.0.tgz. Extracting by manifest.
976 silly tarball no local data for lightningcss-linux-x64-gnu@https://registry.npmjs.org/lightningcss-linux-x64-gnu/-/lightningcss-linux-x64-gnu-1.32.0.tgz. Extracting by manifest.
977 silly tarball no local data for lightningcss@https://registry.npmjs.org/lightningcss/-/lightningcss-1.32.0.tgz. Extracting by manifest.
978 silly tarball no local data for kleur@https://registry.npmjs.org/kleur/-/kleur-4.1.5.tgz. Extracting by manifest.
979 silly tarball no local data for jsonfile@https://registry.npmjs.org/jsonfile/-/jsonfile-6.2.1.tgz. Extracting by manifest.
980 silly tarball no local data for json5@https://registry.npmjs.org/json5/-/json5-2.2.3.tgz. Extracting by manifest.
981 silly tarball no local data for json-schema-typed@https://registry.npmjs.org/json-schema-typed/-/json-schema-typed-8.0.2.tgz. Extracting by manifest.
982 silly tarball no local data for json-parse-even-better-errors@https://registry.npmjs.org/json-parse-even-better-errors/-/json-parse-even-better-errors-2.3.1.tgz. Extracting by manifest.
983 silly tarball no local data for json-schema-traverse@https://registry.npmjs.org/json-schema-traverse/-/json-schema-traverse-1.0.0.tgz. Extracting by manifest.
984 silly tarball no local data for jsesc@https://registry.npmjs.org/jsesc/-/jsesc-3.1.0.tgz. Extracting by manifest.
985 silly tarball no local data for jsdom@https://registry.npmjs.org/jsdom/-/jsdom-27.0.1.tgz. Extracting by manifest.
986 silly tarball no local data for js-yaml@https://registry.npmjs.org/js-yaml/-/js-yaml-4.3.0.tgz. Extracting by manifest.
987 silly tarball no local data for js-tokens@https://registry.npmjs.org/js-tokens/-/js-tokens-4.0.0.tgz. Extracting by manifest.
988 silly tarball no local data for jiti@https://registry.npmjs.org/jiti/-/jiti-2.7.0.tgz. Extracting by manifest.
989 silly tarball no local data for jose@https://registry.npmjs.org/jose/-/jose-6.2.3.tgz. Extracting by manifest.
990 silly tarball no local data for isexe@https://registry.npmjs.org/isexe/-/isexe-3.1.5.tgz. Extracting by manifest.
991 silly tarball no local data for is-wsl@https://registry.npmjs.org/is-wsl/-/is-wsl-3.1.1.tgz. Extracting by manifest.
992 silly tarball no local data for is-unicode-supported@https://registry.npmjs.org/is-unicode-supported/-/is-unicode-supported-2.1.0.tgz. Extracting by manifest.
993 silly tarball no local data for is-stream@https://registry.npmjs.org/is-stream/-/is-stream-4.0.1.tgz. Extracting by manifest.
994 silly tarball no local data for is-regexp@https://registry.npmjs.org/is-regexp/-/is-regexp-3.1.0.tgz. Extracting by manifest.
995 silly tarball no local data for is-promise@https://registry.npmjs.org/is-promise/-/is-promise-4.0.0.tgz. Extracting by manifest.
996 silly tarball no local data for is-potential-custom-element-name@https://registry.npmjs.org/is-potential-custom-element-name/-/is-potential-custom-element-name-1.0.1.tgz. Extracting by manifest.
997 silly tarball no local data for is-plain-obj@https://registry.npmjs.org/is-plain-obj/-/is-plain-obj-4.1.0.tgz. Extracting by manifest.
998 silly tarball no local data for is-obj@https://registry.npmjs.org/is-obj/-/is-obj-2.0.0.tgz. Extracting by manifest.
999 silly tarball no local data for is-number@https://registry.npmjs.org/is-number/-/is-number-7.0.0.tgz. Extracting by manifest.
1000 silly tarball no local data for is-lite@https://registry.npmjs.org/is-lite/-/is-lite-2.0.0.tgz. Extracting by manifest.
1001 silly tarball no local data for is-interactive@https://registry.npmjs.org/is-interactive/-/is-interactive-2.0.0.tgz. Extracting by manifest.
1002 silly tarball no local data for is-inside-container@https://registry.npmjs.org/is-inside-container/-/is-inside-container-1.0.0.tgz. Extracting by manifest.
1003 silly tarball no local data for is-in-ssh@https://registry.npmjs.org/is-in-ssh/-/is-in-ssh-1.0.0.tgz. Extracting by manifest.
1004 silly tarball no local data for is-hexadecimal@https://registry.npmjs.org/is-hexadecimal/-/is-hexadecimal-2.0.1.tgz. Extracting by manifest.
1005 silly tarball no local data for is-glob@https://registry.npmjs.org/is-glob/-/is-glob-4.0.3.tgz. Extracting by manifest.
1006 silly tarball no local data for is-extglob@https://registry.npmjs.org/is-extglob/-/is-extglob-2.1.1.tgz. Extracting by manifest.
1007 silly tarball no local data for is-docker@https://registry.npmjs.org/is-docker/-/is-docker-3.0.0.tgz. Extracting by manifest.
1008 silly tarball no local data for is-decimal@https://registry.npmjs.org/is-decimal/-/is-decimal-2.0.1.tgz. Extracting by manifest.
1009 silly tarball no local data for is-arrayish@https://registry.npmjs.org/is-arrayish/-/is-arrayish-0.2.1.tgz. Extracting by manifest.
1010 silly tarball no local data for is-alphanumerical@https://registry.npmjs.org/is-alphanumerical/-/is-alphanumerical-2.0.1.tgz. Extracting by manifest.
1011 silly tarball no local data for is-alphabetical@https://registry.npmjs.org/is-alphabetical/-/is-alphabetical-2.0.1.tgz. Extracting by manifest.
1012 silly tarball no local data for ipaddr.js@https://registry.npmjs.org/ipaddr.js/-/ipaddr.js-1.9.1.tgz. Extracting by manifest.
1013 silly tarball no local data for ip-address@https://registry.npmjs.org/ip-address/-/ip-address-10.2.0.tgz. Extracting by manifest.
1014 silly tarball no local data for internmap@https://registry.npmjs.org/internmap/-/internmap-2.0.3.tgz. Extracting by manifest.
1015 silly tarball no local data for inline-style-parser@https://registry.npmjs.org/inline-style-parser/-/inline-style-parser-0.2.7.tgz. Extracting by manifest.
1016 silly tarball no local data for inherits@https://registry.npmjs.org/inherits/-/inherits-2.0.4.tgz. Extracting by manifest.
1017 silly tarball no local data for import-fresh@https://registry.npmjs.org/import-fresh/-/import-fresh-3.3.1.tgz. Extracting by manifest.
1018 silly tarball no local data for immer@https://registry.npmjs.org/immer/-/immer-10.2.0.tgz. Extracting by manifest.
1019 silly tarball no local data for ignore@https://registry.npmjs.org/ignore/-/ignore-5.3.2.tgz. Extracting by manifest.
1020 silly tarball no local data for iconv-lite@https://registry.npmjs.org/iconv-lite/-/iconv-lite-0.7.3.tgz. Extracting by manifest.
1021 silly tarball no local data for human-signals@https://registry.npmjs.org/human-signals/-/human-signals-8.0.1.tgz. Extracting by manifest.
1022 silly tarball no local data for https-proxy-agent@https://registry.npmjs.org/https-proxy-agent/-/https-proxy-agent-7.0.6.tgz. Extracting by manifest.
1023 silly tarball no local data for http-proxy-agent@https://registry.npmjs.org/http-proxy-agent/-/http-proxy-agent-7.0.2.tgz. Extracting by manifest.
1024 silly tarball no local data for http-errors@https://registry.npmjs.org/http-errors/-/http-errors-2.0.1.tgz. Extracting by manifest.
1025 silly tarball no local data for html-url-attributes@https://registry.npmjs.org/html-url-attributes/-/html-url-attributes-3.0.1.tgz. Extracting by manifest.
1026 silly tarball no local data for html-encoding-sniffer@https://registry.npmjs.org/html-encoding-sniffer/-/html-encoding-sniffer-4.0.0.tgz. Extracting by manifest.
1027 silly tarball no local data for hono@https://registry.npmjs.org/hono/-/hono-4.12.30.tgz. Extracting by manifest.
1028 silly tarball no local data for hast-util-whitespace@https://registry.npmjs.org/hast-util-whitespace/-/hast-util-whitespace-3.0.0.tgz. Extracting by manifest.
1029 silly tarball no local data for hast-util-to-jsx-runtime@https://registry.npmjs.org/hast-util-to-jsx-runtime/-/hast-util-to-jsx-runtime-2.3.6.tgz. Extracting by manifest.
1030 silly tarball no local data for hasown@https://registry.npmjs.org/hasown/-/hasown-2.0.4.tgz. Extracting by manifest.
1031 silly tarball no local data for has-symbols@https://registry.npmjs.org/has-symbols/-/has-symbols-1.1.0.tgz. Extracting by manifest.
1032 silly tarball no local data for graceful-fs@https://registry.npmjs.org/graceful-fs/-/graceful-fs-4.2.11.tgz. Extracting by manifest.
1033 silly tarball no local data for gopd@https://registry.npmjs.org/gopd/-/gopd-1.2.0.tgz. Extracting by manifest.
1034 silly tarball no local data for glob-parent@https://registry.npmjs.org/glob-parent/-/glob-parent-5.1.2.tgz. Extracting by manifest.
1035 silly tarball no local data for get-stream@https://registry.npmjs.org/get-stream/-/get-stream-9.0.1.tgz. Extracting by manifest.
1036 silly tarball no local data for get-proto@https://registry.npmjs.org/get-proto/-/get-proto-1.0.1.tgz. Extracting by manifest.
1037 silly tarball no local data for get-own-enumerable-keys@https://registry.npmjs.org/get-own-enumerable-keys/-/get-own-enumerable-keys-1.0.0.tgz. Extracting by manifest.
1038 silly tarball no local data for get-nonce@https://registry.npmjs.org/get-nonce/-/get-nonce-1.0.1.tgz. Extracting by manifest.
1039 silly tarball no local data for get-intrinsic@https://registry.npmjs.org/get-intrinsic/-/get-intrinsic-1.3.0.tgz. Extracting by manifest.
1040 silly tarball no local data for get-east-asian-width@https://registry.npmjs.org/get-east-asian-width/-/get-east-asian-width-1.6.0.tgz. Extracting by manifest.
1041 silly tarball no local data for gensync@https://registry.npmjs.org/gensync/-/gensync-1.0.0-beta.2.tgz. Extracting by manifest.
1042 silly tarball no local data for fuzzysort@https://registry.npmjs.org/fuzzysort/-/fuzzysort-3.1.0.tgz. Extracting by manifest.
1043 silly tarball no local data for function-bind@https://registry.npmjs.org/function-bind/-/function-bind-1.1.2.tgz. Extracting by manifest.
1044 silly tarball no local data for fs-extra@https://registry.npmjs.org/fs-extra/-/fs-extra-11.3.6.tgz. Extracting by manifest.
1045 silly tarball no local data for fresh@https://registry.npmjs.org/fresh/-/fresh-2.0.0.tgz. Extracting by manifest.
1046 silly tarball no local data for forwarded@https://registry.npmjs.org/forwarded/-/forwarded-0.2.0.tgz. Extracting by manifest.
1047 silly tarball no local data for find-up@https://registry.npmjs.org/find-up/-/find-up-3.0.0.tgz. Extracting by manifest.
1048 silly tarball no local data for finalhandler@https://registry.npmjs.org/finalhandler/-/finalhandler-2.1.1.tgz. Extracting by manifest.
1049 silly tarball no local data for fill-range@https://registry.npmjs.org/fill-range/-/fill-range-7.1.1.tgz. Extracting by manifest.
1050 silly tarball no local data for figures@https://registry.npmjs.org/figures/-/figures-6.1.0.tgz. Extracting by manifest.
1051 silly tarball no local data for fdir@https://registry.npmjs.org/fdir/-/fdir-6.5.0.tgz. Extracting by manifest.
1052 silly tarball no local data for fastq@https://registry.npmjs.org/fastq/-/fastq-1.20.1.tgz. Extracting by manifest.
1053 silly tarball no local data for fast-uri@https://registry.npmjs.org/fast-uri/-/fast-uri-3.1.3.tgz. Extracting by manifest.
1054 silly tarball no local data for fast-glob@https://registry.npmjs.org/fast-glob/-/fast-glob-3.3.3.tgz. Extracting by manifest.
1055 silly tarball no local data for fast-deep-equal@https://registry.npmjs.org/fast-deep-equal/-/fast-deep-equal-3.1.3.tgz. Extracting by manifest.
1056 silly tarball no local data for extend@https://registry.npmjs.org/extend/-/extend-3.0.2.tgz. Extracting by manifest.
1057 silly tarball no local data for express-rate-limit@https://registry.npmjs.org/express-rate-limit/-/express-rate-limit-8.5.2.tgz. Extracting by manifest.
1058 silly tarball no local data for express@https://registry.npmjs.org/express/-/express-5.2.1.tgz. Extracting by manifest.
1059 silly tarball no local data for expect-type@https://registry.npmjs.org/expect-type/-/expect-type-1.4.0.tgz. Extracting by manifest.
1060 silly tarball no local data for execa@https://registry.npmjs.org/execa/-/execa-9.6.1.tgz. Extracting by manifest.
1061 silly tarball no local data for eventsource-parser@https://registry.npmjs.org/eventsource-parser/-/eventsource-parser-3.1.0.tgz. Extracting by manifest.
1062 silly tarball no local data for eventsource@https://registry.npmjs.org/eventsource/-/eventsource-3.0.7.tgz. Extracting by manifest.
1063 silly tarball no local data for eventemitter3@https://registry.npmjs.org/eventemitter3/-/eventemitter3-5.0.4.tgz. Extracting by manifest.
1064 silly tarball no local data for etag@https://registry.npmjs.org/etag/-/etag-1.8.1.tgz. Extracting by manifest.
1065 silly tarball no local data for estree-walker@https://registry.npmjs.org/estree-walker/-/estree-walker-3.0.3.tgz. Extracting by manifest.
1066 silly tarball no local data for estree-util-is-identifier-name@https://registry.npmjs.org/estree-util-is-identifier-name/-/estree-util-is-identifier-name-3.0.0.tgz. Extracting by manifest.
1067 silly tarball no local data for esprima@https://registry.npmjs.org/esprima/-/esprima-4.0.1.tgz. Extracting by manifest.
1068 silly tarball no local data for escape-string-regexp@https://registry.npmjs.org/escape-string-regexp/-/escape-string-regexp-5.0.0.tgz. Extracting by manifest.
1069 silly tarball no local data for escape-html@https://registry.npmjs.org/escape-html/-/escape-html-1.0.3.tgz. Extracting by manifest.
1070 silly tarball no local data for escalade@https://registry.npmjs.org/escalade/-/escalade-3.2.0.tgz. Extracting by manifest.
1071 silly tarball no local data for esbuild@https://registry.npmjs.org/esbuild/-/esbuild-0.21.5.tgz. Extracting by manifest.
1072 silly tarball no local data for es-toolkit@https://registry.npmjs.org/es-toolkit/-/es-toolkit-1.49.0.tgz. Extracting by manifest.
1073 silly tarball no local data for es-object-atoms@https://registry.npmjs.org/es-object-atoms/-/es-object-atoms-1.1.2.tgz. Extracting by manifest.
1074 silly tarball no local data for es-module-lexer@https://registry.npmjs.org/es-module-lexer/-/es-module-lexer-1.7.0.tgz. Extracting by manifest.
1075 silly tarball no local data for es-errors@https://registry.npmjs.org/es-errors/-/es-errors-1.3.0.tgz. Extracting by manifest.
1076 silly tarball no local data for es-define-property@https://registry.npmjs.org/es-define-property/-/es-define-property-1.0.1.tgz. Extracting by manifest.
1077 silly tarball no local data for error-ex@https://registry.npmjs.org/error-ex/-/error-ex-1.3.4.tgz. Extracting by manifest.
1078 silly tarball no local data for env-paths@https://registry.npmjs.org/env-paths/-/env-paths-2.2.1.tgz. Extracting by manifest.
1079 silly tarball no local data for entities@https://registry.npmjs.org/entities/-/entities-8.0.0.tgz. Extracting by manifest.
1080 silly tarball no local data for enquirer@https://registry.npmjs.org/enquirer/-/enquirer-2.4.1.tgz. Extracting by manifest.
1081 silly tarball no local data for enhanced-resolve@https://registry.npmjs.org/enhanced-resolve/-/enhanced-resolve-5.21.6.tgz. Extracting by manifest.
1082 silly tarball no local data for encodeurl@https://registry.npmjs.org/encodeurl/-/encodeurl-2.0.0.tgz. Extracting by manifest.
1083 silly tarball no local data for emoji-regex@https://registry.npmjs.org/emoji-regex/-/emoji-regex-10.6.0.tgz. Extracting by manifest.
1084 silly tarball no local data for electron-to-chromium@https://registry.npmjs.org/electron-to-chromium/-/electron-to-chromium-1.5.389.tgz. Extracting by manifest.
1085 silly tarball no local data for ee-first@https://registry.npmjs.org/ee-first/-/ee-first-1.1.1.tgz. Extracting by manifest.
1086 silly tarball no local data for dunder-proto@https://registry.npmjs.org/dunder-proto/-/dunder-proto-1.0.1.tgz. Extracting by manifest.
1087 silly tarball no local data for dotenv@https://registry.npmjs.org/dotenv/-/dotenv-17.4.2.tgz. Extracting by manifest.
1088 silly tarball no local data for dot-prop@https://registry.npmjs.org/dot-prop/-/dot-prop-6.0.1.tgz. Extracting by manifest.
1089 silly tarball no local data for diff@https://registry.npmjs.org/diff/-/diff-8.0.4.tgz. Extracting by manifest.
1090 silly tarball no local data for devlop@https://registry.npmjs.org/devlop/-/devlop-1.1.0.tgz. Extracting by manifest.
1091 silly tarball no local data for detect-node-es@https://registry.npmjs.org/detect-node-es/-/detect-node-es-1.1.0.tgz. Extracting by manifest.
1092 silly tarball no local data for detect-libc@https://registry.npmjs.org/detect-libc/-/detect-libc-2.1.2.tgz. Extracting by manifest.
1093 silly tarball no local data for dequal@https://registry.npmjs.org/dequal/-/dequal-2.0.3.tgz. Extracting by manifest.
1094 silly tarball no local data for depd@https://registry.npmjs.org/depd/-/depd-2.0.0.tgz. Extracting by manifest.
1095 silly tarball no local data for define-lazy-prop@https://registry.npmjs.org/define-lazy-prop/-/define-lazy-prop-3.0.0.tgz. Extracting by manifest.
1096 silly tarball no local data for default-browser-id@https://registry.npmjs.org/default-browser-id/-/default-browser-id-5.0.1.tgz. Extracting by manifest.
1097 silly tarball no local data for default-browser@https://registry.npmjs.org/default-browser/-/default-browser-5.5.0.tgz. Extracting by manifest.
1098 silly tarball no local data for deepmerge@https://registry.npmjs.org/deepmerge/-/deepmerge-4.3.1.tgz. Extracting by manifest.
1099 silly tarball no local data for deep-eql@https://registry.npmjs.org/deep-eql/-/deep-eql-5.0.2.tgz. Extracting by manifest.
1100 silly tarball no local data for dedent@https://registry.npmjs.org/dedent/-/dedent-1.7.2.tgz. Extracting by manifest.
1101 silly tarball no local data for decode-named-character-reference@https://registry.npmjs.org/decode-named-character-reference/-/decode-named-character-reference-1.3.0.tgz. Extracting by manifest.
1102 silly tarball no local data for decimal.js-light@https://registry.npmjs.org/decimal.js-light/-/decimal.js-light-2.5.1.tgz. Extracting by manifest.
1103 silly tarball no local data for decimal.js@https://registry.npmjs.org/decimal.js/-/decimal.js-10.6.0.tgz. Extracting by manifest.
1104 silly tarball no local data for debug@https://registry.npmjs.org/debug/-/debug-4.4.3.tgz. Extracting by manifest.
1105 silly tarball no local data for debounce-fn@https://registry.npmjs.org/debounce-fn/-/debounce-fn-4.0.0.tgz. Extracting by manifest.
1106 silly tarball no local data for data-urls@https://registry.npmjs.org/data-urls/-/data-urls-6.0.1.tgz. Extracting by manifest.
1107 silly tarball no local data for d3-zoom@https://registry.npmjs.org/d3-zoom/-/d3-zoom-3.0.0.tgz. Extracting by manifest.
1108 silly tarball no local data for d3-transition@https://registry.npmjs.org/d3-transition/-/d3-transition-3.0.1.tgz. Extracting by manifest.
1109 silly tarball no local data for d3-timer@https://registry.npmjs.org/d3-timer/-/d3-timer-3.0.1.tgz. Extracting by manifest.
1110 silly tarball no local data for d3-time-format@https://registry.npmjs.org/d3-time-format/-/d3-time-format-4.1.0.tgz. Extracting by manifest.
1111 silly tarball no local data for d3-time@https://registry.npmjs.org/d3-time/-/d3-time-3.1.0.tgz. Extracting by manifest.
1112 silly tarball no local data for d3-shape@https://registry.npmjs.org/d3-shape/-/d3-shape-3.2.0.tgz. Extracting by manifest.
1113 silly tarball no local data for d3-selection@https://registry.npmjs.org/d3-selection/-/d3-selection-3.0.0.tgz. Extracting by manifest.
1114 silly tarball no local data for d3-scale@https://registry.npmjs.org/d3-scale/-/d3-scale-4.0.2.tgz. Extracting by manifest.
1115 silly tarball no local data for d3-quadtree@https://registry.npmjs.org/d3-quadtree/-/d3-quadtree-3.0.1.tgz. Extracting by manifest.
1116 silly tarball no local data for d3-path@https://registry.npmjs.org/d3-path/-/d3-path-3.1.0.tgz. Extracting by manifest.
1117 silly tarball no local data for d3-interpolate@https://registry.npmjs.org/d3-interpolate/-/d3-interpolate-3.0.1.tgz. Extracting by manifest.
1118 silly tarball no local data for d3-format@https://registry.npmjs.org/d3-format/-/d3-format-3.1.2.tgz. Extracting by manifest.
1119 silly tarball no local data for d3-force@https://registry.npmjs.org/d3-force/-/d3-force-3.0.0.tgz. Extracting by manifest.
1120 silly tarball no local data for d3-ease@https://registry.npmjs.org/d3-ease/-/d3-ease-3.0.1.tgz. Extracting by manifest.
1121 silly tarball no local data for d3-drag@https://registry.npmjs.org/d3-drag/-/d3-drag-3.0.0.tgz. Extracting by manifest.
1122 silly tarball no local data for d3-dispatch@https://registry.npmjs.org/d3-dispatch/-/d3-dispatch-3.0.1.tgz. Extracting by manifest.
1123 silly tarball no local data for d3-color@https://registry.npmjs.org/d3-color/-/d3-color-3.1.0.tgz. Extracting by manifest.
1124 silly tarball no local data for d3-array@https://registry.npmjs.org/d3-array/-/d3-array-3.2.4.tgz. Extracting by manifest.
1125 silly tarball no local data for csstype@https://registry.npmjs.org/csstype/-/csstype-3.2.3.tgz. Extracting by manifest.
1126 silly tarball no local data for cssstyle@https://registry.npmjs.org/cssstyle/-/cssstyle-5.3.7.tgz. Extracting by manifest.
1127 silly tarball no local data for cssesc@https://registry.npmjs.org/cssesc/-/cssesc-3.0.0.tgz. Extracting by manifest.
1128 silly tarball no local data for css-tree@https://registry.npmjs.org/css-tree/-/css-tree-3.2.1.tgz. Extracting by manifest.
1129 silly tarball no local data for cross-spawn@https://registry.npmjs.org/cross-spawn/-/cross-spawn-7.0.6.tgz. Extracting by manifest.
1130 silly tarball no local data for cosmiconfig@https://registry.npmjs.org/cosmiconfig/-/cosmiconfig-9.0.2.tgz. Extracting by manifest.
1131 silly tarball no local data for cors@https://registry.npmjs.org/cors/-/cors-2.8.6.tgz. Extracting by manifest.
1132 silly tarball no local data for cookie-signature@https://registry.npmjs.org/cookie-signature/-/cookie-signature-1.2.2.tgz. Extracting by manifest.
1133 silly tarball no local data for cookie@https://registry.npmjs.org/cookie/-/cookie-0.7.2.tgz. Extracting by manifest.
1134 silly tarball no local data for convert-source-map@https://registry.npmjs.org/convert-source-map/-/convert-source-map-2.0.0.tgz. Extracting by manifest.
1135 silly tarball no local data for content-type@https://registry.npmjs.org/content-type/-/content-type-1.0.5.tgz. Extracting by manifest.
1136 silly tarball no local data for content-disposition@https://registry.npmjs.org/content-disposition/-/content-disposition-1.1.0.tgz. Extracting by manifest.
1137 silly tarball no local data for conf@https://registry.npmjs.org/conf/-/conf-10.2.0.tgz. Extracting by manifest.
1138 silly tarball no local data for commander@https://registry.npmjs.org/commander/-/commander-14.0.3.tgz. Extracting by manifest.
1139 silly tarball no local data for comma-separated-tokens@https://registry.npmjs.org/comma-separated-tokens/-/comma-separated-tokens-2.0.3.tgz. Extracting by manifest.
1140 silly tarball no local data for code-block-writer@https://registry.npmjs.org/code-block-writer/-/code-block-writer-13.0.3.tgz. Extracting by manifest.
1141 silly tarball no local data for clsx@https://registry.npmjs.org/clsx/-/clsx-2.1.1.tgz. Extracting by manifest.
1142 silly tarball no local data for cli-spinners@https://registry.npmjs.org/cli-spinners/-/cli-spinners-2.9.2.tgz. Extracting by manifest.
1143 silly tarball no local data for cli-cursor@https://registry.npmjs.org/cli-cursor/-/cli-cursor-5.0.0.tgz. Extracting by manifest.
1144 silly tarball no local data for classcat@https://registry.npmjs.org/classcat/-/classcat-5.0.5.tgz. Extracting by manifest.
1145 silly tarball no local data for class-variance-authority@https://registry.npmjs.org/class-variance-authority/-/class-variance-authority-0.7.1.tgz. Extracting by manifest.
1146 silly tarball no local data for check-error@https://registry.npmjs.org/check-error/-/check-error-2.1.3.tgz. Extracting by manifest.
1147 silly tarball no local data for character-reference-invalid@https://registry.npmjs.org/character-reference-invalid/-/character-reference-invalid-2.0.1.tgz. Extracting by manifest.
1148 silly tarball no local data for character-entities-legacy@https://registry.npmjs.org/character-entities-legacy/-/character-entities-legacy-3.0.0.tgz. Extracting by manifest.
1149 silly tarball no local data for character-entities-html4@https://registry.npmjs.org/character-entities-html4/-/character-entities-html4-2.1.0.tgz. Extracting by manifest.
1150 silly tarball no local data for character-entities@https://registry.npmjs.org/character-entities/-/character-entities-2.0.2.tgz. Extracting by manifest.
1151 silly tarball no local data for chalk@https://registry.npmjs.org/chalk/-/chalk-5.6.2.tgz. Extracting by manifest.
1152 silly tarball no local data for chai@https://registry.npmjs.org/chai/-/chai-5.3.3.tgz. Extracting by manifest.
1153 silly tarball no local data for ccount@https://registry.npmjs.org/ccount/-/ccount-2.0.1.tgz. Extracting by manifest.
1154 silly tarball no local data for caniuse-lite@https://registry.npmjs.org/caniuse-lite/-/caniuse-lite-1.0.30001803.tgz. Extracting by manifest.
1155 silly tarball no local data for callsites@https://registry.npmjs.org/callsites/-/callsites-3.1.0.tgz. Extracting by manifest.
1156 silly tarball no local data for call-bound@https://registry.npmjs.org/call-bound/-/call-bound-1.0.4.tgz. Extracting by manifest.
1157 silly tarball no local data for call-bind-apply-helpers@https://registry.npmjs.org/call-bind-apply-helpers/-/call-bind-apply-helpers-1.0.2.tgz. Extracting by manifest.
1158 silly tarball no local data for cac@https://registry.npmjs.org/cac/-/cac-6.7.14.tgz. Extracting by manifest.
1159 silly tarball no local data for bytes@https://registry.npmjs.org/bytes/-/bytes-3.1.2.tgz. Extracting by manifest.
1160 silly tarball no local data for bundle-name@https://registry.npmjs.org/bundle-name/-/bundle-name-4.1.0.tgz. Extracting by manifest.
1161 silly tarball no local data for browserslist@https://registry.npmjs.org/browserslist/-/browserslist-4.28.5.tgz. Extracting by manifest.
1162 silly tarball no local data for braces@https://registry.npmjs.org/braces/-/braces-3.0.3.tgz. Extracting by manifest.
1163 silly tarball no local data for brace-expansion@https://registry.npmjs.org/brace-expansion/-/brace-expansion-5.0.7.tgz. Extracting by manifest.
1164 silly tarball no local data for body-parser@https://registry.npmjs.org/body-parser/-/body-parser-2.3.0.tgz. Extracting by manifest.
1165 silly tarball no local data for bidi-js@https://registry.npmjs.org/bidi-js/-/bidi-js-1.0.3.tgz. Extracting by manifest.
1166 silly tarball no local data for baseline-browser-mapping@https://registry.npmjs.org/baseline-browser-mapping/-/baseline-browser-mapping-2.10.43.tgz. Extracting by manifest.
1167 silly tarball no local data for balanced-match@https://registry.npmjs.org/balanced-match/-/balanced-match-4.0.4.tgz. Extracting by manifest.
1168 silly tarball no local data for bail@https://registry.npmjs.org/bail/-/bail-2.0.2.tgz. Extracting by manifest.
1169 silly tarball no local data for atomically@https://registry.npmjs.org/atomically/-/atomically-1.7.0.tgz. Extracting by manifest.
1170 silly tarball no local data for ast-types@https://registry.npmjs.org/ast-types/-/ast-types-0.16.1.tgz. Extracting by manifest.
1171 silly tarball no local data for assistant-stream@https://registry.npmjs.org/assistant-stream/-/assistant-stream-0.3.39.tgz. Extracting by manifest.
1172 silly tarball no local data for assistant-cloud@https://registry.npmjs.org/assistant-cloud/-/assistant-cloud-0.1.41.tgz. Extracting by manifest.
1173 silly tarball no local data for assertion-error@https://registry.npmjs.org/assertion-error/-/assertion-error-2.0.1.tgz. Extracting by manifest.
1174 silly tarball no local data for aria-hidden@https://registry.npmjs.org/aria-hidden/-/aria-hidden-1.2.6.tgz. Extracting by manifest.
1175 silly tarball no local data for argparse@https://registry.npmjs.org/argparse/-/argparse-2.0.1.tgz. Extracting by manifest.
1176 silly tarball no local data for ansi-regex@https://registry.npmjs.org/ansi-regex/-/ansi-regex-5.0.1.tgz. Extracting by manifest.
1177 silly tarball no local data for ansi-colors@https://registry.npmjs.org/ansi-colors/-/ansi-colors-4.1.3.tgz. Extracting by manifest.
1178 silly tarball no local data for ajv-formats@https://registry.npmjs.org/ajv-formats/-/ajv-formats-3.0.1.tgz. Extracting by manifest.
1179 silly tarball no local data for ajv@https://registry.npmjs.org/ajv/-/ajv-8.20.0.tgz. Extracting by manifest.
1180 silly tarball no local data for agent-base@https://registry.npmjs.org/agent-base/-/agent-base-7.1.4.tgz. Extracting by manifest.
1181 silly tarball no local data for accepts@https://registry.npmjs.org/accepts/-/accepts-2.0.0.tgz. Extracting by manifest.
1182 silly tarball no local data for @xyflow/system@https://registry.npmjs.org/@xyflow/system/-/system-0.0.79.tgz. Extracting by manifest.
1183 silly tarball no local data for @xyflow/react@https://registry.npmjs.org/@xyflow/react/-/react-12.11.2.tgz. Extracting by manifest.
1184 silly tarball no local data for @vitest/utils@https://registry.npmjs.org/@vitest/utils/-/utils-3.2.7.tgz. Extracting by manifest.
1185 silly tarball no local data for @vitest/spy@https://registry.npmjs.org/@vitest/spy/-/spy-3.2.7.tgz. Extracting by manifest.
1186 silly tarball no local data for @vitest/snapshot@https://registry.npmjs.org/@vitest/snapshot/-/snapshot-3.2.7.tgz. Extracting by manifest.
1187 silly tarball no local data for @vitest/runner@https://registry.npmjs.org/@vitest/runner/-/runner-3.2.7.tgz. Extracting by manifest.
1188 silly tarball no local data for @vitest/pretty-format@https://registry.npmjs.org/@vitest/pretty-format/-/pretty-format-3.2.7.tgz. Extracting by manifest.
1189 silly tarball no local data for @vitest/mocker@https://registry.npmjs.org/@vitest/mocker/-/mocker-3.2.7.tgz. Extracting by manifest.
1190 silly tarball no local data for @vitest/expect@https://registry.npmjs.org/@vitest/expect/-/expect-3.2.7.tgz. Extracting by manifest.
1191 silly tarball no local data for @vitejs/plugin-react@https://registry.npmjs.org/@vitejs/plugin-react/-/plugin-react-4.7.0.tgz. Extracting by manifest.
1192 silly tarball no local data for @ungap/structured-clone@https://registry.npmjs.org/@ungap/structured-clone/-/structured-clone-1.3.3.tgz. Extracting by manifest.
1193 silly tarball no local data for @types/validate-npm-package-name@https://registry.npmjs.org/@types/validate-npm-package-name/-/validate-npm-package-name-4.0.2.tgz. Extracting by manifest.
1194 silly tarball no local data for @types/use-sync-external-store@https://registry.npmjs.org/@types/use-sync-external-store/-/use-sync-external-store-0.0.6.tgz. Extracting by manifest.
1195 silly tarball no local data for @types/unist@https://registry.npmjs.org/@types/unist/-/unist-3.0.3.tgz. Extracting by manifest.
1196 silly tarball no local data for @types/react-dom@https://registry.npmjs.org/@types/react-dom/-/react-dom-18.3.7.tgz. Extracting by manifest.
1197 silly tarball no local data for @types/react@https://registry.npmjs.org/@types/react/-/react-18.3.31.tgz. Extracting by manifest.
1198 silly tarball no local data for @types/prop-types@https://registry.npmjs.org/@types/prop-types/-/prop-types-15.7.15.tgz. Extracting by manifest.
1199 silly tarball no local data for @types/node@https://registry.npmjs.org/@types/node/-/node-22.20.1.tgz. Extracting by manifest.
1200 silly tarball no local data for @types/ms@https://registry.npmjs.org/@types/ms/-/ms-2.1.0.tgz. Extracting by manifest.
1201 silly tarball no local data for @types/mdast@https://registry.npmjs.org/@types/mdast/-/mdast-4.0.4.tgz. Extracting by manifest.
1202 silly tarball no local data for @types/hast@https://registry.npmjs.org/@types/hast/-/hast-3.0.5.tgz. Extracting by manifest.
1203 silly tarball no local data for @types/estree-jsx@https://registry.npmjs.org/@types/estree-jsx/-/estree-jsx-1.0.5.tgz. Extracting by manifest.
1204 silly tarball no local data for @types/estree@https://registry.npmjs.org/@types/estree/-/estree-1.0.9.tgz. Extracting by manifest.
1205 silly tarball no local data for @types/deep-eql@https://registry.npmjs.org/@types/deep-eql/-/deep-eql-4.0.2.tgz. Extracting by manifest.
1206 silly tarball no local data for @types/debug@https://registry.npmjs.org/@types/debug/-/debug-4.1.13.tgz. Extracting by manifest.
1207 silly tarball no local data for @types/d3-zoom@https://registry.npmjs.org/@types/d3-zoom/-/d3-zoom-3.0.8.tgz. Extracting by manifest.
1208 silly tarball no local data for @types/d3-transition@https://registry.npmjs.org/@types/d3-transition/-/d3-transition-3.0.9.tgz. Extracting by manifest.
1209 silly tarball no local data for @types/d3-timer@https://registry.npmjs.org/@types/d3-timer/-/d3-timer-3.0.2.tgz. Extracting by manifest.
1210 silly tarball no local data for @types/d3-time@https://registry.npmjs.org/@types/d3-time/-/d3-time-3.0.4.tgz. Extracting by manifest.
1211 silly tarball no local data for @types/d3-shape@https://registry.npmjs.org/@types/d3-shape/-/d3-shape-3.1.8.tgz. Extracting by manifest.
1212 silly tarball no local data for @types/d3-selection@https://registry.npmjs.org/@types/d3-selection/-/d3-selection-3.0.11.tgz. Extracting by manifest.
1213 silly tarball no local data for @types/d3-scale@https://registry.npmjs.org/@types/d3-scale/-/d3-scale-4.0.9.tgz. Extracting by manifest.
1214 silly tarball no local data for @types/d3-path@https://registry.npmjs.org/@types/d3-path/-/d3-path-3.1.1.tgz. Extracting by manifest.
1215 silly tarball no local data for @types/d3-interpolate@https://registry.npmjs.org/@types/d3-interpolate/-/d3-interpolate-3.0.4.tgz. Extracting by manifest.
1216 silly tarball no local data for @types/d3-force@https://registry.npmjs.org/@types/d3-force/-/d3-force-3.0.10.tgz. Extracting by manifest.
1217 silly tarball no local data for @types/d3-ease@https://registry.npmjs.org/@types/d3-ease/-/d3-ease-3.0.2.tgz. Extracting by manifest.
1218 silly tarball no local data for @types/d3-drag@https://registry.npmjs.org/@types/d3-drag/-/d3-drag-3.0.7.tgz. Extracting by manifest.
1219 silly tarball no local data for @types/d3-color@https://registry.npmjs.org/@types/d3-color/-/d3-color-3.1.3.tgz. Extracting by manifest.
1220 silly tarball no local data for @types/d3-array@https://registry.npmjs.org/@types/d3-array/-/d3-array-3.2.2.tgz. Extracting by manifest.
1221 silly tarball no local data for @types/chai@https://registry.npmjs.org/@types/chai/-/chai-5.2.3.tgz. Extracting by manifest.
1222 silly tarball no local data for @types/babel__traverse@https://registry.npmjs.org/@types/babel__traverse/-/babel__traverse-7.28.0.tgz. Extracting by manifest.
1223 silly tarball no local data for @types/babel__template@https://registry.npmjs.org/@types/babel__template/-/babel__template-7.4.4.tgz. Extracting by manifest.
1224 silly tarball no local data for @types/babel__generator@https://registry.npmjs.org/@types/babel__generator/-/babel__generator-7.27.0.tgz. Extracting by manifest.
1225 silly tarball no local data for @types/babel__core@https://registry.npmjs.org/@types/babel__core/-/babel__core-7.20.5.tgz. Extracting by manifest.
1226 silly tarball no local data for @ts-morph/common@https://registry.npmjs.org/@ts-morph/common/-/common-0.27.0.tgz. Extracting by manifest.
1227 silly tarball no local data for @tauri-apps/cli-linux-x64-musl@https://registry.npmjs.org/@tauri-apps/cli-linux-x64-musl/-/cli-linux-x64-musl-2.11.4.tgz. Extracting by manifest.
1228 silly tarball no local data for @tauri-apps/cli-linux-x64-gnu@https://registry.npmjs.org/@tauri-apps/cli-linux-x64-gnu/-/cli-linux-x64-gnu-2.11.4.tgz. Extracting by manifest.
1229 silly tarball no local data for @tauri-apps/cli@https://registry.npmjs.org/@tauri-apps/cli/-/cli-2.11.4.tgz. Extracting by manifest.
1230 silly tarball no local data for @tauri-apps/api@https://registry.npmjs.org/@tauri-apps/api/-/api-2.11.1.tgz. Extracting by manifest.
1231 silly tarball no local data for @tailwindcss/vite@https://registry.npmjs.org/@tailwindcss/vite/-/vite-4.3.2.tgz. Extracting by manifest.
1232 silly tarball no local data for @tailwindcss/typography@https://registry.npmjs.org/@tailwindcss/typography/-/typography-0.5.20.tgz. Extracting by manifest.
1233 silly tarball no local data for @tailwindcss/oxide-linux-x64-musl@https://registry.npmjs.org/@tailwindcss/oxide-linux-x64-musl/-/oxide-linux-x64-musl-4.3.2.tgz. Extracting by manifest.
1234 silly tarball no local data for @tailwindcss/oxide-linux-x64-gnu@https://registry.npmjs.org/@tailwindcss/oxide-linux-x64-gnu/-/oxide-linux-x64-gnu-4.3.2.tgz. Extracting by manifest.
1235 silly tarball no local data for @tailwindcss/oxide@https://registry.npmjs.org/@tailwindcss/oxide/-/oxide-4.3.2.tgz. Extracting by manifest.
1236 silly tarball no local data for @tailwindcss/node@https://registry.npmjs.org/@tailwindcss/node/-/node-4.3.2.tgz. Extracting by manifest.
1237 silly tarball no local data for @standard-schema/utils@https://registry.npmjs.org/@standard-schema/utils/-/utils-0.3.0.tgz. Extracting by manifest.
1238 silly tarball no local data for @standard-schema/spec@https://registry.npmjs.org/@standard-schema/spec/-/spec-1.1.0.tgz. Extracting by manifest.
1239 silly tarball no local data for @sindresorhus/merge-streams@https://registry.npmjs.org/@sindresorhus/merge-streams/-/merge-streams-4.0.0.tgz. Extracting by manifest.
1240 silly tarball no local data for @sec-ant/readable-stream@https://registry.npmjs.org/@sec-ant/readable-stream/-/readable-stream-0.4.1.tgz. Extracting by manifest.
1241 silly tarball no local data for @rollup/rollup-linux-x64-musl@https://registry.npmjs.org/@rollup/rollup-linux-x64-musl/-/rollup-linux-x64-musl-4.62.2.tgz. Extracting by manifest.
1242 silly tarball no local data for @rollup/rollup-linux-x64-gnu@https://registry.npmjs.org/@rollup/rollup-linux-x64-gnu/-/rollup-linux-x64-gnu-4.62.2.tgz. Extracting by manifest.
1243 silly tarball no local data for @rolldown/pluginutils@https://registry.npmjs.org/@rolldown/pluginutils/-/pluginutils-1.0.0-beta.27.tgz. Extracting by manifest.
1244 silly tarball no local data for @reduxjs/toolkit@https://registry.npmjs.org/@reduxjs/toolkit/-/toolkit-2.12.0.tgz. Extracting by manifest.
1245 silly tarball no local data for @radix-ui/rect@https://registry.npmjs.org/@radix-ui/rect/-/rect-1.1.3.tgz. Extracting by manifest.
1246 silly tarball no local data for @radix-ui/react-visually-hidden@https://registry.npmjs.org/@radix-ui/react-visually-hidden/-/react-visually-hidden-1.2.11.tgz. Extracting by manifest.
1247 silly tarball no local data for @radix-ui/react-use-size@https://registry.npmjs.org/@radix-ui/react-use-size/-/react-use-size-1.1.4.tgz. Extracting by manifest.
1248 silly tarball no local data for @radix-ui/react-use-rect@https://registry.npmjs.org/@radix-ui/react-use-rect/-/react-use-rect-1.1.4.tgz. Extracting by manifest.
1249 silly tarball no local data for @radix-ui/react-use-previous@https://registry.npmjs.org/@radix-ui/react-use-previous/-/react-use-previous-1.1.4.tgz. Extracting by manifest.
1250 silly tarball no local data for @radix-ui/react-use-layout-effect@https://registry.npmjs.org/@radix-ui/react-use-layout-effect/-/react-use-layout-effect-1.1.4.tgz. Extracting by manifest.
1251 silly tarball no local data for @radix-ui/react-use-is-hydrated@https://registry.npmjs.org/@radix-ui/react-use-is-hydrated/-/react-use-is-hydrated-0.1.3.tgz. Extracting by manifest.
1252 silly tarball no local data for @radix-ui/react-use-escape-keydown@https://registry.npmjs.org/@radix-ui/react-use-escape-keydown/-/react-use-escape-keydown-1.1.5.tgz. Extracting by manifest.
1253 silly tarball no local data for @radix-ui/react-use-effect-event@https://registry.npmjs.org/@radix-ui/react-use-effect-event/-/react-use-effect-event-0.0.5.tgz. Extracting by manifest.
1254 silly tarball no local data for @radix-ui/react-use-controllable-state@https://registry.npmjs.org/@radix-ui/react-use-controllable-state/-/react-use-controllable-state-1.2.6.tgz. Extracting by manifest.
1255 silly tarball no local data for @radix-ui/react-use-callback-ref@https://registry.npmjs.org/@radix-ui/react-use-callback-ref/-/react-use-callback-ref-1.1.4.tgz. Extracting by manifest.
1256 silly tarball no local data for @radix-ui/react-tooltip@https://registry.npmjs.org/@radix-ui/react-tooltip/-/react-tooltip-1.2.16.tgz. Extracting by manifest.
1257 silly tarball no local data for @radix-ui/react-toolbar@https://registry.npmjs.org/@radix-ui/react-toolbar/-/react-toolbar-1.1.19.tgz. Extracting by manifest.
1258 silly tarball no local data for @radix-ui/react-toggle-group@https://registry.npmjs.org/@radix-ui/react-toggle-group/-/react-toggle-group-1.1.19.tgz. Extracting by manifest.
1259 silly tarball no local data for @radix-ui/react-toggle@https://registry.npmjs.org/@radix-ui/react-toggle/-/react-toggle-1.1.18.tgz. Extracting by manifest.
1260 silly tarball no local data for @radix-ui/react-toast@https://registry.npmjs.org/@radix-ui/react-toast/-/react-toast-1.2.23.tgz. Extracting by manifest.
1261 silly tarball no local data for @radix-ui/react-tabs@https://registry.npmjs.org/@radix-ui/react-tabs/-/react-tabs-1.1.21.tgz. Extracting by manifest.
1262 silly tarball no local data for @radix-ui/react-switch@https://registry.npmjs.org/@radix-ui/react-switch/-/react-switch-1.3.7.tgz. Extracting by manifest.
1263 silly tarball no local data for @radix-ui/react-slot@https://registry.npmjs.org/@radix-ui/react-slot/-/react-slot-1.3.3.tgz. Extracting by manifest.
1264 silly tarball no local data for @radix-ui/react-slider@https://registry.npmjs.org/@radix-ui/react-slider/-/react-slider-1.4.7.tgz. Extracting by manifest.
1265 silly tarball no local data for @radix-ui/react-separator@https://registry.npmjs.org/@radix-ui/react-separator/-/react-separator-1.1.15.tgz. Extracting by manifest.
1266 silly tarball no local data for @radix-ui/react-scroll-area@https://registry.npmjs.org/@radix-ui/react-scroll-area/-/react-scroll-area-1.2.18.tgz. Extracting by manifest.
1267 silly tarball no local data for @radix-ui/react-select@https://registry.npmjs.org/@radix-ui/react-select/-/react-select-2.3.7.tgz. Extracting by manifest.
1268 silly tarball no local data for @radix-ui/react-roving-focus@https://registry.npmjs.org/@radix-ui/react-roving-focus/-/react-roving-focus-1.1.19.tgz. Extracting by manifest.
1269 silly tarball no local data for @radix-ui/react-radio-group@https://registry.npmjs.org/@radix-ui/react-radio-group/-/react-radio-group-1.4.7.tgz. Extracting by manifest.
1270 silly tarball no local data for @radix-ui/react-progress@https://registry.npmjs.org/@radix-ui/react-progress/-/react-progress-1.1.16.tgz. Extracting by manifest.
1271 silly tarball no local data for @radix-ui/react-primitive@https://registry.npmjs.org/@radix-ui/react-primitive/-/react-primitive-2.1.10.tgz. Extracting by manifest.
1272 silly tarball no local data for @radix-ui/react-presence@https://registry.npmjs.org/@radix-ui/react-presence/-/react-presence-1.1.10.tgz. Extracting by manifest.
1273 silly tarball no local data for @radix-ui/react-portal@https://registry.npmjs.org/@radix-ui/react-portal/-/react-portal-1.1.17.tgz. Extracting by manifest.
1274 silly tarball no local data for @radix-ui/react-popper@https://registry.npmjs.org/@radix-ui/react-popper/-/react-popper-1.3.7.tgz. Extracting by manifest.
1275 silly tarball no local data for @radix-ui/react-popover@https://registry.npmjs.org/@radix-ui/react-popover/-/react-popover-1.1.23.tgz. Extracting by manifest.
1276 silly tarball no local data for @radix-ui/react-password-toggle-field@https://registry.npmjs.org/@radix-ui/react-password-toggle-field/-/react-password-toggle-field-0.1.11.tgz. Extracting by manifest.
1277 silly tarball no local data for @radix-ui/react-one-time-password-field@https://registry.npmjs.org/@radix-ui/react-one-time-password-field/-/react-one-time-password-field-0.1.16.tgz. Extracting by manifest.
1278 silly tarball no local data for @radix-ui/react-navigation-menu@https://registry.npmjs.org/@radix-ui/react-navigation-menu/-/react-navigation-menu-1.2.22.tgz. Extracting by manifest.
1279 silly tarball no local data for @radix-ui/react-menubar@https://registry.npmjs.org/@radix-ui/react-menubar/-/react-menubar-1.1.24.tgz. Extracting by manifest.
1280 silly tarball no local data for @radix-ui/react-menu@https://registry.npmjs.org/@radix-ui/react-menu/-/react-menu-2.1.24.tgz. Extracting by manifest.
1281 silly tarball no local data for @radix-ui/react-label@https://registry.npmjs.org/@radix-ui/react-label/-/react-label-2.1.15.tgz. Extracting by manifest.
1282 silly tarball no local data for @radix-ui/react-id@https://registry.npmjs.org/@radix-ui/react-id/-/react-id-1.1.4.tgz. Extracting by manifest.
1283 silly tarball no local data for @radix-ui/react-hover-card@https://registry.npmjs.org/@radix-ui/react-hover-card/-/react-hover-card-1.1.23.tgz. Extracting by manifest.
1284 silly tarball no local data for @radix-ui/react-form@https://registry.npmjs.org/@radix-ui/react-form/-/react-form-0.1.16.tgz. Extracting by manifest.
1285 silly tarball no local data for @radix-ui/react-focus-scope@https://registry.npmjs.org/@radix-ui/react-focus-scope/-/react-focus-scope-1.1.16.tgz. Extracting by manifest.
1286 silly tarball no local data for @radix-ui/react-focus-guards@https://registry.npmjs.org/@radix-ui/react-focus-guards/-/react-focus-guards-1.1.6.tgz. Extracting by manifest.
1287 silly tarball no local data for @radix-ui/react-dropdown-menu@https://registry.npmjs.org/@radix-ui/react-dropdown-menu/-/react-dropdown-menu-2.1.24.tgz. Extracting by manifest.
1288 silly tarball no local data for @radix-ui/react-dismissable-layer@https://registry.npmjs.org/@radix-ui/react-dismissable-layer/-/react-dismissable-layer-1.1.19.tgz. Extracting by manifest.
1289 silly tarball no local data for @radix-ui/react-direction@https://registry.npmjs.org/@radix-ui/react-direction/-/react-direction-1.1.4.tgz. Extracting by manifest.
1290 silly tarball no local data for @radix-ui/react-dialog@https://registry.npmjs.org/@radix-ui/react-dialog/-/react-dialog-1.1.23.tgz. Extracting by manifest.
1291 silly tarball no local data for @radix-ui/react-context-menu@https://registry.npmjs.org/@radix-ui/react-context-menu/-/react-context-menu-2.3.7.tgz. Extracting by manifest.
1292 silly tarball no local data for @radix-ui/react-compose-refs@https://registry.npmjs.org/@radix-ui/react-compose-refs/-/react-compose-refs-1.1.5.tgz. Extracting by manifest.
1293 silly tarball no local data for @radix-ui/react-context@https://registry.npmjs.org/@radix-ui/react-context/-/react-context-1.2.2.tgz. Extracting by manifest.
1294 silly tarball no local data for @radix-ui/react-collection@https://registry.npmjs.org/@radix-ui/react-collection/-/react-collection-1.1.15.tgz. Extracting by manifest.
1295 silly tarball no local data for @radix-ui/react-collapsible@https://registry.npmjs.org/@radix-ui/react-collapsible/-/react-collapsible-1.1.20.tgz. Extracting by manifest.
1296 silly tarball no local data for @radix-ui/react-checkbox@https://registry.npmjs.org/@radix-ui/react-checkbox/-/react-checkbox-1.3.11.tgz. Extracting by manifest.
1297 silly tarball no local data for @radix-ui/react-avatar@https://registry.npmjs.org/@radix-ui/react-avatar/-/react-avatar-1.2.6.tgz. Extracting by manifest.
1298 silly tarball no local data for @radix-ui/react-aspect-ratio@https://registry.npmjs.org/@radix-ui/react-aspect-ratio/-/react-aspect-ratio-1.1.15.tgz. Extracting by manifest.
1299 silly tarball no local data for @radix-ui/react-arrow@https://registry.npmjs.org/@radix-ui/react-arrow/-/react-arrow-1.1.15.tgz. Extracting by manifest.
1300 silly tarball no local data for @radix-ui/react-alert-dialog@https://registry.npmjs.org/@radix-ui/react-alert-dialog/-/react-alert-dialog-1.1.23.tgz. Extracting by manifest.
1301 silly tarball no local data for @radix-ui/react-accordion@https://registry.npmjs.org/@radix-ui/react-accordion/-/react-accordion-1.2.20.tgz. Extracting by manifest.
1302 silly tarball no local data for @radix-ui/react-accessible-icon@https://registry.npmjs.org/@radix-ui/react-accessible-icon/-/react-accessible-icon-1.1.15.tgz. Extracting by manifest.
1303 silly tarball no local data for @radix-ui/primitive@https://registry.npmjs.org/@radix-ui/primitive/-/primitive-1.1.7.tgz. Extracting by manifest.
1304 silly tarball no local data for @radix-ui/number@https://registry.npmjs.org/@radix-ui/number/-/number-1.1.3.tgz. Extracting by manifest.
1305 silly tarball no local data for @playwright/test@https://registry.npmjs.org/@playwright/test/-/test-1.61.1.tgz. Extracting by manifest.
1306 silly tarball no local data for @nodelib/fs.walk@https://registry.npmjs.org/@nodelib/fs.walk/-/fs.walk-1.2.8.tgz. Extracting by manifest.
1307 silly tarball no local data for @nodelib/fs.stat@https://registry.npmjs.org/@nodelib/fs.stat/-/fs.stat-2.0.5.tgz. Extracting by manifest.
1308 silly tarball no local data for @nodelib/fs.scandir@https://registry.npmjs.org/@nodelib/fs.scandir/-/fs.scandir-2.1.5.tgz. Extracting by manifest.
1309 silly tarball no local data for @modelcontextprotocol/sdk@https://registry.npmjs.org/@modelcontextprotocol/sdk/-/sdk-1.29.0.tgz. Extracting by manifest.
1310 silly tarball no local data for @jridgewell/trace-mapping@https://registry.npmjs.org/@jridgewell/trace-mapping/-/trace-mapping-0.3.31.tgz. Extracting by manifest.
1311 silly tarball no local data for @jridgewell/sourcemap-codec@https://registry.npmjs.org/@jridgewell/sourcemap-codec/-/sourcemap-codec-1.5.5.tgz. Extracting by manifest.
1312 silly tarball no local data for @jridgewell/resolve-uri@https://registry.npmjs.org/@jridgewell/resolve-uri/-/resolve-uri-3.1.2.tgz. Extracting by manifest.
1313 silly tarball no local data for @jridgewell/remapping@https://registry.npmjs.org/@jridgewell/remapping/-/remapping-2.3.5.tgz. Extracting by manifest.
1314 silly tarball no local data for @jridgewell/gen-mapping@https://registry.npmjs.org/@jridgewell/gen-mapping/-/gen-mapping-0.3.13.tgz. Extracting by manifest.
1315 silly tarball no local data for @hono/node-server@https://registry.npmjs.org/@hono/node-server/-/node-server-1.19.14.tgz. Extracting by manifest.
1316 silly tarball no local data for @gilbarbara/types@https://registry.npmjs.org/@gilbarbara/types/-/types-0.2.2.tgz. Extracting by manifest.
1317 silly tarball no local data for @gilbarbara/hooks@https://registry.npmjs.org/@gilbarbara/hooks/-/hooks-0.11.0.tgz. Extracting by manifest.
1318 silly tarball no local data for @gilbarbara/deep-equal@https://registry.npmjs.org/@gilbarbara/deep-equal/-/deep-equal-0.4.1.tgz. Extracting by manifest.
1319 silly tarball no local data for @fontsource-variable/geist-mono@https://registry.npmjs.org/@fontsource-variable/geist-mono/-/geist-mono-5.3.0.tgz. Extracting by manifest.
1320 silly tarball no local data for @fontsource-variable/geist@https://registry.npmjs.org/@fontsource-variable/geist/-/geist-5.2.9.tgz. Extracting by manifest.
1321 silly tarball no local data for @floating-ui/utils@https://registry.npmjs.org/@floating-ui/utils/-/utils-0.2.12.tgz. Extracting by manifest.
1322 silly tarball no local data for @floating-ui/react-dom@https://registry.npmjs.org/@floating-ui/react-dom/-/react-dom-2.1.9.tgz. Extracting by manifest.
1323 silly tarball no local data for @floating-ui/dom@https://registry.npmjs.org/@floating-ui/dom/-/dom-1.8.0.tgz. Extracting by manifest.
1324 silly tarball no local data for @floating-ui/core@https://registry.npmjs.org/@floating-ui/core/-/core-1.8.0.tgz. Extracting by manifest.
1325 silly tarball no local data for @fastify/deepmerge@https://registry.npmjs.org/@fastify/deepmerge/-/deepmerge-3.2.1.tgz. Extracting by manifest.
1326 silly tarball no local data for @esbuild/linux-x64@https://registry.npmjs.org/@esbuild/linux-x64/-/linux-x64-0.21.5.tgz. Extracting by manifest.
1327 silly tarball no local data for @dotenvx/primitives@https://registry.npmjs.org/@dotenvx/primitives/-/primitives-0.8.0.tgz. Extracting by manifest.
1328 silly tarball no local data for @dotenvx/dotenvx@https://registry.npmjs.org/@dotenvx/dotenvx/-/dotenvx-1.75.1.tgz. Extracting by manifest.
1329 silly tarball no local data for @csstools/css-tokenizer@https://registry.npmjs.org/@csstools/css-tokenizer/-/css-tokenizer-4.0.0.tgz. Extracting by manifest.
1330 silly tarball no local data for @csstools/css-syntax-patches-for-csstree@https://registry.npmjs.org/@csstools/css-syntax-patches-for-csstree/-/css-syntax-patches-for-csstree-1.1.7.tgz. Extracting by manifest.
1331 silly tarball no local data for @csstools/css-parser-algorithms@https://registry.npmjs.org/@csstools/css-parser-algorithms/-/css-parser-algorithms-4.0.0.tgz. Extracting by manifest.
1332 silly tarball no local data for @csstools/css-color-parser@https://registry.npmjs.org/@csstools/css-color-parser/-/css-color-parser-4.1.10.tgz. Extracting by manifest.
1333 silly tarball no local data for @csstools/css-calc@https://registry.npmjs.org/@csstools/css-calc/-/css-calc-3.3.0.tgz. Extracting by manifest.
1334 silly tarball no local data for @csstools/color-helpers@https://registry.npmjs.org/@csstools/color-helpers/-/color-helpers-6.1.0.tgz. Extracting by manifest.
1335 silly tarball no local data for @base-ui/utils@https://registry.npmjs.org/@base-ui/utils/-/utils-0.3.1.tgz. Extracting by manifest.
1336 silly tarball no local data for @base-ui/react@https://registry.npmjs.org/@base-ui/react/-/react-1.6.0.tgz. Extracting by manifest.
1337 silly tarball no local data for @babel/types@https://registry.npmjs.org/@babel/types/-/types-7.29.7.tgz. Extracting by manifest.
1338 silly tarball no local data for @babel/traverse@https://registry.npmjs.org/@babel/traverse/-/traverse-7.29.7.tgz. Extracting by manifest.
1339 silly tarball no local data for @babel/template@https://registry.npmjs.org/@babel/template/-/template-7.29.7.tgz. Extracting by manifest.
1340 silly tarball no local data for @babel/runtime@https://registry.npmjs.org/@babel/runtime/-/runtime-7.29.7.tgz. Extracting by manifest.
1341 silly tarball no local data for @babel/preset-typescript@https://registry.npmjs.org/@babel/preset-typescript/-/preset-typescript-7.29.7.tgz. Extracting by manifest.
1342 silly tarball no local data for @babel/plugin-transform-typescript@https://registry.npmjs.org/@babel/plugin-transform-typescript/-/plugin-transform-typescript-7.29.7.tgz. Extracting by manifest.
1343 silly tarball no local data for @babel/plugin-transform-react-jsx-source@https://registry.npmjs.org/@babel/plugin-transform-react-jsx-source/-/plugin-transform-react-jsx-source-7.29.7.tgz. Extracting by manifest.
1344 silly tarball no local data for @babel/plugin-transform-react-jsx-self@https://registry.npmjs.org/@babel/plugin-transform-react-jsx-self/-/plugin-transform-react-jsx-self-7.29.7.tgz. Extracting by manifest.
1345 silly tarball no local data for @babel/plugin-transform-modules-commonjs@https://registry.npmjs.org/@babel/plugin-transform-modules-commonjs/-/plugin-transform-modules-commonjs-7.29.7.tgz. Extracting by manifest.
1346 silly tarball no local data for @babel/plugin-syntax-typescript@https://registry.npmjs.org/@babel/plugin-syntax-typescript/-/plugin-syntax-typescript-7.29.7.tgz. Extracting by manifest.
1347 silly tarball no local data for @babel/plugin-syntax-jsx@https://registry.npmjs.org/@babel/plugin-syntax-jsx/-/plugin-syntax-jsx-7.29.7.tgz. Extracting by manifest.
1348 silly tarball no local data for @babel/parser@https://registry.npmjs.org/@babel/parser/-/parser-7.29.7.tgz. Extracting by manifest.
1349 silly tarball no local data for @babel/helpers@https://registry.npmjs.org/@babel/helpers/-/helpers-7.29.7.tgz. Extracting by manifest.
1350 silly tarball no local data for @babel/helper-validator-option@https://registry.npmjs.org/@babel/helper-validator-option/-/helper-validator-option-7.29.7.tgz. Extracting by manifest.
1351 silly tarball no local data for @babel/helper-validator-identifier@https://registry.npmjs.org/@babel/helper-validator-identifier/-/helper-validator-identifier-7.29.7.tgz. Extracting by manifest.
1352 silly tarball no local data for @babel/helper-string-parser@https://registry.npmjs.org/@babel/helper-string-parser/-/helper-string-parser-7.29.7.tgz. Extracting by manifest.
1353 silly tarball no local data for @babel/helper-skip-transparent-expression-wrappers@https://registry.npmjs.org/@babel/helper-skip-transparent-expression-wrappers/-/helper-skip-transparent-expression-wrappers-7.29.7.tgz. Extracting by manifest.
1354 silly tarball no local data for @babel/helper-replace-supers@https://registry.npmjs.org/@babel/helper-replace-supers/-/helper-replace-supers-7.29.7.tgz. Extracting by manifest.
1355 silly tarball no local data for @babel/helper-plugin-utils@https://registry.npmjs.org/@babel/helper-plugin-utils/-/helper-plugin-utils-7.29.7.tgz. Extracting by manifest.
1356 silly tarball no local data for @babel/helper-optimise-call-expression@https://registry.npmjs.org/@babel/helper-optimise-call-expression/-/helper-optimise-call-expression-7.29.7.tgz. Extracting by manifest.
1357 silly tarball no local data for @babel/helper-module-transforms@https://registry.npmjs.org/@babel/helper-module-transforms/-/helper-module-transforms-7.29.7.tgz. Extracting by manifest.
1358 silly tarball no local data for @babel/helper-module-imports@https://registry.npmjs.org/@babel/helper-module-imports/-/helper-module-imports-7.29.7.tgz. Extracting by manifest.
1359 silly tarball no local data for @babel/helper-member-expression-to-functions@https://registry.npmjs.org/@babel/helper-member-expression-to-functions/-/helper-member-expression-to-functions-7.29.7.tgz. Extracting by manifest.
1360 silly tarball no local data for @babel/helper-globals@https://registry.npmjs.org/@babel/helper-globals/-/helper-globals-7.29.7.tgz. Extracting by manifest.
1361 silly tarball no local data for @babel/helper-create-class-features-plugin@https://registry.npmjs.org/@babel/helper-create-class-features-plugin/-/helper-create-class-features-plugin-7.29.7.tgz. Extracting by manifest.
1362 silly tarball no local data for @babel/helper-compilation-targets@https://registry.npmjs.org/@babel/helper-compilation-targets/-/helper-compilation-targets-7.29.7.tgz. Extracting by manifest.
1363 silly tarball no local data for @babel/helper-annotate-as-pure@https://registry.npmjs.org/@babel/helper-annotate-as-pure/-/helper-annotate-as-pure-7.29.7.tgz. Extracting by manifest.
1364 silly tarball no local data for @babel/generator@https://registry.npmjs.org/@babel/generator/-/generator-7.29.7.tgz. Extracting by manifest.
1365 silly tarball no local data for @babel/core@https://registry.npmjs.org/@babel/core/-/core-7.29.7.tgz. Extracting by manifest.
1366 silly tarball no local data for @babel/compat-data@https://registry.npmjs.org/@babel/compat-data/-/compat-data-7.29.7.tgz. Extracting by manifest.
1367 silly tarball no local data for @babel/code-frame@https://registry.npmjs.org/@babel/code-frame/-/code-frame-7.29.7.tgz. Extracting by manifest.
1368 silly tarball no local data for @assistant-ui/tap@https://registry.npmjs.org/@assistant-ui/tap/-/tap-0.9.14.tgz. Extracting by manifest.
1369 silly tarball no local data for @assistant-ui/store@https://registry.npmjs.org/@assistant-ui/store/-/store-0.3.10.tgz. Extracting by manifest.
1370 silly tarball no local data for @assistant-ui/react@https://registry.npmjs.org/@assistant-ui/react/-/react-0.15.16.tgz. Extracting by manifest.
1371 silly tarball no local data for @asamuzakjp/nwsapi@https://registry.npmjs.org/@asamuzakjp/nwsapi/-/nwsapi-2.3.9.tgz. Extracting by manifest.
1372 silly tarball no local data for @asamuzakjp/dom-selector@https://registry.npmjs.org/@asamuzakjp/dom-selector/-/dom-selector-6.8.1.tgz. Extracting by manifest.
1373 silly tarball no local data for @asamuzakjp/css-color@https://registry.npmjs.org/@asamuzakjp/css-color/-/css-color-4.1.2.tgz. Extracting by manifest.
1374 silly tarball no local data for content-type@https://registry.npmjs.org/content-type/-/content-type-2.0.0.tgz. Extracting by manifest.
1375 silly tarball no local data for js-tokens@https://registry.npmjs.org/js-tokens/-/js-tokens-9.0.1.tgz. Extracting by manifest.
1376 silly tarball no local data for iconv-lite@https://registry.npmjs.org/iconv-lite/-/iconv-lite-0.6.3.tgz. Extracting by manifest.
1377 silly tarball no local data for is-obj@https://registry.npmjs.org/is-obj/-/is-obj-3.0.0.tgz. Extracting by manifest.
1378 silly tarball no local data for strip-ansi@https://registry.npmjs.org/strip-ansi/-/strip-ansi-7.2.0.tgz. Extracting by manifest.
1379 silly tarball no local data for ansi-regex@https://registry.npmjs.org/ansi-regex/-/ansi-regex-6.2.2.tgz. Extracting by manifest.
1380 silly tarball no local data for onetime@https://registry.npmjs.org/onetime/-/onetime-7.0.0.tgz. Extracting by manifest.
1381 silly tarball no local data for reselect@https://registry.npmjs.org/reselect/-/reselect-5.1.1.tgz. Extracting by manifest.
1382 silly tarball no local data for kleur@https://registry.npmjs.org/kleur/-/kleur-3.0.3.tgz. Extracting by manifest.
1383 silly tarball no local data for @types/unist@https://registry.npmjs.org/@types/unist/-/unist-2.0.11.tgz. Extracting by manifest.
1384 silly tarball no local data for strip-ansi@https://registry.npmjs.org/strip-ansi/-/strip-ansi-7.2.0.tgz. Extracting by manifest.
1385 silly tarball no local data for ansi-regex@https://registry.npmjs.org/ansi-regex/-/ansi-regex-6.2.2.tgz. Extracting by manifest.
1386 silly tarball no local data for mimic-fn@https://registry.npmjs.org/mimic-fn/-/mimic-fn-2.1.0.tgz. Extracting by manifest.
1387 silly tarball no local data for path-key@https://registry.npmjs.org/path-key/-/path-key-4.0.0.tgz. Extracting by manifest.
1388 silly tarball no local data for picomatch@https://registry.npmjs.org/picomatch/-/picomatch-2.3.2.tgz. Extracting by manifest.
1389 silly tarball no local data for is-unicode-supported@https://registry.npmjs.org/is-unicode-supported/-/is-unicode-supported-1.3.0.tgz. Extracting by manifest.
1390 silly tarball no local data for whatwg-mimetype@https://registry.npmjs.org/whatwg-mimetype/-/whatwg-mimetype-5.0.0.tgz. Extracting by manifest.
1391 silly tarball no local data for lru-cache@https://registry.npmjs.org/lru-cache/-/lru-cache-11.5.2.tgz. Extracting by manifest.
1392 silly tarball no local data for which@https://registry.npmjs.org/which/-/which-2.0.2.tgz. Extracting by manifest.
1393 silly tarball no local data for isexe@https://registry.npmjs.org/isexe/-/isexe-2.0.0.tgz. Extracting by manifest.
1394 silly tarball no local data for semver@https://registry.npmjs.org/semver/-/semver-7.8.5.tgz. Extracting by manifest.
1395 silly tarball no local data for json-schema-typed@https://registry.npmjs.org/json-schema-typed/-/json-schema-typed-7.0.3.tgz. Extracting by manifest.
1396 silly tarball no local data for ajv-formats@https://registry.npmjs.org/ajv-formats/-/ajv-formats-2.1.1.tgz. Extracting by manifest.
1397 silly tarball no local data for nanoid@https://registry.npmjs.org/nanoid/-/nanoid-6.0.1.tgz. Extracting by manifest.
1398 silly tarball no local data for content-type@https://registry.npmjs.org/content-type/-/content-type-2.0.0.tgz. Extracting by manifest.
1399 silly tarball no local data for postcss-selector-parser@https://registry.npmjs.org/postcss-selector-parser/-/postcss-selector-parser-6.0.10.tgz. Extracting by manifest.
1400 silly tarball no local data for immer@https://registry.npmjs.org/immer/-/immer-11.1.11.tgz. Extracting by manifest.
1401 silly tarball no local data for strip-final-newline@https://registry.npmjs.org/strip-final-newline/-/strip-final-newline-2.0.0.tgz. Extracting by manifest.
1402 silly tarball no local data for signal-exit@https://registry.npmjs.org/signal-exit/-/signal-exit-3.0.7.tgz. Extracting by manifest.
1403 silly tarball no local data for open@https://registry.npmjs.org/open/-/open-8.4.2.tgz. Extracting by manifest.
1404 silly tarball no local data for npm-run-path@https://registry.npmjs.org/npm-run-path/-/npm-run-path-4.0.1.tgz. Extracting by manifest.
1405 silly tarball no local data for is-wsl@https://registry.npmjs.org/is-wsl/-/is-wsl-2.2.0.tgz. Extracting by manifest.
1406 silly tarball no local data for is-stream@https://registry.npmjs.org/is-stream/-/is-stream-2.0.1.tgz. Extracting by manifest.
1407 silly tarball no local data for is-docker@https://registry.npmjs.org/is-docker/-/is-docker-2.2.1.tgz. Extracting by manifest.
1408 silly tarball no local data for human-signals@https://registry.npmjs.org/human-signals/-/human-signals-2.1.0.tgz. Extracting by manifest.
1409 silly tarball no local data for get-stream@https://registry.npmjs.org/get-stream/-/get-stream-6.0.1.tgz. Extracting by manifest.
1410 silly tarball no local data for execa@https://registry.npmjs.org/execa/-/execa-5.1.1.tgz. Extracting by manifest.
1411 silly tarball no local data for define-lazy-prop@https://registry.npmjs.org/define-lazy-prop/-/define-lazy-prop-2.0.0.tgz. Extracting by manifest.
1412 silly tarball no local data for commander@https://registry.npmjs.org/commander/-/commander-11.1.0.tgz. Extracting by manifest.
1413 silly tarball no local data for zustand@https://registry.npmjs.org/zustand/-/zustand-5.0.15.tgz. Extracting by manifest.
1414 silly tarball no local data for zod@https://registry.npmjs.org/zod/-/zod-4.4.3.tgz. Extracting by manifest.
1415 silly tarball no local data for nanoid@https://registry.npmjs.org/nanoid/-/nanoid-6.0.1.tgz. Extracting by manifest.
1416 silly tarball no local data for lru-cache@https://registry.npmjs.org/lru-cache/-/lru-cache-11.5.2.tgz. Extracting by manifest.
1417 silly tarball no local data for lru-cache@https://registry.npmjs.org/lru-cache/-/lru-cache-11.5.2.tgz. Extracting by manifest.
1418 silly tarball no local data for @assistant-ui/core@https://registry.npmjs.org/@assistant-ui/core/-/core-0.3.15.tgz. Extracting by manifest.
1419 http fetch GET https://registry.npmjs.org/zwitch/-/zwitch-2.0.4.tgz attempt 1 failed with EAI_AGAIN
1420 http fetch GET https://registry.npmjs.org/zustand/-/zustand-4.5.7.tgz attempt 1 failed with EAI_AGAIN
1421 http fetch GET https://registry.npmjs.org/zod-to-json-schema/-/zod-to-json-schema-3.25.2.tgz attempt 1 failed with EAI_AGAIN
1422 http fetch GET https://registry.npmjs.org/zod/-/zod-3.25.76.tgz attempt 1 failed with EAI_AGAIN
1423 http fetch GET https://registry.npmjs.org/yoctocolors/-/yoctocolors-2.1.2.tgz attempt 1 failed with EAI_AGAIN
1424 http fetch GET https://registry.npmjs.org/yocto-spinner/-/yocto-spinner-1.2.1.tgz attempt 1 failed with EAI_AGAIN
1425 http fetch GET https://registry.npmjs.org/yallist/-/yallist-3.1.1.tgz attempt 1 failed with EAI_AGAIN
1426 http fetch GET https://registry.npmjs.org/xmlchars/-/xmlchars-2.2.0.tgz attempt 1 failed with EAI_AGAIN
1427 http fetch GET https://registry.npmjs.org/xml-name-validator/-/xml-name-validator-5.0.0.tgz attempt 1 failed with EAI_AGAIN
1428 http fetch GET https://registry.npmjs.org/wsl-utils/-/wsl-utils-0.3.1.tgz attempt 1 failed with EAI_AGAIN
1429 http fetch GET https://registry.npmjs.org/ws/-/ws-8.21.2.tgz attempt 1 failed with EAI_AGAIN
1430 http fetch GET https://registry.npmjs.org/wrappy/-/wrappy-1.0.2.tgz attempt 1 failed with EAI_AGAIN
1431 http fetch GET https://registry.npmjs.org/why-is-node-running/-/why-is-node-running-2.3.0.tgz attempt 1 failed with EAI_AGAIN
1432 http fetch GET https://registry.npmjs.org/which/-/which-4.0.0.tgz attempt 1 failed with EAI_AGAIN
1433 http fetch GET https://registry.npmjs.org/whatwg-url/-/whatwg-url-15.1.0.tgz attempt 1 failed with EAI_AGAIN
1434 http fetch GET https://registry.npmjs.org/whatwg-mimetype/-/whatwg-mimetype-4.0.0.tgz attempt 1 failed with EAI_AGAIN
1435 http fetch GET https://registry.npmjs.org/whatwg-encoding/-/whatwg-encoding-3.1.1.tgz attempt 1 failed with EAI_AGAIN
1436 http fetch GET https://registry.npmjs.org/webidl-conversions/-/webidl-conversions-8.0.1.tgz attempt 1 failed with EAI_AGAIN
1437 http fetch GET https://registry.npmjs.org/w3c-xmlserializer/-/w3c-xmlserializer-5.0.0.tgz attempt 1 failed with EAI_AGAIN
1438 http fetch GET https://registry.npmjs.org/vitest/-/vitest-3.2.7.tgz attempt 1 failed with EAI_AGAIN
1439 http fetch GET https://registry.npmjs.org/vite-node/-/vite-node-3.2.4.tgz attempt 1 failed with EAI_AGAIN
1440 http fetch GET https://registry.npmjs.org/vite/-/vite-5.4.21.tgz attempt 1 failed with EAI_AGAIN
1441 http fetch GET https://registry.npmjs.org/victory-vendor/-/victory-vendor-37.3.6.tgz attempt 1 failed with EAI_AGAIN
1442 http fetch GET https://registry.npmjs.org/vfile-message/-/vfile-message-4.0.3.tgz attempt 1 failed with EAI_AGAIN
1443 http fetch GET https://registry.npmjs.org/vfile/-/vfile-6.0.3.tgz attempt 1 failed with EAI_AGAIN
1444 http fetch GET https://registry.npmjs.org/vary/-/vary-1.1.2.tgz attempt 1 failed with EAI_AGAIN
1445 http fetch GET https://registry.npmjs.org/validate-npm-package-name/-/validate-npm-package-name-7.0.2.tgz attempt 1 failed with EAI_AGAIN
1446 http fetch GET https://registry.npmjs.org/util-deprecate/-/util-deprecate-1.0.2.tgz attempt 1 failed with EAI_AGAIN
1447 http fetch GET https://registry.npmjs.org/use-sync-external-store/-/use-sync-external-store-1.6.0.tgz attempt 1 failed with EAI_AGAIN
1448 http fetch GET https://registry.npmjs.org/use-sidecar/-/use-sidecar-1.1.3.tgz attempt 1 failed with EAI_AGAIN
1449 http fetch GET https://registry.npmjs.org/use-latest/-/use-latest-1.3.0.tgz attempt 1 failed with EAI_AGAIN
1450 http fetch GET https://registry.npmjs.org/use-isomorphic-layout-effect/-/use-isomorphic-layout-effect-1.2.1.tgz attempt 1 failed with EAI_AGAIN
1451 http fetch GET https://registry.npmjs.org/use-composed-ref/-/use-composed-ref-1.4.0.tgz attempt 1 failed with EAI_AGAIN
1452 http fetch GET https://registry.npmjs.org/use-callback-ref/-/use-callback-ref-1.3.3.tgz attempt 1 failed with EAI_AGAIN
1453 http fetch GET https://registry.npmjs.org/update-browserslist-db/-/update-browserslist-db-1.2.3.tgz attempt 1 failed with EAI_AGAIN
1454 http fetch GET https://registry.npmjs.org/unpipe/-/unpipe-1.0.0.tgz attempt 1 failed with EAI_AGAIN
1455 http fetch GET https://registry.npmjs.org/universalify/-/universalify-2.0.1.tgz attempt 1 failed with EAI_AGAIN
1456 http fetch GET https://registry.npmjs.org/unist-util-visit-parents/-/unist-util-visit-parents-6.0.2.tgz attempt 1 failed with EAI_AGAIN
1457 http fetch GET https://registry.npmjs.org/unist-util-visit/-/unist-util-visit-5.1.0.tgz attempt 1 failed with EAI_AGAIN
1458 http fetch GET https://registry.npmjs.org/unist-util-stringify-position/-/unist-util-stringify-position-4.0.0.tgz attempt 1 failed with EAI_AGAIN
1459 http fetch GET https://registry.npmjs.org/unist-util-position/-/unist-util-position-5.0.0.tgz attempt 1 failed with EAI_AGAIN
1460 http fetch GET https://registry.npmjs.org/unist-util-is/-/unist-util-is-6.0.1.tgz attempt 1 failed with EAI_AGAIN
1461 http fetch GET https://registry.npmjs.org/unified/-/unified-11.0.5.tgz attempt 1 failed with EAI_AGAIN
1462 http fetch GET https://registry.npmjs.org/unicorn-magic/-/unicorn-magic-0.3.0.tgz attempt 1 failed with EAI_AGAIN
1463 http fetch GET https://registry.npmjs.org/undici-types/-/undici-types-6.21.0.tgz attempt 1 failed with EAI_AGAIN
1464 http fetch GET https://registry.npmjs.org/undici/-/undici-7.28.0.tgz attempt 1 failed with EAI_AGAIN
1465 http fetch GET https://registry.npmjs.org/typescript/-/typescript-5.9.3.tgz attempt 1 failed with EAI_AGAIN
1466 http fetch GET https://registry.npmjs.org/type-is/-/type-is-2.1.0.tgz attempt 1 failed with EAI_AGAIN
1467 http fetch GET https://registry.npmjs.org/type-fest/-/type-fest-4.41.0.tgz attempt 1 failed with EAI_AGAIN
1468 http fetch GET https://registry.npmjs.org/tw-animate-css/-/tw-animate-css-1.4.0.tgz attempt 1 failed with EAI_AGAIN
1469 http fetch GET https://registry.npmjs.org/tslib/-/tslib-2.8.1.tgz attempt 1 failed with EAI_AGAIN
1470 http fetch GET https://registry.npmjs.org/tsconfig-paths/-/tsconfig-paths-4.2.0.tgz attempt 1 failed with EAI_AGAIN
1471 http fetch GET https://registry.npmjs.org/ts-morph/-/ts-morph-26.0.0.tgz attempt 1 failed with EAI_AGAIN
1472 http fetch GET https://registry.npmjs.org/trough/-/trough-2.2.0.tgz attempt 1 failed with EAI_AGAIN
1473 http fetch GET https://registry.npmjs.org/trim-lines/-/trim-lines-3.0.1.tgz attempt 1 failed with EAI_AGAIN
1474 http fetch GET https://registry.npmjs.org/tr46/-/tr46-6.0.0.tgz attempt 1 failed with EAI_AGAIN
1475 http fetch GET https://registry.npmjs.org/tough-cookie/-/tough-cookie-6.0.2.tgz attempt 1 failed with EAI_AGAIN
1476 http fetch GET https://registry.npmjs.org/toidentifier/-/toidentifier-1.0.1.tgz attempt 1 failed with EAI_AGAIN
1477 http fetch GET https://registry.npmjs.org/to-regex-range/-/to-regex-range-5.0.1.tgz attempt 1 failed with EAI_AGAIN
1478 http fetch GET https://registry.npmjs.org/tldts/-/tldts-7.4.10.tgz attempt 1 failed with EAI_AGAIN
1479 http fetch GET https://registry.npmjs.org/tldts-core/-/tldts-core-7.4.10.tgz attempt 1 failed with EAI_AGAIN
1480 http fetch GET https://registry.npmjs.org/tinyspy/-/tinyspy-4.0.4.tgz attempt 1 failed with EAI_AGAIN
1481 http fetch GET https://registry.npmjs.org/tinyrainbow/-/tinyrainbow-2.0.0.tgz attempt 1 failed with EAI_AGAIN
1482 http fetch GET https://registry.npmjs.org/tinypool/-/tinypool-1.1.1.tgz attempt 1 failed with EAI_AGAIN
1483 http fetch GET https://registry.npmjs.org/tinyexec/-/tinyexec-0.3.2.tgz attempt 1 failed with EAI_AGAIN
1484 http fetch GET https://registry.npmjs.org/tinybench/-/tinybench-2.9.0.tgz attempt 1 failed with EAI_AGAIN
1485 http fetch GET https://registry.npmjs.org/tinyglobby/-/tinyglobby-0.2.17.tgz attempt 1 failed with EAI_AGAIN
1486 http fetch GET https://registry.npmjs.org/tiny-invariant/-/tiny-invariant-1.3.3.tgz attempt 1 failed with EAI_AGAIN
1487 http fetch GET https://registry.npmjs.org/tapable/-/tapable-2.3.3.tgz attempt 1 failed with EAI_AGAIN
1488 http fetch GET https://registry.npmjs.org/tailwindcss/-/tailwindcss-4.3.2.tgz attempt 1 failed with EAI_AGAIN
1489 http fetch GET https://registry.npmjs.org/tailwind-merge/-/tailwind-merge-3.6.0.tgz attempt 1 failed with EAI_AGAIN
1490 http fetch GET https://registry.npmjs.org/systeminformation/-/systeminformation-5.31.17.tgz attempt 1 failed with EAI_AGAIN
1491 http fetch GET https://registry.npmjs.org/symbol-tree/-/symbol-tree-3.2.4.tgz attempt 1 failed with EAI_AGAIN
1492 http fetch GET https://registry.npmjs.org/style-to-object/-/style-to-object-1.0.14.tgz attempt 1 failed with EAI_AGAIN
1493 http fetch GET https://registry.npmjs.org/style-to-js/-/style-to-js-1.1.21.tgz attempt 1 failed with EAI_AGAIN
1494 http fetch GET https://registry.npmjs.org/strip-final-newline/-/strip-final-newline-4.0.0.tgz attempt 1 failed with EAI_AGAIN
1495 http fetch GET https://registry.npmjs.org/strip-literal/-/strip-literal-3.1.0.tgz attempt 1 failed with EAI_AGAIN
1496 http fetch GET https://registry.npmjs.org/strip-bom/-/strip-bom-3.0.0.tgz attempt 1 failed with EAI_AGAIN
1497 http fetch GET https://registry.npmjs.org/strip-ansi/-/strip-ansi-6.0.1.tgz attempt 1 failed with EAI_AGAIN
1498 http fetch GET https://registry.npmjs.org/stringify-object/-/stringify-object-5.0.0.tgz attempt 1 failed with EAI_AGAIN
1499 http fetch GET https://registry.npmjs.org/stringify-entities/-/stringify-entities-4.0.4.tgz attempt 1 failed with EAI_AGAIN
1500 http fetch GET https://registry.npmjs.org/string-width/-/string-width-7.2.0.tgz attempt 1 failed with EAI_AGAIN
1501 http fetch GET https://registry.npmjs.org/stdin-discarder/-/stdin-discarder-0.2.2.tgz attempt 1 failed with EAI_AGAIN
1502 http fetch GET https://registry.npmjs.org/std-env/-/std-env-3.10.0.tgz attempt 1 failed with EAI_AGAIN
1503 http fetch GET https://registry.npmjs.org/statuses/-/statuses-2.0.2.tgz attempt 1 failed with EAI_AGAIN
1504 http fetch GET https://registry.npmjs.org/space-separated-tokens/-/space-separated-tokens-2.0.2.tgz attempt 1 failed with EAI_AGAIN
1505 http fetch GET https://registry.npmjs.org/stackback/-/stackback-0.0.2.tgz attempt 1 failed with EAI_AGAIN
1506 http fetch GET https://registry.npmjs.org/source-map-js/-/source-map-js-1.2.1.tgz attempt 1 failed with EAI_AGAIN
1507 http fetch GET https://registry.npmjs.org/sonner/-/sonner-2.0.7.tgz attempt 1 failed with EAI_AGAIN
1508 http fetch GET https://registry.npmjs.org/source-map/-/source-map-0.6.1.tgz attempt 1 failed with EAI_AGAIN
1509 http fetch GET https://registry.npmjs.org/sisteransi/-/sisteransi-1.0.5.tgz attempt 1 failed with EAI_AGAIN
1510 http fetch GET https://registry.npmjs.org/signal-exit/-/signal-exit-4.1.0.tgz attempt 1 failed with EAI_AGAIN
1511 http fetch GET https://registry.npmjs.org/side-channel-weakmap/-/side-channel-weakmap-1.0.2.tgz attempt 1 failed with EAI_AGAIN
1512 http fetch GET https://registry.npmjs.org/siginfo/-/siginfo-2.0.0.tgz attempt 1 failed with EAI_AGAIN
1513 http fetch GET https://registry.npmjs.org/side-channel-map/-/side-channel-map-1.0.1.tgz attempt 1 failed with EAI_AGAIN
1514 http fetch GET https://registry.npmjs.org/side-channel-list/-/side-channel-list-1.0.1.tgz attempt 1 failed with EAI_AGAIN
1515 http fetch GET https://registry.npmjs.org/side-channel/-/side-channel-1.1.1.tgz attempt 1 failed with EAI_AGAIN
1516 http fetch GET https://registry.npmjs.org/shebang-regex/-/shebang-regex-3.0.0.tgz attempt 1 failed with EAI_AGAIN
1517 http fetch GET https://registry.npmjs.org/shebang-command/-/shebang-command-2.0.0.tgz attempt 1 failed with EAI_AGAIN
1518 http fetch GET https://registry.npmjs.org/shadcn/-/shadcn-4.13.0.tgz attempt 1 failed with EAI_AGAIN
1519 http fetch GET https://registry.npmjs.org/setprototypeof/-/setprototypeof-1.2.0.tgz attempt 1 failed with EAI_AGAIN
1520 http fetch GET https://registry.npmjs.org/serve-static/-/serve-static-2.2.1.tgz attempt 1 failed with EAI_AGAIN
1521 http fetch GET https://registry.npmjs.org/send/-/send-1.2.1.tgz attempt 1 failed with EAI_AGAIN
1522 http fetch GET https://registry.npmjs.org/semver/-/semver-6.3.1.tgz attempt 1 failed with EAI_AGAIN
1523 http fetch GET https://registry.npmjs.org/secure-json-parse/-/secure-json-parse-4.1.0.tgz attempt 1 failed with EAI_AGAIN
1524 http fetch GET https://registry.npmjs.org/scrollparent/-/scrollparent-2.1.0.tgz attempt 1 failed with EAI_AGAIN
1525 http fetch GET https://registry.npmjs.org/scroll/-/scroll-3.0.1.tgz attempt 1 failed with EAI_AGAIN
1526 http fetch GET https://registry.npmjs.org/scheduler/-/scheduler-0.23.2.tgz attempt 1 failed with EAI_AGAIN
1527 http fetch GET https://registry.npmjs.org/saxes/-/saxes-6.0.0.tgz attempt 1 failed with EAI_AGAIN
1528 http fetch GET https://registry.npmjs.org/safer-buffer/-/safer-buffer-2.1.2.tgz attempt 1 failed with EAI_AGAIN
1529 http fetch GET https://registry.npmjs.org/safe-content-frame/-/safe-content-frame-0.0.27.tgz attempt 1 failed with EAI_AGAIN
1530 http fetch GET https://registry.npmjs.org/run-parallel/-/run-parallel-1.2.0.tgz attempt 1 failed with EAI_AGAIN
1531 http fetch GET https://registry.npmjs.org/run-applescript/-/run-applescript-7.1.0.tgz attempt 1 failed with EAI_AGAIN
1532 http fetch GET https://registry.npmjs.org/rrweb-cssom/-/rrweb-cssom-0.8.0.tgz attempt 1 failed with EAI_AGAIN
1533 http fetch GET https://registry.npmjs.org/router/-/router-2.2.0.tgz attempt 1 failed with EAI_AGAIN
1534 http fetch GET https://registry.npmjs.org/rollup/-/rollup-4.62.2.tgz attempt 1 failed with EAI_AGAIN
1535 http fetch GET https://registry.npmjs.org/reusify/-/reusify-1.1.0.tgz attempt 1 failed with EAI_AGAIN
1536 http fetch GET https://registry.npmjs.org/restore-cursor/-/restore-cursor-5.1.0.tgz attempt 1 failed with EAI_AGAIN
1537 http fetch GET https://registry.npmjs.org/resolve-from/-/resolve-from-4.0.0.tgz attempt 1 failed with EAI_AGAIN
1538 http fetch GET https://registry.npmjs.org/reselect/-/reselect-5.2.0.tgz attempt 1 failed with EAI_AGAIN
1539 http fetch GET https://registry.npmjs.org/require-from-string/-/require-from-string-2.0.2.tgz attempt 1 failed with EAI_AGAIN
1540 http fetch GET https://registry.npmjs.org/remark-stringify/-/remark-stringify-11.0.0.tgz attempt 1 failed with EAI_AGAIN
1541 http fetch GET https://registry.npmjs.org/remark-rehype/-/remark-rehype-11.1.2.tgz attempt 1 failed with EAI_AGAIN
1542 http fetch GET https://registry.npmjs.org/remark-parse/-/remark-parse-11.0.0.tgz attempt 1 failed with EAI_AGAIN
1543 http fetch GET https://registry.npmjs.org/remark-gfm/-/remark-gfm-4.0.1.tgz attempt 1 failed with EAI_AGAIN
1544 http fetch GET https://registry.npmjs.org/redux-thunk/-/redux-thunk-3.1.0.tgz attempt 1 failed with EAI_AGAIN
1545 http fetch GET https://registry.npmjs.org/redux/-/redux-5.0.1.tgz attempt 1 failed with EAI_AGAIN
1546 http fetch GET https://registry.npmjs.org/recharts/-/recharts-3.8.0.tgz attempt 1 failed with EAI_AGAIN
1547 http fetch GET https://registry.npmjs.org/recast/-/recast-0.23.12.tgz attempt 1 failed with EAI_AGAIN
1548 http fetch GET https://registry.npmjs.org/react-textarea-autosize/-/react-textarea-autosize-8.5.9.tgz attempt 1 failed with EAI_AGAIN
1549 http fetch GET https://registry.npmjs.org/react-style-singleton/-/react-style-singleton-2.2.3.tgz attempt 1 failed with EAI_AGAIN
1550 http fetch GET https://registry.npmjs.org/react-remove-scroll-bar/-/react-remove-scroll-bar-2.3.8.tgz attempt 1 failed with EAI_AGAIN
1551 http fetch GET https://registry.npmjs.org/react-remove-scroll/-/react-remove-scroll-2.7.2.tgz attempt 1 failed with EAI_AGAIN
1552 http fetch GET https://registry.npmjs.org/react-refresh/-/react-refresh-0.17.0.tgz attempt 1 failed with EAI_AGAIN
1553 http fetch GET https://registry.npmjs.org/react-redux/-/react-redux-9.3.0.tgz attempt 1 failed with EAI_AGAIN
1554 http fetch GET https://registry.npmjs.org/react-markdown/-/react-markdown-10.1.0.tgz attempt 1 failed with EAI_AGAIN
1555 http fetch GET https://registry.npmjs.org/react-joyride/-/react-joyride-3.2.0.tgz attempt 1 failed with EAI_AGAIN
1556 http fetch GET https://registry.npmjs.org/react-is/-/react-is-19.2.7.tgz attempt 1 failed with EAI_AGAIN
1557 http fetch GET https://registry.npmjs.org/react-innertext/-/react-innertext-1.1.5.tgz attempt 1 failed with EAI_AGAIN
1558 http fetch GET https://registry.npmjs.org/react-dom/-/react-dom-18.3.1.tgz attempt 1 failed with EAI_AGAIN
1559 http fetch GET https://registry.npmjs.org/react/-/react-18.3.1.tgz attempt 1 failed with EAI_AGAIN
1560 http fetch GET https://registry.npmjs.org/raw-body/-/raw-body-3.0.2.tgz attempt 1 failed with EAI_AGAIN
1561 http fetch GET https://registry.npmjs.org/range-parser/-/range-parser-1.3.0.tgz attempt 1 failed with EAI_AGAIN
1562 http fetch GET https://registry.npmjs.org/radix-ui/-/radix-ui-1.6.7.tgz attempt 1 failed with EAI_AGAIN
1563 http fetch GET https://registry.npmjs.org/queue-microtask/-/queue-microtask-1.2.3.tgz attempt 1 failed with EAI_AGAIN
1564 http fetch GET https://registry.npmjs.org/qs/-/qs-6.15.3.tgz attempt 1 failed with EAI_AGAIN
1565 http fetch GET https://registry.npmjs.org/punycode/-/punycode-2.3.1.tgz attempt 1 failed with EAI_AGAIN
1566 http fetch GET https://registry.npmjs.org/proxy-addr/-/proxy-addr-2.0.7.tgz attempt 1 failed with EAI_AGAIN
1567 http fetch GET https://registry.npmjs.org/property-information/-/property-information-7.2.0.tgz attempt 1 failed with EAI_AGAIN
1568 http fetch GET https://registry.npmjs.org/prompts/-/prompts-2.4.2.tgz attempt 1 failed with EAI_AGAIN
1569 http fetch GET https://registry.npmjs.org/pretty-ms/-/pretty-ms-9.3.0.tgz attempt 1 failed with EAI_AGAIN
1570 http fetch GET https://registry.npmjs.org/powershell-utils/-/powershell-utils-0.1.0.tgz attempt 1 failed with EAI_AGAIN
1571 http fetch GET https://registry.npmjs.org/postcss-selector-parser/-/postcss-selector-parser-7.1.4.tgz attempt 1 failed with EAI_AGAIN
1572 http fetch GET https://registry.npmjs.org/postcss/-/postcss-8.5.16.tgz attempt 1 failed with EAI_AGAIN
1573 http fetch GET https://registry.npmjs.org/playwright-core/-/playwright-core-1.61.1.tgz attempt 1 failed with EAI_AGAIN
1574 http fetch GET https://registry.npmjs.org/playwright/-/playwright-1.61.1.tgz attempt 1 failed with EAI_AGAIN
1575 http fetch GET https://registry.npmjs.org/pkg-up/-/pkg-up-3.1.0.tgz attempt 1 failed with EAI_AGAIN
1576 http fetch GET https://registry.npmjs.org/pkce-challenge/-/pkce-challenge-5.0.1.tgz attempt 1 failed with EAI_AGAIN
1577 http fetch GET https://registry.npmjs.org/picomatch/-/picomatch-4.0.5.tgz attempt 1 failed with EAI_AGAIN
1578 http fetch GET https://registry.npmjs.org/picocolors/-/picocolors-1.1.1.tgz attempt 1 failed with EAI_AGAIN
1579 http fetch GET https://registry.npmjs.org/pathval/-/pathval-2.0.1.tgz attempt 1 failed with EAI_AGAIN
1580 http fetch GET https://registry.npmjs.org/pathe/-/pathe-2.0.3.tgz attempt 1 failed with EAI_AGAIN
1581 http fetch GET https://registry.npmjs.org/path-to-regexp/-/path-to-regexp-8.4.2.tgz attempt 1 failed with EAI_AGAIN
1582 http fetch GET https://registry.npmjs.org/path-key/-/path-key-3.1.1.tgz attempt 1 failed with EAI_AGAIN
1583 http fetch GET https://registry.npmjs.org/path-exists/-/path-exists-3.0.0.tgz attempt 1 failed with EAI_AGAIN
1584 http fetch GET https://registry.npmjs.org/path-browserify/-/path-browserify-1.0.1.tgz attempt 1 failed with EAI_AGAIN
1585 http fetch GET https://registry.npmjs.org/parseurl/-/parseurl-1.3.3.tgz attempt 1 failed with EAI_AGAIN
1586 http fetch GET https://registry.npmjs.org/parse5/-/parse5-8.0.1.tgz attempt 1 failed with EAI_AGAIN
1587 http fetch GET https://registry.npmjs.org/parse-ms/-/parse-ms-4.0.0.tgz attempt 1 failed with EAI_AGAIN
1588 http fetch GET https://registry.npmjs.org/parse-json/-/parse-json-5.2.0.tgz attempt 1 failed with EAI_AGAIN
1589 http fetch GET https://registry.npmjs.org/parse-entities/-/parse-entities-4.0.2.tgz attempt 1 failed with EAI_AGAIN
1590 http fetch GET https://registry.npmjs.org/parent-module/-/parent-module-1.0.1.tgz attempt 1 failed with EAI_AGAIN
1591 http fetch GET https://registry.npmjs.org/p-try/-/p-try-2.2.0.tgz attempt 1 failed with EAI_AGAIN
1592 http fetch GET https://registry.npmjs.org/p-locate/-/p-locate-3.0.0.tgz attempt 1 failed with EAI_AGAIN
1593 http fetch GET https://registry.npmjs.org/p-limit/-/p-limit-2.3.0.tgz attempt 1 failed with EAI_AGAIN
1594 http fetch GET https://registry.npmjs.org/ora/-/ora-8.2.0.tgz attempt 1 failed with EAI_AGAIN
1595 http fetch GET https://registry.npmjs.org/open/-/open-11.0.0.tgz attempt 1 failed with EAI_AGAIN
1596 http fetch GET https://registry.npmjs.org/onetime/-/onetime-5.1.2.tgz attempt 1 failed with EAI_AGAIN
1597 http fetch GET https://registry.npmjs.org/once/-/once-1.4.0.tgz attempt 1 failed with EAI_AGAIN
1598 http fetch GET https://registry.npmjs.org/object-treeify/-/object-treeify-1.1.33.tgz attempt 1 failed with EAI_AGAIN
1599 http fetch GET https://registry.npmjs.org/on-finished/-/on-finished-2.4.1.tgz attempt 1 failed with EAI_AGAIN
1600 http fetch GET https://registry.npmjs.org/object-inspect/-/object-inspect-1.13.4.tgz attempt 1 failed with EAI_AGAIN
1601 http fetch GET https://registry.npmjs.org/object-assign/-/object-assign-4.1.1.tgz attempt 1 failed with EAI_AGAIN
1602 http fetch GET https://registry.npmjs.org/npm-run-path/-/npm-run-path-6.0.0.tgz attempt 1 failed with EAI_AGAIN
1603 http fetch GET https://registry.npmjs.org/node-releases/-/node-releases-2.0.51.tgz attempt 1 failed with EAI_AGAIN
1604 http fetch GET https://registry.npmjs.org/next-themes/-/next-themes-0.4.6.tgz attempt 1 failed with EAI_AGAIN
1605 http fetch GET https://registry.npmjs.org/negotiator/-/negotiator-1.0.0.tgz attempt 1 failed with EAI_AGAIN
1606 http fetch GET https://registry.npmjs.org/nanoid/-/nanoid-3.3.15.tgz attempt 1 failed with EAI_AGAIN
1607 http fetch GET https://registry.npmjs.org/ms/-/ms-2.1.3.tgz attempt 1 failed with EAI_AGAIN
1608 http fetch GET https://registry.npmjs.org/minimist/-/minimist-1.2.8.tgz attempt 1 failed with EAI_AGAIN
1609 http fetch GET https://registry.npmjs.org/minimatch/-/minimatch-10.2.5.tgz attempt 1 failed with EAI_AGAIN
1610 http fetch GET https://registry.npmjs.org/mimic-function/-/mimic-function-5.0.1.tgz attempt 1 failed with EAI_AGAIN
1611 http fetch GET https://registry.npmjs.org/mime-types/-/mime-types-3.0.2.tgz attempt 1 failed with EAI_AGAIN
1612 http fetch GET https://registry.npmjs.org/mime-db/-/mime-db-1.54.0.tgz attempt 1 failed with EAI_AGAIN
1613 http fetch GET https://registry.npmjs.org/mimic-fn/-/mimic-fn-3.1.0.tgz attempt 1 failed with EAI_AGAIN
1614 http fetch GET https://registry.npmjs.org/micromark-util-types/-/micromark-util-types-2.0.2.tgz attempt 1 failed with EAI_AGAIN
1615 http fetch GET https://registry.npmjs.org/micromark-util-symbol/-/micromark-util-symbol-2.0.1.tgz attempt 1 failed with EAI_AGAIN
1616 http fetch GET https://registry.npmjs.org/micromatch/-/micromatch-4.0.8.tgz attempt 1 failed with EAI_AGAIN
1617 http fetch GET https://registry.npmjs.org/micromark-util-subtokenize/-/micromark-util-subtokenize-2.1.0.tgz attempt 1 failed with EAI_AGAIN
1618 http fetch GET https://registry.npmjs.org/micromark-util-sanitize-uri/-/micromark-util-sanitize-uri-2.0.1.tgz attempt 1 failed with EAI_AGAIN
1619 http fetch GET https://registry.npmjs.org/micromark-util-resolve-all/-/micromark-util-resolve-all-2.0.1.tgz attempt 1 failed with EAI_AGAIN
1620 http fetch GET https://registry.npmjs.org/micromark-util-normalize-identifier/-/micromark-util-normalize-identifier-2.0.1.tgz attempt 1 failed with EAI_AGAIN
1621 http fetch GET https://registry.npmjs.org/micromark-util-html-tag-name/-/micromark-util-html-tag-name-2.0.1.tgz attempt 1 failed with EAI_AGAIN
1622 http fetch GET https://registry.npmjs.org/micromark-util-encode/-/micromark-util-encode-2.0.1.tgz attempt 1 failed with EAI_AGAIN
1623 http fetch GET https://registry.npmjs.org/micromark-util-decode-string/-/micromark-util-decode-string-2.0.1.tgz attempt 1 failed with EAI_AGAIN
1624 http fetch GET https://registry.npmjs.org/micromark-util-decode-numeric-character-reference/-/micromark-util-decode-numeric-character-reference-2.0.2.tgz attempt 1 failed with EAI_AGAIN
1625 http fetch GET https://registry.npmjs.org/micromark-util-combine-extensions/-/micromark-util-combine-extensions-2.0.1.tgz attempt 1 failed with EAI_AGAIN
1626 http fetch GET https://registry.npmjs.org/micromark-util-classify-character/-/micromark-util-classify-character-2.0.1.tgz attempt 1 failed with EAI_AGAIN
1627 http fetch GET https://registry.npmjs.org/micromark-util-chunked/-/micromark-util-chunked-2.0.1.tgz attempt 1 failed with EAI_AGAIN
1628 http fetch GET https://registry.npmjs.org/micromark-util-character/-/micromark-util-character-2.1.1.tgz attempt 1 failed with EAI_AGAIN
1629 http fetch GET https://registry.npmjs.org/micromark-factory-whitespace/-/micromark-factory-whitespace-2.0.1.tgz attempt 1 failed with EAI_AGAIN
1630 http fetch GET https://registry.npmjs.org/micromark-factory-title/-/micromark-factory-title-2.0.1.tgz attempt 1 failed with EAI_AGAIN
1631 http fetch GET https://registry.npmjs.org/micromark-factory-space/-/micromark-factory-space-2.0.1.tgz attempt 1 failed with EAI_AGAIN
1632 http fetch GET https://registry.npmjs.org/micromark-factory-label/-/micromark-factory-label-2.0.1.tgz attempt 1 failed with EAI_AGAIN
1633 http fetch GET https://registry.npmjs.org/micromark-factory-destination/-/micromark-factory-destination-2.0.1.tgz attempt 1 failed with EAI_AGAIN
1634 http fetch GET https://registry.npmjs.org/micromark-extension-gfm-task-list-item/-/micromark-extension-gfm-task-list-item-2.1.0.tgz attempt 1 failed with EAI_AGAIN
1635 http fetch GET https://registry.npmjs.org/micromark-extension-gfm-tagfilter/-/micromark-extension-gfm-tagfilter-2.0.0.tgz attempt 1 failed with EAI_AGAIN
1636 http fetch GET https://registry.npmjs.org/micromark-extension-gfm-table/-/micromark-extension-gfm-table-2.1.1.tgz attempt 1 failed with EAI_AGAIN
1637 http fetch GET https://registry.npmjs.org/micromark-extension-gfm-strikethrough/-/micromark-extension-gfm-strikethrough-2.1.0.tgz attempt 1 failed with EAI_AGAIN
1638 http fetch GET https://registry.npmjs.org/micromark-extension-gfm-footnote/-/micromark-extension-gfm-footnote-2.1.0.tgz attempt 1 failed with EAI_AGAIN
1639 http fetch GET https://registry.npmjs.org/micromark-extension-gfm-autolink-literal/-/micromark-extension-gfm-autolink-literal-2.1.0.tgz attempt 1 failed with EAI_AGAIN
1640 http fetch GET https://registry.npmjs.org/micromark-core-commonmark/-/micromark-core-commonmark-2.0.3.tgz attempt 1 failed with EAI_AGAIN
1641 http fetch GET https://registry.npmjs.org/micromark-extension-gfm/-/micromark-extension-gfm-3.0.0.tgz attempt 1 failed with EAI_AGAIN
1642 http fetch GET https://registry.npmjs.org/micromark/-/micromark-4.0.2.tgz attempt 1 failed with EAI_AGAIN
1643 http fetch GET https://registry.npmjs.org/merge2/-/merge2-1.4.1.tgz attempt 1 failed with EAI_AGAIN
1644 http fetch GET https://registry.npmjs.org/merge-stream/-/merge-stream-2.0.0.tgz attempt 1 failed with EAI_AGAIN
1645 http fetch GET https://registry.npmjs.org/merge-descriptors/-/merge-descriptors-2.0.0.tgz attempt 1 failed with EAI_AGAIN
1646 http fetch GET https://registry.npmjs.org/media-typer/-/media-typer-1.1.0.tgz attempt 1 failed with EAI_AGAIN
1647 http fetch GET https://registry.npmjs.org/mdn-data/-/mdn-data-2.27.1.tgz attempt 1 failed with EAI_AGAIN
1648 http fetch GET https://registry.npmjs.org/mdast-util-to-string/-/mdast-util-to-string-4.0.0.tgz attempt 1 failed with EAI_AGAIN
1649 http fetch GET https://registry.npmjs.org/mdast-util-to-markdown/-/mdast-util-to-markdown-2.1.2.tgz attempt 1 failed with EAI_AGAIN
1650 http fetch GET https://registry.npmjs.org/mdast-util-to-hast/-/mdast-util-to-hast-13.2.1.tgz attempt 1 failed with EAI_AGAIN
1651 http fetch GET https://registry.npmjs.org/mdast-util-phrasing/-/mdast-util-phrasing-4.1.0.tgz attempt 1 failed with EAI_AGAIN
1652 http fetch GET https://registry.npmjs.org/mdast-util-mdxjs-esm/-/mdast-util-mdxjs-esm-2.0.1.tgz attempt 1 failed with EAI_AGAIN
1653 http fetch GET https://registry.npmjs.org/mdast-util-mdx-jsx/-/mdast-util-mdx-jsx-3.2.0.tgz attempt 1 failed with EAI_AGAIN
1654 http fetch GET https://registry.npmjs.org/mdast-util-mdx-expression/-/mdast-util-mdx-expression-2.0.1.tgz attempt 1 failed with EAI_AGAIN
1655 http fetch GET https://registry.npmjs.org/mdast-util-gfm-task-list-item/-/mdast-util-gfm-task-list-item-2.0.0.tgz attempt 1 failed with EAI_AGAIN
1656 http fetch GET https://registry.npmjs.org/mdast-util-gfm-table/-/mdast-util-gfm-table-2.0.0.tgz attempt 1 failed with EAI_AGAIN
1657 http fetch GET https://registry.npmjs.org/mdast-util-gfm-strikethrough/-/mdast-util-gfm-strikethrough-2.0.0.tgz attempt 1 failed with EAI_AGAIN
1658 http fetch GET https://registry.npmjs.org/mdast-util-gfm-footnote/-/mdast-util-gfm-footnote-2.1.0.tgz attempt 1 failed with EAI_AGAIN
1659 http fetch GET https://registry.npmjs.org/mdast-util-gfm-autolink-literal/-/mdast-util-gfm-autolink-literal-2.0.1.tgz attempt 1 failed with EAI_AGAIN
1660 http fetch GET https://registry.npmjs.org/mdast-util-gfm/-/mdast-util-gfm-3.1.0.tgz attempt 1 failed with EAI_AGAIN
1661 http fetch GET https://registry.npmjs.org/mdast-util-from-markdown/-/mdast-util-from-markdown-2.0.3.tgz attempt 1 failed with EAI_AGAIN
1662 http fetch GET https://registry.npmjs.org/mdast-util-find-and-replace/-/mdast-util-find-and-replace-3.0.2.tgz attempt 1 failed with EAI_AGAIN
1663 http fetch GET https://registry.npmjs.org/math-intrinsics/-/math-intrinsics-1.1.0.tgz attempt 1 failed with EAI_AGAIN
1664 http fetch GET https://registry.npmjs.org/markdown-table/-/markdown-table-3.0.4.tgz attempt 1 failed with EAI_AGAIN
1665 http fetch GET https://registry.npmjs.org/magic-string/-/magic-string-0.30.21.tgz attempt 1 failed with EAI_AGAIN
1666 http fetch GET https://registry.npmjs.org/lucide-react/-/lucide-react-1.24.0.tgz attempt 1 failed with EAI_AGAIN
1667 http fetch GET https://registry.npmjs.org/lru-cache/-/lru-cache-5.1.1.tgz attempt 1 failed with EAI_AGAIN
1668 http fetch GET https://registry.npmjs.org/loupe/-/loupe-3.2.1.tgz attempt 1 failed with EAI_AGAIN
1669 http fetch GET https://registry.npmjs.org/loose-envify/-/loose-envify-1.4.0.tgz attempt 1 failed with EAI_AGAIN
1670 http fetch GET https://registry.npmjs.org/longest-streak/-/longest-streak-3.1.0.tgz attempt 1 failed with EAI_AGAIN
1671 http fetch GET https://registry.npmjs.org/log-symbols/-/log-symbols-6.0.0.tgz attempt 1 failed with EAI_AGAIN
1672 http fetch GET https://registry.npmjs.org/locate-path/-/locate-path-3.0.0.tgz attempt 1 failed with EAI_AGAIN
1673 http fetch GET https://registry.npmjs.org/lines-and-columns/-/lines-and-columns-1.2.4.tgz attempt 1 failed with EAI_AGAIN
1674 http fetch GET https://registry.npmjs.org/lightningcss-linux-x64-musl/-/lightningcss-linux-x64-musl-1.32.0.tgz attempt 1 failed with EAI_AGAIN
1675 http fetch GET https://registry.npmjs.org/lightningcss-linux-x64-gnu/-/lightningcss-linux-x64-gnu-1.32.0.tgz attempt 1 failed with EAI_AGAIN
1676 http fetch GET https://registry.npmjs.org/lightningcss/-/lightningcss-1.32.0.tgz attempt 1 failed with EAI_AGAIN
1677 http fetch GET https://registry.npmjs.org/kleur/-/kleur-4.1.5.tgz attempt 1 failed with EAI_AGAIN
1678 http fetch GET https://registry.npmjs.org/jsonfile/-/jsonfile-6.2.1.tgz attempt 1 failed with EAI_AGAIN
1679 http fetch GET https://registry.npmjs.org/json5/-/json5-2.2.3.tgz attempt 1 failed with EAI_AGAIN
1680 http fetch GET https://registry.npmjs.org/json-schema-typed/-/json-schema-typed-8.0.2.tgz attempt 1 failed with EAI_AGAIN
1681 http fetch GET https://registry.npmjs.org/json-parse-even-better-errors/-/json-parse-even-better-errors-2.3.1.tgz attempt 1 failed with EAI_AGAIN
1682 http fetch GET https://registry.npmjs.org/json-schema-traverse/-/json-schema-traverse-1.0.0.tgz attempt 1 failed with EAI_AGAIN
1683 http fetch GET https://registry.npmjs.org/jsesc/-/jsesc-3.1.0.tgz attempt 1 failed with EAI_AGAIN
1684 http fetch GET https://registry.npmjs.org/jsdom/-/jsdom-27.0.1.tgz attempt 1 failed with EAI_AGAIN
1685 http fetch GET https://registry.npmjs.org/js-yaml/-/js-yaml-4.3.0.tgz attempt 1 failed with EAI_AGAIN
1686 http fetch GET https://registry.npmjs.org/js-tokens/-/js-tokens-4.0.0.tgz attempt 1 failed with EAI_AGAIN
1687 http fetch GET https://registry.npmjs.org/jiti/-/jiti-2.7.0.tgz attempt 1 failed with EAI_AGAIN
1688 http fetch GET https://registry.npmjs.org/jose/-/jose-6.2.3.tgz attempt 1 failed with EAI_AGAIN
1689 http fetch GET https://registry.npmjs.org/isexe/-/isexe-3.1.5.tgz attempt 1 failed with EAI_AGAIN
1690 http fetch GET https://registry.npmjs.org/is-wsl/-/is-wsl-3.1.1.tgz attempt 1 failed with EAI_AGAIN
1691 http fetch GET https://registry.npmjs.org/is-unicode-supported/-/is-unicode-supported-2.1.0.tgz attempt 1 failed with EAI_AGAIN
1692 http fetch GET https://registry.npmjs.org/is-stream/-/is-stream-4.0.1.tgz attempt 1 failed with EAI_AGAIN
1693 http fetch GET https://registry.npmjs.org/is-regexp/-/is-regexp-3.1.0.tgz attempt 1 failed with EAI_AGAIN
1694 http fetch GET https://registry.npmjs.org/is-promise/-/is-promise-4.0.0.tgz attempt 1 failed with EAI_AGAIN
1695 http fetch GET https://registry.npmjs.org/is-potential-custom-element-name/-/is-potential-custom-element-name-1.0.1.tgz attempt 1 failed with EAI_AGAIN
1696 http fetch GET https://registry.npmjs.org/is-plain-obj/-/is-plain-obj-4.1.0.tgz attempt 1 failed with EAI_AGAIN
1697 http fetch GET https://registry.npmjs.org/is-obj/-/is-obj-2.0.0.tgz attempt 1 failed with EAI_AGAIN
1698 http fetch GET https://registry.npmjs.org/is-number/-/is-number-7.0.0.tgz attempt 1 failed with EAI_AGAIN
1699 http fetch GET https://registry.npmjs.org/is-lite/-/is-lite-2.0.0.tgz attempt 1 failed with EAI_AGAIN
1700 http fetch GET https://registry.npmjs.org/is-interactive/-/is-interactive-2.0.0.tgz attempt 1 failed with EAI_AGAIN
1701 http fetch GET https://registry.npmjs.org/is-inside-container/-/is-inside-container-1.0.0.tgz attempt 1 failed with EAI_AGAIN
1702 http fetch GET https://registry.npmjs.org/is-in-ssh/-/is-in-ssh-1.0.0.tgz attempt 1 failed with EAI_AGAIN
1703 http fetch GET https://registry.npmjs.org/is-hexadecimal/-/is-hexadecimal-2.0.1.tgz attempt 1 failed with EAI_AGAIN
1704 http fetch GET https://registry.npmjs.org/is-extglob/-/is-extglob-2.1.1.tgz attempt 1 failed with EAI_AGAIN
1705 http fetch GET https://registry.npmjs.org/is-glob/-/is-glob-4.0.3.tgz attempt 1 failed with EAI_AGAIN
1706 http fetch GET https://registry.npmjs.org/is-docker/-/is-docker-3.0.0.tgz attempt 1 failed with EAI_AGAIN
1707 http fetch GET https://registry.npmjs.org/is-decimal/-/is-decimal-2.0.1.tgz attempt 1 failed with EAI_AGAIN
1708 http fetch GET https://registry.npmjs.org/is-arrayish/-/is-arrayish-0.2.1.tgz attempt 1 failed with EAI_AGAIN
1709 http fetch GET https://registry.npmjs.org/is-alphanumerical/-/is-alphanumerical-2.0.1.tgz attempt 1 failed with EAI_AGAIN
1710 http fetch GET https://registry.npmjs.org/is-alphabetical/-/is-alphabetical-2.0.1.tgz attempt 1 failed with EAI_AGAIN
1711 http fetch GET https://registry.npmjs.org/ipaddr.js/-/ipaddr.js-1.9.1.tgz attempt 1 failed with EAI_AGAIN
1712 http fetch GET https://registry.npmjs.org/ip-address/-/ip-address-10.2.0.tgz attempt 1 failed with EAI_AGAIN
1713 http fetch GET https://registry.npmjs.org/internmap/-/internmap-2.0.3.tgz attempt 1 failed with EAI_AGAIN
1714 http fetch GET https://registry.npmjs.org/inherits/-/inherits-2.0.4.tgz attempt 1 failed with EAI_AGAIN
1715 http fetch GET https://registry.npmjs.org/inline-style-parser/-/inline-style-parser-0.2.7.tgz attempt 1 failed with EAI_AGAIN
1716 http fetch GET https://registry.npmjs.org/import-fresh/-/import-fresh-3.3.1.tgz attempt 1 failed with EAI_AGAIN
1717 http fetch GET https://registry.npmjs.org/immer/-/immer-10.2.0.tgz attempt 1 failed with EAI_AGAIN
1718 http fetch GET https://registry.npmjs.org/ignore/-/ignore-5.3.2.tgz attempt 1 failed with EAI_AGAIN
1719 http fetch GET https://registry.npmjs.org/iconv-lite/-/iconv-lite-0.7.3.tgz attempt 1 failed with EAI_AGAIN
1720 http fetch GET https://registry.npmjs.org/human-signals/-/human-signals-8.0.1.tgz attempt 1 failed with EAI_AGAIN
1721 http fetch GET https://registry.npmjs.org/https-proxy-agent/-/https-proxy-agent-7.0.6.tgz attempt 1 failed with EAI_AGAIN
1722 http fetch GET https://registry.npmjs.org/http-proxy-agent/-/http-proxy-agent-7.0.2.tgz attempt 1 failed with EAI_AGAIN
1723 http fetch GET https://registry.npmjs.org/http-errors/-/http-errors-2.0.1.tgz attempt 1 failed with EAI_AGAIN
1724 http fetch GET https://registry.npmjs.org/html-url-attributes/-/html-url-attributes-3.0.1.tgz attempt 1 failed with EAI_AGAIN
1725 http fetch GET https://registry.npmjs.org/html-encoding-sniffer/-/html-encoding-sniffer-4.0.0.tgz attempt 1 failed with EAI_AGAIN
1726 http fetch GET https://registry.npmjs.org/hono/-/hono-4.12.30.tgz attempt 1 failed with EAI_AGAIN
1727 http fetch GET https://registry.npmjs.org/hast-util-whitespace/-/hast-util-whitespace-3.0.0.tgz attempt 1 failed with EAI_AGAIN
1728 http fetch GET https://registry.npmjs.org/hast-util-to-jsx-runtime/-/hast-util-to-jsx-runtime-2.3.6.tgz attempt 1 failed with EAI_AGAIN
1729 http fetch GET https://registry.npmjs.org/hasown/-/hasown-2.0.4.tgz attempt 1 failed with EAI_AGAIN
1730 http fetch GET https://registry.npmjs.org/has-symbols/-/has-symbols-1.1.0.tgz attempt 1 failed with EAI_AGAIN
1731 http fetch GET https://registry.npmjs.org/graceful-fs/-/graceful-fs-4.2.11.tgz attempt 1 failed with EAI_AGAIN
1732 http fetch GET https://registry.npmjs.org/gopd/-/gopd-1.2.0.tgz attempt 1 failed with EAI_AGAIN
1733 http fetch GET https://registry.npmjs.org/glob-parent/-/glob-parent-5.1.2.tgz attempt 1 failed with EAI_AGAIN
1734 http fetch GET https://registry.npmjs.org/get-stream/-/get-stream-9.0.1.tgz attempt 1 failed with EAI_AGAIN
1735 http fetch GET https://registry.npmjs.org/get-proto/-/get-proto-1.0.1.tgz attempt 1 failed with EAI_AGAIN
1736 http fetch GET https://registry.npmjs.org/get-own-enumerable-keys/-/get-own-enumerable-keys-1.0.0.tgz attempt 1 failed with EAI_AGAIN
1737 http fetch GET https://registry.npmjs.org/get-nonce/-/get-nonce-1.0.1.tgz attempt 1 failed with EAI_AGAIN
1738 http fetch GET https://registry.npmjs.org/get-intrinsic/-/get-intrinsic-1.3.0.tgz attempt 1 failed with EAI_AGAIN
1739 http fetch GET https://registry.npmjs.org/get-east-asian-width/-/get-east-asian-width-1.6.0.tgz attempt 1 failed with EAI_AGAIN
1740 http fetch GET https://registry.npmjs.org/gensync/-/gensync-1.0.0-beta.2.tgz attempt 1 failed with EAI_AGAIN
1741 http fetch GET https://registry.npmjs.org/fuzzysort/-/fuzzysort-3.1.0.tgz attempt 1 failed with EAI_AGAIN
1742 http fetch GET https://registry.npmjs.org/function-bind/-/function-bind-1.1.2.tgz attempt 1 failed with EAI_AGAIN
1743 http fetch GET https://registry.npmjs.org/fresh/-/fresh-2.0.0.tgz attempt 1 failed with EAI_AGAIN
1744 http fetch GET https://registry.npmjs.org/fs-extra/-/fs-extra-11.3.6.tgz attempt 1 failed with EAI_AGAIN
1745 http fetch GET https://registry.npmjs.org/forwarded/-/forwarded-0.2.0.tgz attempt 1 failed with EAI_AGAIN
1746 http fetch GET https://registry.npmjs.org/find-up/-/find-up-3.0.0.tgz attempt 1 failed with EAI_AGAIN
1747 http fetch GET https://registry.npmjs.org/finalhandler/-/finalhandler-2.1.1.tgz attempt 1 failed with EAI_AGAIN
1748 http fetch GET https://registry.npmjs.org/fill-range/-/fill-range-7.1.1.tgz attempt 1 failed with EAI_AGAIN
1749 http fetch GET https://registry.npmjs.org/figures/-/figures-6.1.0.tgz attempt 1 failed with EAI_AGAIN
1750 http fetch GET https://registry.npmjs.org/fdir/-/fdir-6.5.0.tgz attempt 1 failed with EAI_AGAIN
1751 http fetch GET https://registry.npmjs.org/fastq/-/fastq-1.20.1.tgz attempt 1 failed with EAI_AGAIN
1752 http fetch GET https://registry.npmjs.org/fast-uri/-/fast-uri-3.1.3.tgz attempt 1 failed with EAI_AGAIN
1753 http fetch GET https://registry.npmjs.org/fast-glob/-/fast-glob-3.3.3.tgz attempt 1 failed with EAI_AGAIN
1754 http fetch GET https://registry.npmjs.org/fast-deep-equal/-/fast-deep-equal-3.1.3.tgz attempt 1 failed with EAI_AGAIN
1755 http fetch GET https://registry.npmjs.org/extend/-/extend-3.0.2.tgz attempt 1 failed with EAI_AGAIN
1756 http fetch GET https://registry.npmjs.org/express/-/express-5.2.1.tgz attempt 1 failed with EAI_AGAIN
1757 http fetch GET https://registry.npmjs.org/expect-type/-/expect-type-1.4.0.tgz attempt 1 failed with EAI_AGAIN
1758 http fetch GET https://registry.npmjs.org/execa/-/execa-9.6.1.tgz attempt 1 failed with EAI_AGAIN
1759 http fetch GET https://registry.npmjs.org/eventsource-parser/-/eventsource-parser-3.1.0.tgz attempt 1 failed with EAI_AGAIN
1760 http fetch GET https://registry.npmjs.org/express-rate-limit/-/express-rate-limit-8.5.2.tgz attempt 1 failed with EAI_AGAIN
1761 http fetch GET https://registry.npmjs.org/eventsource/-/eventsource-3.0.7.tgz attempt 1 failed with EAI_AGAIN
1762 http fetch GET https://registry.npmjs.org/eventemitter3/-/eventemitter3-5.0.4.tgz attempt 1 failed with EAI_AGAIN
1763 http fetch GET https://registry.npmjs.org/estree-walker/-/estree-walker-3.0.3.tgz attempt 1 failed with EAI_AGAIN
1764 http fetch GET https://registry.npmjs.org/etag/-/etag-1.8.1.tgz attempt 1 failed with EAI_AGAIN
1765 http fetch GET https://registry.npmjs.org/estree-util-is-identifier-name/-/estree-util-is-identifier-name-3.0.0.tgz attempt 1 failed with EAI_AGAIN
1766 http fetch GET https://registry.npmjs.org/esprima/-/esprima-4.0.1.tgz attempt 1 failed with EAI_AGAIN
1767 http fetch GET https://registry.npmjs.org/escape-string-regexp/-/escape-string-regexp-5.0.0.tgz attempt 1 failed with EAI_AGAIN
1768 http fetch GET https://registry.npmjs.org/escape-html/-/escape-html-1.0.3.tgz attempt 1 failed with EAI_AGAIN
1769 http fetch GET https://registry.npmjs.org/escalade/-/escalade-3.2.0.tgz attempt 1 failed with EAI_AGAIN
1770 http fetch GET https://registry.npmjs.org/esbuild/-/esbuild-0.21.5.tgz attempt 1 failed with EAI_AGAIN
1771 http fetch GET https://registry.npmjs.org/es-toolkit/-/es-toolkit-1.49.0.tgz attempt 1 failed with EAI_AGAIN
1772 http fetch GET https://registry.npmjs.org/es-object-atoms/-/es-object-atoms-1.1.2.tgz attempt 1 failed with EAI_AGAIN
1773 http fetch GET https://registry.npmjs.org/es-module-lexer/-/es-module-lexer-1.7.0.tgz attempt 1 failed with EAI_AGAIN
1774 http fetch GET https://registry.npmjs.org/es-errors/-/es-errors-1.3.0.tgz attempt 1 failed with EAI_AGAIN
1775 http fetch GET https://registry.npmjs.org/es-define-property/-/es-define-property-1.0.1.tgz attempt 1 failed with EAI_AGAIN
1776 http fetch GET https://registry.npmjs.org/error-ex/-/error-ex-1.3.4.tgz attempt 1 failed with EAI_AGAIN
1777 http fetch GET https://registry.npmjs.org/env-paths/-/env-paths-2.2.1.tgz attempt 1 failed with EAI_AGAIN
1778 http fetch GET https://registry.npmjs.org/entities/-/entities-8.0.0.tgz attempt 1 failed with EAI_AGAIN
1779 http fetch GET https://registry.npmjs.org/enquirer/-/enquirer-2.4.1.tgz attempt 1 failed with EAI_AGAIN
1780 http fetch GET https://registry.npmjs.org/enhanced-resolve/-/enhanced-resolve-5.21.6.tgz attempt 1 failed with EAI_AGAIN
1781 http fetch GET https://registry.npmjs.org/encodeurl/-/encodeurl-2.0.0.tgz attempt 1 failed with EAI_AGAIN
1782 http fetch GET https://registry.npmjs.org/emoji-regex/-/emoji-regex-10.6.0.tgz attempt 1 failed with EAI_AGAIN
1783 http fetch GET https://registry.npmjs.org/electron-to-chromium/-/electron-to-chromium-1.5.389.tgz attempt 1 failed with EAI_AGAIN
1784 http fetch GET https://registry.npmjs.org/ee-first/-/ee-first-1.1.1.tgz attempt 1 failed with EAI_AGAIN
1785 http fetch GET https://registry.npmjs.org/dunder-proto/-/dunder-proto-1.0.1.tgz attempt 1 failed with EAI_AGAIN
1786 http fetch GET https://registry.npmjs.org/dotenv/-/dotenv-17.4.2.tgz attempt 1 failed with EAI_AGAIN
1787 http fetch GET https://registry.npmjs.org/dot-prop/-/dot-prop-6.0.1.tgz attempt 1 failed with EAI_AGAIN
1788 http fetch GET https://registry.npmjs.org/diff/-/diff-8.0.4.tgz attempt 1 failed with EAI_AGAIN
1789 http fetch GET https://registry.npmjs.org/devlop/-/devlop-1.1.0.tgz attempt 1 failed with EAI_AGAIN
1790 http fetch GET https://registry.npmjs.org/detect-node-es/-/detect-node-es-1.1.0.tgz attempt 1 failed with EAI_AGAIN
1791 http fetch GET https://registry.npmjs.org/detect-libc/-/detect-libc-2.1.2.tgz attempt 1 failed with EAI_AGAIN
1792 http fetch GET https://registry.npmjs.org/dequal/-/dequal-2.0.3.tgz attempt 1 failed with EAI_AGAIN
1793 http fetch GET https://registry.npmjs.org/depd/-/depd-2.0.0.tgz attempt 1 failed with EAI_AGAIN
1794 http fetch GET https://registry.npmjs.org/define-lazy-prop/-/define-lazy-prop-3.0.0.tgz attempt 1 failed with EAI_AGAIN
1795 http fetch GET https://registry.npmjs.org/default-browser-id/-/default-browser-id-5.0.1.tgz attempt 1 failed with EAI_AGAIN
1796 http fetch GET https://registry.npmjs.org/default-browser/-/default-browser-5.5.0.tgz attempt 1 failed with EAI_AGAIN
1797 http fetch GET https://registry.npmjs.org/deepmerge/-/deepmerge-4.3.1.tgz attempt 1 failed with EAI_AGAIN
1798 http fetch GET https://registry.npmjs.org/deep-eql/-/deep-eql-5.0.2.tgz attempt 1 failed with EAI_AGAIN
1799 http fetch GET https://registry.npmjs.org/dedent/-/dedent-1.7.2.tgz attempt 1 failed with EAI_AGAIN
1800 http fetch GET https://registry.npmjs.org/decode-named-character-reference/-/decode-named-character-reference-1.3.0.tgz attempt 1 failed with EAI_AGAIN
1801 http fetch GET https://registry.npmjs.org/decimal.js-light/-/decimal.js-light-2.5.1.tgz attempt 1 failed with EAI_AGAIN
1802 http fetch GET https://registry.npmjs.org/decimal.js/-/decimal.js-10.6.0.tgz attempt 1 failed with EAI_AGAIN
1803 http fetch GET https://registry.npmjs.org/debug/-/debug-4.4.3.tgz attempt 1 failed with EAI_AGAIN
1804 http fetch GET https://registry.npmjs.org/debounce-fn/-/debounce-fn-4.0.0.tgz attempt 1 failed with EAI_AGAIN
1805 http fetch GET https://registry.npmjs.org/data-urls/-/data-urls-6.0.1.tgz attempt 1 failed with EAI_AGAIN
1806 http fetch GET https://registry.npmjs.org/d3-zoom/-/d3-zoom-3.0.0.tgz attempt 1 failed with EAI_AGAIN
1807 http fetch GET https://registry.npmjs.org/d3-transition/-/d3-transition-3.0.1.tgz attempt 1 failed with EAI_AGAIN
1808 http fetch GET https://registry.npmjs.org/d3-timer/-/d3-timer-3.0.1.tgz attempt 1 failed with EAI_AGAIN
1809 http fetch GET https://registry.npmjs.org/d3-time-format/-/d3-time-format-4.1.0.tgz attempt 1 failed with EAI_AGAIN
1810 http fetch GET https://registry.npmjs.org/d3-time/-/d3-time-3.1.0.tgz attempt 1 failed with EAI_AGAIN
1811 http fetch GET https://registry.npmjs.org/d3-shape/-/d3-shape-3.2.0.tgz attempt 1 failed with EAI_AGAIN
1812 http fetch GET https://registry.npmjs.org/d3-selection/-/d3-selection-3.0.0.tgz attempt 1 failed with EAI_AGAIN
1813 http fetch GET https://registry.npmjs.org/d3-scale/-/d3-scale-4.0.2.tgz attempt 1 failed with EAI_AGAIN
1814 http fetch GET https://registry.npmjs.org/d3-quadtree/-/d3-quadtree-3.0.1.tgz attempt 1 failed with EAI_AGAIN
1815 http fetch GET https://registry.npmjs.org/d3-path/-/d3-path-3.1.0.tgz attempt 1 failed with EAI_AGAIN
1816 http fetch GET https://registry.npmjs.org/d3-interpolate/-/d3-interpolate-3.0.1.tgz attempt 1 failed with EAI_AGAIN
1817 http fetch GET https://registry.npmjs.org/d3-format/-/d3-format-3.1.2.tgz attempt 1 failed with EAI_AGAIN
1818 http fetch GET https://registry.npmjs.org/d3-force/-/d3-force-3.0.0.tgz attempt 1 failed with EAI_AGAIN
1819 http fetch GET https://registry.npmjs.org/d3-ease/-/d3-ease-3.0.1.tgz attempt 1 failed with EAI_AGAIN
1820 http fetch GET https://registry.npmjs.org/d3-drag/-/d3-drag-3.0.0.tgz attempt 1 failed with EAI_AGAIN
1821 http fetch GET https://registry.npmjs.org/d3-dispatch/-/d3-dispatch-3.0.1.tgz attempt 1 failed with EAI_AGAIN
1822 http fetch GET https://registry.npmjs.org/d3-color/-/d3-color-3.1.0.tgz attempt 1 failed with EAI_AGAIN
1823 http fetch GET https://registry.npmjs.org/d3-array/-/d3-array-3.2.4.tgz attempt 1 failed with EAI_AGAIN
1824 http fetch GET https://registry.npmjs.org/csstype/-/csstype-3.2.3.tgz attempt 1 failed with EAI_AGAIN
1825 http fetch GET https://registry.npmjs.org/cssstyle/-/cssstyle-5.3.7.tgz attempt 1 failed with EAI_AGAIN
1826 http fetch GET https://registry.npmjs.org/cssesc/-/cssesc-3.0.0.tgz attempt 1 failed with EAI_AGAIN
1827 http fetch GET https://registry.npmjs.org/css-tree/-/css-tree-3.2.1.tgz attempt 1 failed with EAI_AGAIN
1828 http fetch GET https://registry.npmjs.org/cross-spawn/-/cross-spawn-7.0.6.tgz attempt 1 failed with EAI_AGAIN
1829 http fetch GET https://registry.npmjs.org/cosmiconfig/-/cosmiconfig-9.0.2.tgz attempt 1 failed with EAI_AGAIN
1830 http fetch GET https://registry.npmjs.org/cors/-/cors-2.8.6.tgz attempt 1 failed with EAI_AGAIN
1831 http fetch GET https://registry.npmjs.org/cookie-signature/-/cookie-signature-1.2.2.tgz attempt 1 failed with EAI_AGAIN
1832 http fetch GET https://registry.npmjs.org/cookie/-/cookie-0.7.2.tgz attempt 1 failed with EAI_AGAIN
1833 http fetch GET https://registry.npmjs.org/convert-source-map/-/convert-source-map-2.0.0.tgz attempt 1 failed with EAI_AGAIN
1834 http fetch GET https://registry.npmjs.org/content-type/-/content-type-1.0.5.tgz attempt 1 failed with EAI_AGAIN
1835 http fetch GET https://registry.npmjs.org/content-disposition/-/content-disposition-1.1.0.tgz attempt 1 failed with EAI_AGAIN
1836 http fetch GET https://registry.npmjs.org/commander/-/commander-14.0.3.tgz attempt 1 failed with EAI_AGAIN
1837 http fetch GET https://registry.npmjs.org/conf/-/conf-10.2.0.tgz attempt 1 failed with EAI_AGAIN
1838 http fetch GET https://registry.npmjs.org/comma-separated-tokens/-/comma-separated-tokens-2.0.3.tgz attempt 1 failed with EAI_AGAIN
1839 http fetch GET https://registry.npmjs.org/code-block-writer/-/code-block-writer-13.0.3.tgz attempt 1 failed with EAI_AGAIN
1840 http fetch GET https://registry.npmjs.org/clsx/-/clsx-2.1.1.tgz attempt 1 failed with EAI_AGAIN
1841 http fetch GET https://registry.npmjs.org/cli-spinners/-/cli-spinners-2.9.2.tgz attempt 1 failed with EAI_AGAIN
1842 http fetch GET https://registry.npmjs.org/cli-cursor/-/cli-cursor-5.0.0.tgz attempt 1 failed with EAI_AGAIN
1843 http fetch GET https://registry.npmjs.org/classcat/-/classcat-5.0.5.tgz attempt 1 failed with EAI_AGAIN
1844 http fetch GET https://registry.npmjs.org/class-variance-authority/-/class-variance-authority-0.7.1.tgz attempt 1 failed with EAI_AGAIN
1845 http fetch GET https://registry.npmjs.org/check-error/-/check-error-2.1.3.tgz attempt 1 failed with EAI_AGAIN
1846 http fetch GET https://registry.npmjs.org/character-reference-invalid/-/character-reference-invalid-2.0.1.tgz attempt 1 failed with EAI_AGAIN
1847 http fetch GET https://registry.npmjs.org/character-entities-html4/-/character-entities-html4-2.1.0.tgz attempt 1 failed with EAI_AGAIN
1848 http fetch GET https://registry.npmjs.org/character-entities-legacy/-/character-entities-legacy-3.0.0.tgz attempt 1 failed with EAI_AGAIN
1849 http fetch GET https://registry.npmjs.org/character-entities/-/character-entities-2.0.2.tgz attempt 1 failed with EAI_AGAIN
1850 http fetch GET https://registry.npmjs.org/chalk/-/chalk-5.6.2.tgz attempt 1 failed with EAI_AGAIN
1851 http fetch GET https://registry.npmjs.org/chai/-/chai-5.3.3.tgz attempt 1 failed with EAI_AGAIN
1852 http fetch GET https://registry.npmjs.org/ccount/-/ccount-2.0.1.tgz attempt 1 failed with EAI_AGAIN
1853 http fetch GET https://registry.npmjs.org/caniuse-lite/-/caniuse-lite-1.0.30001803.tgz attempt 1 failed with EAI_AGAIN
1854 http fetch GET https://registry.npmjs.org/callsites/-/callsites-3.1.0.tgz attempt 1 failed with EAI_AGAIN
1855 http fetch GET https://registry.npmjs.org/call-bound/-/call-bound-1.0.4.tgz attempt 1 failed with EAI_AGAIN
1856 http fetch GET https://registry.npmjs.org/call-bind-apply-helpers/-/call-bind-apply-helpers-1.0.2.tgz attempt 1 failed with EAI_AGAIN
1857 http fetch GET https://registry.npmjs.org/cac/-/cac-6.7.14.tgz attempt 1 failed with EAI_AGAIN
1858 http fetch GET https://registry.npmjs.org/bytes/-/bytes-3.1.2.tgz attempt 1 failed with EAI_AGAIN
1859 http fetch GET https://registry.npmjs.org/bundle-name/-/bundle-name-4.1.0.tgz attempt 1 failed with EAI_AGAIN
1860 http fetch GET https://registry.npmjs.org/browserslist/-/browserslist-4.28.5.tgz attempt 1 failed with EAI_AGAIN
1861 http fetch GET https://registry.npmjs.org/braces/-/braces-3.0.3.tgz attempt 1 failed with EAI_AGAIN
1862 http fetch GET https://registry.npmjs.org/brace-expansion/-/brace-expansion-5.0.7.tgz attempt 1 failed with EAI_AGAIN
1863 http fetch GET https://registry.npmjs.org/body-parser/-/body-parser-2.3.0.tgz attempt 1 failed with EAI_AGAIN
1864 http fetch GET https://registry.npmjs.org/baseline-browser-mapping/-/baseline-browser-mapping-2.10.43.tgz attempt 1 failed with EAI_AGAIN
1865 http fetch GET https://registry.npmjs.org/bidi-js/-/bidi-js-1.0.3.tgz attempt 1 failed with EAI_AGAIN
1866 http fetch GET https://registry.npmjs.org/bail/-/bail-2.0.2.tgz attempt 1 failed with EAI_AGAIN
1867 http fetch GET https://registry.npmjs.org/balanced-match/-/balanced-match-4.0.4.tgz attempt 1 failed with EAI_AGAIN
1868 http fetch GET https://registry.npmjs.org/atomically/-/atomically-1.7.0.tgz attempt 1 failed with EAI_AGAIN
1869 http fetch GET https://registry.npmjs.org/assistant-stream/-/assistant-stream-0.3.39.tgz attempt 1 failed with EAI_AGAIN
1870 http fetch GET https://registry.npmjs.org/ast-types/-/ast-types-0.16.1.tgz attempt 1 failed with EAI_AGAIN
1871 http fetch GET https://registry.npmjs.org/assistant-cloud/-/assistant-cloud-0.1.41.tgz attempt 1 failed with EAI_AGAIN
1872 http fetch GET https://registry.npmjs.org/assertion-error/-/assertion-error-2.0.1.tgz attempt 1 failed with EAI_AGAIN
1873 http fetch GET https://registry.npmjs.org/aria-hidden/-/aria-hidden-1.2.6.tgz attempt 1 failed with EAI_AGAIN
1874 http fetch GET https://registry.npmjs.org/argparse/-/argparse-2.0.1.tgz attempt 1 failed with EAI_AGAIN
1875 http fetch GET https://registry.npmjs.org/ansi-regex/-/ansi-regex-5.0.1.tgz attempt 1 failed with EAI_AGAIN
1876 http fetch GET https://registry.npmjs.org/ansi-colors/-/ansi-colors-4.1.3.tgz attempt 1 failed with EAI_AGAIN
1877 http fetch GET https://registry.npmjs.org/ajv-formats/-/ajv-formats-3.0.1.tgz attempt 1 failed with EAI_AGAIN
1878 http fetch GET https://registry.npmjs.org/ajv/-/ajv-8.20.0.tgz attempt 1 failed with EAI_AGAIN
1879 http fetch GET https://registry.npmjs.org/agent-base/-/agent-base-7.1.4.tgz attempt 1 failed with EAI_AGAIN
1880 http fetch GET https://registry.npmjs.org/accepts/-/accepts-2.0.0.tgz attempt 1 failed with EAI_AGAIN
1881 http fetch GET https://registry.npmjs.org/@xyflow/system/-/system-0.0.79.tgz attempt 1 failed with EAI_AGAIN
1882 http fetch GET https://registry.npmjs.org/@xyflow/react/-/react-12.11.2.tgz attempt 1 failed with EAI_AGAIN
1883 http fetch GET https://registry.npmjs.org/@vitest/utils/-/utils-3.2.7.tgz attempt 1 failed with EAI_AGAIN
1884 http fetch GET https://registry.npmjs.org/@vitest/spy/-/spy-3.2.7.tgz attempt 1 failed with EAI_AGAIN
1885 http fetch GET https://registry.npmjs.org/@vitest/snapshot/-/snapshot-3.2.7.tgz attempt 1 failed with EAI_AGAIN
1886 http fetch GET https://registry.npmjs.org/@vitest/runner/-/runner-3.2.7.tgz attempt 1 failed with EAI_AGAIN
1887 http fetch GET https://registry.npmjs.org/@vitest/pretty-format/-/pretty-format-3.2.7.tgz attempt 1 failed with EAI_AGAIN
1888 http fetch GET https://registry.npmjs.org/@vitest/mocker/-/mocker-3.2.7.tgz attempt 1 failed with EAI_AGAIN
1889 http fetch GET https://registry.npmjs.org/@vitest/expect/-/expect-3.2.7.tgz attempt 1 failed with EAI_AGAIN
1890 http fetch GET https://registry.npmjs.org/@vitejs/plugin-react/-/plugin-react-4.7.0.tgz attempt 1 failed with EAI_AGAIN
1891 http fetch GET https://registry.npmjs.org/@ungap/structured-clone/-/structured-clone-1.3.3.tgz attempt 1 failed with EAI_AGAIN
1892 http fetch GET https://registry.npmjs.org/@types/validate-npm-package-name/-/validate-npm-package-name-4.0.2.tgz attempt 1 failed with EAI_AGAIN
1893 http fetch GET https://registry.npmjs.org/@types/use-sync-external-store/-/use-sync-external-store-0.0.6.tgz attempt 1 failed with EAI_AGAIN
1894 http fetch GET https://registry.npmjs.org/@types/unist/-/unist-3.0.3.tgz attempt 1 failed with EAI_AGAIN
1895 http fetch GET https://registry.npmjs.org/@types/react-dom/-/react-dom-18.3.7.tgz attempt 1 failed with EAI_AGAIN
1896 http fetch GET https://registry.npmjs.org/@types/react/-/react-18.3.31.tgz attempt 1 failed with EAI_AGAIN
1897 http fetch GET https://registry.npmjs.org/@types/prop-types/-/prop-types-15.7.15.tgz attempt 1 failed with EAI_AGAIN
1898 http fetch GET https://registry.npmjs.org/@types/node/-/node-22.20.1.tgz attempt 1 failed with EAI_AGAIN
1899 http fetch GET https://registry.npmjs.org/@types/ms/-/ms-2.1.0.tgz attempt 1 failed with EAI_AGAIN
1900 http fetch GET https://registry.npmjs.org/@types/mdast/-/mdast-4.0.4.tgz attempt 1 failed with EAI_AGAIN
1901 http fetch GET https://registry.npmjs.org/@types/hast/-/hast-3.0.5.tgz attempt 1 failed with EAI_AGAIN
1902 http fetch GET https://registry.npmjs.org/@types/estree-jsx/-/estree-jsx-1.0.5.tgz attempt 1 failed with EAI_AGAIN
1903 http fetch GET https://registry.npmjs.org/@types/estree/-/estree-1.0.9.tgz attempt 1 failed with EAI_AGAIN
1904 http fetch GET https://registry.npmjs.org/@types/deep-eql/-/deep-eql-4.0.2.tgz attempt 1 failed with EAI_AGAIN
1905 http fetch GET https://registry.npmjs.org/@types/debug/-/debug-4.1.13.tgz attempt 1 failed with EAI_AGAIN
1906 http fetch GET https://registry.npmjs.org/@types/d3-zoom/-/d3-zoom-3.0.8.tgz attempt 1 failed with EAI_AGAIN
1907 http fetch GET https://registry.npmjs.org/@types/d3-transition/-/d3-transition-3.0.9.tgz attempt 1 failed with EAI_AGAIN
1908 http fetch GET https://registry.npmjs.org/@types/d3-timer/-/d3-timer-3.0.2.tgz attempt 1 failed with EAI_AGAIN
1909 http fetch GET https://registry.npmjs.org/@types/d3-time/-/d3-time-3.0.4.tgz attempt 1 failed with EAI_AGAIN
1910 http fetch GET https://registry.npmjs.org/@types/d3-shape/-/d3-shape-3.1.8.tgz attempt 1 failed with EAI_AGAIN
1911 http fetch GET https://registry.npmjs.org/@types/d3-selection/-/d3-selection-3.0.11.tgz attempt 1 failed with EAI_AGAIN
1912 http fetch GET https://registry.npmjs.org/@types/d3-scale/-/d3-scale-4.0.9.tgz attempt 1 failed with EAI_AGAIN
1913 http fetch GET https://registry.npmjs.org/@types/d3-path/-/d3-path-3.1.1.tgz attempt 1 failed with EAI_AGAIN
1914 http fetch GET https://registry.npmjs.org/@types/d3-interpolate/-/d3-interpolate-3.0.4.tgz attempt 1 failed with EAI_AGAIN
1915 http fetch GET https://registry.npmjs.org/@types/d3-force/-/d3-force-3.0.10.tgz attempt 1 failed with EAI_AGAIN
1916 http fetch GET https://registry.npmjs.org/@types/d3-ease/-/d3-ease-3.0.2.tgz attempt 1 failed with EAI_AGAIN
1917 http fetch GET https://registry.npmjs.org/@types/d3-drag/-/d3-drag-3.0.7.tgz attempt 1 failed with EAI_AGAIN
1918 http fetch GET https://registry.npmjs.org/@types/d3-color/-/d3-color-3.1.3.tgz attempt 1 failed with EAI_AGAIN
1919 http fetch GET https://registry.npmjs.org/@types/d3-array/-/d3-array-3.2.2.tgz attempt 1 failed with EAI_AGAIN
1920 http fetch GET https://registry.npmjs.org/@types/chai/-/chai-5.2.3.tgz attempt 1 failed with EAI_AGAIN
1921 http fetch GET https://registry.npmjs.org/@types/babel__traverse/-/babel__traverse-7.28.0.tgz attempt 1 failed with EAI_AGAIN
1922 http fetch GET https://registry.npmjs.org/@types/babel__template/-/babel__template-7.4.4.tgz attempt 1 failed with EAI_AGAIN
1923 http fetch GET https://registry.npmjs.org/@types/babel__generator/-/babel__generator-7.27.0.tgz attempt 1 failed with EAI_AGAIN
1924 http fetch GET https://registry.npmjs.org/@types/babel__core/-/babel__core-7.20.5.tgz attempt 1 failed with EAI_AGAIN
1925 http fetch GET https://registry.npmjs.org/@ts-morph/common/-/common-0.27.0.tgz attempt 1 failed with EAI_AGAIN
1926 http fetch GET https://registry.npmjs.org/@tauri-apps/cli-linux-x64-musl/-/cli-linux-x64-musl-2.11.4.tgz attempt 1 failed with EAI_AGAIN
1927 http fetch GET https://registry.npmjs.org/@tauri-apps/cli-linux-x64-gnu/-/cli-linux-x64-gnu-2.11.4.tgz attempt 1 failed with EAI_AGAIN
1928 http fetch GET https://registry.npmjs.org/@tauri-apps/cli/-/cli-2.11.4.tgz attempt 1 failed with EAI_AGAIN
1929 http fetch GET https://registry.npmjs.org/@tauri-apps/api/-/api-2.11.1.tgz attempt 1 failed with EAI_AGAIN
1930 http fetch GET https://registry.npmjs.org/@tailwindcss/vite/-/vite-4.3.2.tgz attempt 1 failed with EAI_AGAIN
1931 http fetch GET https://registry.npmjs.org/@tailwindcss/typography/-/typography-0.5.20.tgz attempt 1 failed with EAI_AGAIN
1932 http fetch GET https://registry.npmjs.org/@tailwindcss/oxide-linux-x64-musl/-/oxide-linux-x64-musl-4.3.2.tgz attempt 1 failed with EAI_AGAIN
1933 http fetch GET https://registry.npmjs.org/@tailwindcss/oxide-linux-x64-gnu/-/oxide-linux-x64-gnu-4.3.2.tgz attempt 1 failed with EAI_AGAIN
1934 http fetch GET https://registry.npmjs.org/@tailwindcss/oxide/-/oxide-4.3.2.tgz attempt 1 failed with EAI_AGAIN
1935 http fetch GET https://registry.npmjs.org/@tailwindcss/node/-/node-4.3.2.tgz attempt 1 failed with EAI_AGAIN
1936 http fetch GET https://registry.npmjs.org/@standard-schema/utils/-/utils-0.3.0.tgz attempt 1 failed with EAI_AGAIN
1937 http fetch GET https://registry.npmjs.org/@standard-schema/spec/-/spec-1.1.0.tgz attempt 1 failed with EAI_AGAIN
1938 http fetch GET https://registry.npmjs.org/@sindresorhus/merge-streams/-/merge-streams-4.0.0.tgz attempt 1 failed with EAI_AGAIN
1939 http fetch GET https://registry.npmjs.org/@sec-ant/readable-stream/-/readable-stream-0.4.1.tgz attempt 1 failed with EAI_AGAIN
1940 http fetch GET https://registry.npmjs.org/@rollup/rollup-linux-x64-musl/-/rollup-linux-x64-musl-4.62.2.tgz attempt 1 failed with EAI_AGAIN
1941 http fetch GET https://registry.npmjs.org/@rollup/rollup-linux-x64-gnu/-/rollup-linux-x64-gnu-4.62.2.tgz attempt 1 failed with EAI_AGAIN
1942 http fetch GET https://registry.npmjs.org/@rolldown/pluginutils/-/pluginutils-1.0.0-beta.27.tgz attempt 1 failed with EAI_AGAIN
1943 http fetch GET https://registry.npmjs.org/@reduxjs/toolkit/-/toolkit-2.12.0.tgz attempt 1 failed with EAI_AGAIN
1944 http fetch GET https://registry.npmjs.org/@radix-ui/rect/-/rect-1.1.3.tgz attempt 1 failed with EAI_AGAIN
1945 http fetch GET https://registry.npmjs.org/@radix-ui/react-visually-hidden/-/react-visually-hidden-1.2.11.tgz attempt 1 failed with EAI_AGAIN
1946 http fetch GET https://registry.npmjs.org/@radix-ui/react-use-size/-/react-use-size-1.1.4.tgz attempt 1 failed with EAI_AGAIN
1947 http fetch GET https://registry.npmjs.org/@radix-ui/react-use-rect/-/react-use-rect-1.1.4.tgz attempt 1 failed with EAI_AGAIN
1948 http fetch GET https://registry.npmjs.org/@radix-ui/react-use-previous/-/react-use-previous-1.1.4.tgz attempt 1 failed with EAI_AGAIN
1949 http fetch GET https://registry.npmjs.org/@radix-ui/react-use-layout-effect/-/react-use-layout-effect-1.1.4.tgz attempt 1 failed with EAI_AGAIN
1950 http fetch GET https://registry.npmjs.org/@radix-ui/react-use-is-hydrated/-/react-use-is-hydrated-0.1.3.tgz attempt 1 failed with EAI_AGAIN
1951 http fetch GET https://registry.npmjs.org/@radix-ui/react-use-escape-keydown/-/react-use-escape-keydown-1.1.5.tgz attempt 1 failed with EAI_AGAIN
1952 http fetch GET https://registry.npmjs.org/@radix-ui/react-use-effect-event/-/react-use-effect-event-0.0.5.tgz attempt 1 failed with EAI_AGAIN
1953 http fetch GET https://registry.npmjs.org/@radix-ui/react-use-controllable-state/-/react-use-controllable-state-1.2.6.tgz attempt 1 failed with EAI_AGAIN
1954 http fetch GET https://registry.npmjs.org/@radix-ui/react-use-callback-ref/-/react-use-callback-ref-1.1.4.tgz attempt 1 failed with EAI_AGAIN
1955 http fetch GET https://registry.npmjs.org/@radix-ui/react-tooltip/-/react-tooltip-1.2.16.tgz attempt 1 failed with EAI_AGAIN
1956 http fetch GET https://registry.npmjs.org/@radix-ui/react-toolbar/-/react-toolbar-1.1.19.tgz attempt 1 failed with EAI_AGAIN
1957 http fetch GET https://registry.npmjs.org/@radix-ui/react-toggle-group/-/react-toggle-group-1.1.19.tgz attempt 1 failed with EAI_AGAIN
1958 http fetch GET https://registry.npmjs.org/@radix-ui/react-toggle/-/react-toggle-1.1.18.tgz attempt 1 failed with EAI_AGAIN
1959 http fetch GET https://registry.npmjs.org/@radix-ui/react-toast/-/react-toast-1.2.23.tgz attempt 1 failed with EAI_AGAIN
1960 http fetch GET https://registry.npmjs.org/@radix-ui/react-tabs/-/react-tabs-1.1.21.tgz attempt 1 failed with EAI_AGAIN
1961 http fetch GET https://registry.npmjs.org/@radix-ui/react-slot/-/react-slot-1.3.3.tgz attempt 1 failed with EAI_AGAIN
1962 http fetch GET https://registry.npmjs.org/@radix-ui/react-switch/-/react-switch-1.3.7.tgz attempt 1 failed with EAI_AGAIN
1963 http fetch GET https://registry.npmjs.org/@radix-ui/react-slider/-/react-slider-1.4.7.tgz attempt 1 failed with EAI_AGAIN
1964 http fetch GET https://registry.npmjs.org/@radix-ui/react-scroll-area/-/react-scroll-area-1.2.18.tgz attempt 1 failed with EAI_AGAIN
1965 http fetch GET https://registry.npmjs.org/@radix-ui/react-separator/-/react-separator-1.1.15.tgz attempt 1 failed with EAI_AGAIN
1966 http fetch GET https://registry.npmjs.org/@radix-ui/react-select/-/react-select-2.3.7.tgz attempt 1 failed with EAI_AGAIN
1967 http fetch GET https://registry.npmjs.org/@radix-ui/react-roving-focus/-/react-roving-focus-1.1.19.tgz attempt 1 failed with EAI_AGAIN
1968 http fetch GET https://registry.npmjs.org/@radix-ui/react-radio-group/-/react-radio-group-1.4.7.tgz attempt 1 failed with EAI_AGAIN
1969 http fetch GET https://registry.npmjs.org/@radix-ui/react-progress/-/react-progress-1.1.16.tgz attempt 1 failed with EAI_AGAIN
1970 http fetch GET https://registry.npmjs.org/@radix-ui/react-primitive/-/react-primitive-2.1.10.tgz attempt 1 failed with EAI_AGAIN
1971 http fetch GET https://registry.npmjs.org/@radix-ui/react-portal/-/react-portal-1.1.17.tgz attempt 1 failed with EAI_AGAIN
1972 http fetch GET https://registry.npmjs.org/@radix-ui/react-presence/-/react-presence-1.1.10.tgz attempt 1 failed with EAI_AGAIN
1973 http fetch GET https://registry.npmjs.org/@radix-ui/react-popper/-/react-popper-1.3.7.tgz attempt 1 failed with EAI_AGAIN
1974 http fetch GET https://registry.npmjs.org/@radix-ui/react-popover/-/react-popover-1.1.23.tgz attempt 1 failed with EAI_AGAIN
1975 http fetch GET https://registry.npmjs.org/@radix-ui/react-password-toggle-field/-/react-password-toggle-field-0.1.11.tgz attempt 1 failed with EAI_AGAIN
1976 http fetch GET https://registry.npmjs.org/@radix-ui/react-navigation-menu/-/react-navigation-menu-1.2.22.tgz attempt 1 failed with EAI_AGAIN
1977 http fetch GET https://registry.npmjs.org/@radix-ui/react-one-time-password-field/-/react-one-time-password-field-0.1.16.tgz attempt 1 failed with EAI_AGAIN
1978 http fetch GET https://registry.npmjs.org/@radix-ui/react-menubar/-/react-menubar-1.1.24.tgz attempt 1 failed with EAI_AGAIN
1979 http fetch GET https://registry.npmjs.org/@radix-ui/react-menu/-/react-menu-2.1.24.tgz attempt 1 failed with EAI_AGAIN
1980 http fetch GET https://registry.npmjs.org/@radix-ui/react-label/-/react-label-2.1.15.tgz attempt 1 failed with EAI_AGAIN
1981 http fetch GET https://registry.npmjs.org/@radix-ui/react-id/-/react-id-1.1.4.tgz attempt 1 failed with EAI_AGAIN
1982 http fetch GET https://registry.npmjs.org/@radix-ui/react-hover-card/-/react-hover-card-1.1.23.tgz attempt 1 failed with EAI_AGAIN
1983 http fetch GET https://registry.npmjs.org/@radix-ui/react-form/-/react-form-0.1.16.tgz attempt 1 failed with EAI_AGAIN
1984 http fetch GET https://registry.npmjs.org/@radix-ui/react-focus-scope/-/react-focus-scope-1.1.16.tgz attempt 1 failed with EAI_AGAIN
1985 http fetch GET https://registry.npmjs.org/@radix-ui/react-focus-guards/-/react-focus-guards-1.1.6.tgz attempt 1 failed with EAI_AGAIN
1986 http fetch GET https://registry.npmjs.org/@radix-ui/react-dropdown-menu/-/react-dropdown-menu-2.1.24.tgz attempt 1 failed with EAI_AGAIN
1987 http fetch GET https://registry.npmjs.org/@radix-ui/react-dismissable-layer/-/react-dismissable-layer-1.1.19.tgz attempt 1 failed with EAI_AGAIN
1988 http fetch GET https://registry.npmjs.org/@radix-ui/react-direction/-/react-direction-1.1.4.tgz attempt 1 failed with EAI_AGAIN
1989 http fetch GET https://registry.npmjs.org/@radix-ui/react-dialog/-/react-dialog-1.1.23.tgz attempt 1 failed with EAI_AGAIN
1990 http fetch GET https://registry.npmjs.org/@radix-ui/react-context-menu/-/react-context-menu-2.3.7.tgz attempt 1 failed with EAI_AGAIN
1991 http fetch GET https://registry.npmjs.org/@radix-ui/react-compose-refs/-/react-compose-refs-1.1.5.tgz attempt 1 failed with EAI_AGAIN
1992 http fetch GET https://registry.npmjs.org/@radix-ui/react-context/-/react-context-1.2.2.tgz attempt 1 failed with EAI_AGAIN
1993 http fetch GET https://registry.npmjs.org/@radix-ui/react-collection/-/react-collection-1.1.15.tgz attempt 1 failed with EAI_AGAIN
1994 http fetch GET https://registry.npmjs.org/@radix-ui/react-collapsible/-/react-collapsible-1.1.20.tgz attempt 1 failed with EAI_AGAIN
1995 http fetch GET https://registry.npmjs.org/@radix-ui/react-checkbox/-/react-checkbox-1.3.11.tgz attempt 1 failed with EAI_AGAIN
1996 http fetch GET https://registry.npmjs.org/@radix-ui/react-avatar/-/react-avatar-1.2.6.tgz attempt 1 failed with EAI_AGAIN
1997 http fetch GET https://registry.npmjs.org/@radix-ui/react-aspect-ratio/-/react-aspect-ratio-1.1.15.tgz attempt 1 failed with EAI_AGAIN
1998 http fetch GET https://registry.npmjs.org/@radix-ui/react-arrow/-/react-arrow-1.1.15.tgz attempt 1 failed with EAI_AGAIN
1999 http fetch GET https://registry.npmjs.org/@radix-ui/react-alert-dialog/-/react-alert-dialog-1.1.23.tgz attempt 1 failed with EAI_AGAIN
2000 http fetch GET https://registry.npmjs.org/@radix-ui/react-accordion/-/react-accordion-1.2.20.tgz attempt 1 failed with EAI_AGAIN
2001 http fetch GET https://registry.npmjs.org/@radix-ui/react-accessible-icon/-/react-accessible-icon-1.1.15.tgz attempt 1 failed with EAI_AGAIN
2002 http fetch GET https://registry.npmjs.org/@radix-ui/primitive/-/primitive-1.1.7.tgz attempt 1 failed with EAI_AGAIN
2003 http fetch GET https://registry.npmjs.org/@radix-ui/number/-/number-1.1.3.tgz attempt 1 failed with EAI_AGAIN
2004 http fetch GET https://registry.npmjs.org/@playwright/test/-/test-1.61.1.tgz attempt 1 failed with EAI_AGAIN
2005 http fetch GET https://registry.npmjs.org/@nodelib/fs.walk/-/fs.walk-1.2.8.tgz attempt 1 failed with EAI_AGAIN
2006 http fetch GET https://registry.npmjs.org/@nodelib/fs.stat/-/fs.stat-2.0.5.tgz attempt 1 failed with EAI_AGAIN
2007 http fetch GET https://registry.npmjs.org/@nodelib/fs.scandir/-/fs.scandir-2.1.5.tgz attempt 1 failed with EAI_AGAIN
2008 http fetch GET https://registry.npmjs.org/@modelcontextprotocol/sdk/-/sdk-1.29.0.tgz attempt 1 failed with EAI_AGAIN
2009 http fetch GET https://registry.npmjs.org/@jridgewell/trace-mapping/-/trace-mapping-0.3.31.tgz attempt 1 failed with EAI_AGAIN
2010 http fetch GET https://registry.npmjs.org/@jridgewell/sourcemap-codec/-/sourcemap-codec-1.5.5.tgz attempt 1 failed with EAI_AGAIN
2011 http fetch GET https://registry.npmjs.org/@jridgewell/resolve-uri/-/resolve-uri-3.1.2.tgz attempt 1 failed with EAI_AGAIN
2012 http fetch GET https://registry.npmjs.org/@jridgewell/remapping/-/remapping-2.3.5.tgz attempt 1 failed with EAI_AGAIN
2013 http fetch GET https://registry.npmjs.org/@jridgewell/gen-mapping/-/gen-mapping-0.3.13.tgz attempt 1 failed with EAI_AGAIN
2014 http fetch GET https://registry.npmjs.org/@gilbarbara/types/-/types-0.2.2.tgz attempt 1 failed with EAI_AGAIN
2015 http fetch GET https://registry.npmjs.org/@gilbarbara/hooks/-/hooks-0.11.0.tgz attempt 1 failed with EAI_AGAIN
2016 http fetch GET https://registry.npmjs.org/@gilbarbara/deep-equal/-/deep-equal-0.4.1.tgz attempt 1 failed with EAI_AGAIN
2017 http fetch GET https://registry.npmjs.org/@hono/node-server/-/node-server-1.19.14.tgz attempt 1 failed with EAI_AGAIN
2018 http fetch GET https://registry.npmjs.org/@fontsource-variable/geist-mono/-/geist-mono-5.3.0.tgz attempt 1 failed with EAI_AGAIN
2019 http fetch GET https://registry.npmjs.org/@fontsource-variable/geist/-/geist-5.2.9.tgz attempt 1 failed with EAI_AGAIN
2020 http fetch GET https://registry.npmjs.org/@floating-ui/utils/-/utils-0.2.12.tgz attempt 1 failed with EAI_AGAIN
2021 http fetch GET https://registry.npmjs.org/@floating-ui/react-dom/-/react-dom-2.1.9.tgz attempt 1 failed with EAI_AGAIN
2022 http fetch GET https://registry.npmjs.org/@floating-ui/dom/-/dom-1.8.0.tgz attempt 1 failed with EAI_AGAIN
2023 http fetch GET https://registry.npmjs.org/@floating-ui/core/-/core-1.8.0.tgz attempt 1 failed with EAI_AGAIN
2024 http fetch GET https://registry.npmjs.org/@fastify/deepmerge/-/deepmerge-3.2.1.tgz attempt 1 failed with EAI_AGAIN
2025 http fetch GET https://registry.npmjs.org/@esbuild/linux-x64/-/linux-x64-0.21.5.tgz attempt 1 failed with EAI_AGAIN
2026 http fetch GET https://registry.npmjs.org/@dotenvx/primitives/-/primitives-0.8.0.tgz attempt 1 failed with EAI_AGAIN
2027 http fetch GET https://registry.npmjs.org/@dotenvx/dotenvx/-/dotenvx-1.75.1.tgz attempt 1 failed with EAI_AGAIN
2028 http fetch GET https://registry.npmjs.org/@csstools/css-tokenizer/-/css-tokenizer-4.0.0.tgz attempt 1 failed with EAI_AGAIN
2029 http fetch GET https://registry.npmjs.org/@csstools/css-syntax-patches-for-csstree/-/css-syntax-patches-for-csstree-1.1.7.tgz attempt 1 failed with EAI_AGAIN
2030 http fetch GET https://registry.npmjs.org/@csstools/css-parser-algorithms/-/css-parser-algorithms-4.0.0.tgz attempt 1 failed with EAI_AGAIN
2031 http fetch GET https://registry.npmjs.org/@csstools/css-color-parser/-/css-color-parser-4.1.10.tgz attempt 1 failed with EAI_AGAIN
2032 http fetch GET https://registry.npmjs.org/@csstools/css-calc/-/css-calc-3.3.0.tgz attempt 1 failed with EAI_AGAIN
2033 http fetch GET https://registry.npmjs.org/@csstools/color-helpers/-/color-helpers-6.1.0.tgz attempt 1 failed with EAI_AGAIN
2034 http fetch GET https://registry.npmjs.org/@base-ui/utils/-/utils-0.3.1.tgz attempt 1 failed with EAI_AGAIN
2035 http fetch GET https://registry.npmjs.org/@base-ui/react/-/react-1.6.0.tgz attempt 1 failed with EAI_AGAIN
2036 http fetch GET https://registry.npmjs.org/@babel/types/-/types-7.29.7.tgz attempt 1 failed with EAI_AGAIN
2037 http fetch GET https://registry.npmjs.org/@babel/traverse/-/traverse-7.29.7.tgz attempt 1 failed with EAI_AGAIN
2038 http fetch GET https://registry.npmjs.org/@babel/template/-/template-7.29.7.tgz attempt 1 failed with EAI_AGAIN
2039 http fetch GET https://registry.npmjs.org/@babel/runtime/-/runtime-7.29.7.tgz attempt 1 failed with EAI_AGAIN
2040 http fetch GET https://registry.npmjs.org/@babel/preset-typescript/-/preset-typescript-7.29.7.tgz attempt 1 failed with EAI_AGAIN
2041 http fetch GET https://registry.npmjs.org/@babel/plugin-transform-typescript/-/plugin-transform-typescript-7.29.7.tgz attempt 1 failed with EAI_AGAIN
2042 http fetch GET https://registry.npmjs.org/@babel/plugin-transform-react-jsx-source/-/plugin-transform-react-jsx-source-7.29.7.tgz attempt 1 failed with EAI_AGAIN
2043 http fetch GET https://registry.npmjs.org/@babel/plugin-transform-react-jsx-self/-/plugin-transform-react-jsx-self-7.29.7.tgz attempt 1 failed with EAI_AGAIN
2044 http fetch GET https://registry.npmjs.org/@babel/plugin-transform-modules-commonjs/-/plugin-transform-modules-commonjs-7.29.7.tgz attempt 1 failed with EAI_AGAIN
2045 http fetch GET https://registry.npmjs.org/@babel/plugin-syntax-typescript/-/plugin-syntax-typescript-7.29.7.tgz attempt 1 failed with EAI_AGAIN
2046 http fetch GET https://registry.npmjs.org/@babel/plugin-syntax-jsx/-/plugin-syntax-jsx-7.29.7.tgz attempt 1 failed with EAI_AGAIN
2047 http fetch GET https://registry.npmjs.org/@babel/parser/-/parser-7.29.7.tgz attempt 1 failed with EAI_AGAIN
2048 http fetch GET https://registry.npmjs.org/@babel/helpers/-/helpers-7.29.7.tgz attempt 1 failed with EAI_AGAIN
2049 http fetch GET https://registry.npmjs.org/@babel/helper-validator-option/-/helper-validator-option-7.29.7.tgz attempt 1 failed with EAI_AGAIN
2050 http fetch GET https://registry.npmjs.org/@babel/helper-validator-identifier/-/helper-validator-identifier-7.29.7.tgz attempt 1 failed with EAI_AGAIN
2051 http fetch GET https://registry.npmjs.org/@babel/helper-string-parser/-/helper-string-parser-7.29.7.tgz attempt 1 failed with EAI_AGAIN
2052 http fetch GET https://registry.npmjs.org/@babel/helper-skip-transparent-expression-wrappers/-/helper-skip-transparent-expression-wrappers-7.29.7.tgz attempt 1 failed with EAI_AGAIN
2053 http fetch GET https://registry.npmjs.org/@babel/helper-replace-supers/-/helper-replace-supers-7.29.7.tgz attempt 1 failed with EAI_AGAIN
2054 http fetch GET https://registry.npmjs.org/@babel/helper-plugin-utils/-/helper-plugin-utils-7.29.7.tgz attempt 1 failed with EAI_AGAIN
2055 http fetch GET https://registry.npmjs.org/@babel/helper-optimise-call-expression/-/helper-optimise-call-expression-7.29.7.tgz attempt 1 failed with EAI_AGAIN
2056 http fetch GET https://registry.npmjs.org/@babel/helper-module-transforms/-/helper-module-transforms-7.29.7.tgz attempt 1 failed with EAI_AGAIN
2057 http fetch GET https://registry.npmjs.org/@babel/helper-module-imports/-/helper-module-imports-7.29.7.tgz attempt 1 failed with EAI_AGAIN
2058 http fetch GET https://registry.npmjs.org/@babel/helper-member-expression-to-functions/-/helper-member-expression-to-functions-7.29.7.tgz attempt 1 failed with EAI_AGAIN
2059 http fetch GET https://registry.npmjs.org/@babel/helper-globals/-/helper-globals-7.29.7.tgz attempt 1 failed with EAI_AGAIN
2060 http fetch GET https://registry.npmjs.org/@babel/helper-create-class-features-plugin/-/helper-create-class-features-plugin-7.29.7.tgz attempt 1 failed with EAI_AGAIN
2061 http fetch GET https://registry.npmjs.org/@babel/helper-compilation-targets/-/helper-compilation-targets-7.29.7.tgz attempt 1 failed with EAI_AGAIN
2062 http fetch GET https://registry.npmjs.org/@babel/helper-annotate-as-pure/-/helper-annotate-as-pure-7.29.7.tgz attempt 1 failed with EAI_AGAIN
2063 http fetch GET https://registry.npmjs.org/@babel/generator/-/generator-7.29.7.tgz attempt 1 failed with EAI_AGAIN
2064 http fetch GET https://registry.npmjs.org/@babel/core/-/core-7.29.7.tgz attempt 1 failed with EAI_AGAIN
2065 http fetch GET https://registry.npmjs.org/@babel/compat-data/-/compat-data-7.29.7.tgz attempt 1 failed with EAI_AGAIN
2066 http fetch GET https://registry.npmjs.org/@babel/code-frame/-/code-frame-7.29.7.tgz attempt 1 failed with EAI_AGAIN
2067 http fetch GET https://registry.npmjs.org/@assistant-ui/tap/-/tap-0.9.14.tgz attempt 1 failed with EAI_AGAIN
2068 http fetch GET https://registry.npmjs.org/@assistant-ui/store/-/store-0.3.10.tgz attempt 1 failed with EAI_AGAIN
2069 http fetch GET https://registry.npmjs.org/@assistant-ui/react/-/react-0.15.16.tgz attempt 1 failed with EAI_AGAIN
2070 http fetch GET https://registry.npmjs.org/@asamuzakjp/nwsapi/-/nwsapi-2.3.9.tgz attempt 1 failed with EAI_AGAIN
2071 http fetch GET https://registry.npmjs.org/@asamuzakjp/dom-selector/-/dom-selector-6.8.1.tgz attempt 1 failed with EAI_AGAIN
2072 http fetch GET https://registry.npmjs.org/@asamuzakjp/css-color/-/css-color-4.1.2.tgz attempt 1 failed with EAI_AGAIN
2073 http fetch GET https://registry.npmjs.org/content-type/-/content-type-2.0.0.tgz attempt 1 failed with EAI_AGAIN
2074 http fetch GET https://registry.npmjs.org/js-tokens/-/js-tokens-9.0.1.tgz attempt 1 failed with EAI_AGAIN
2075 http fetch GET https://registry.npmjs.org/iconv-lite/-/iconv-lite-0.6.3.tgz attempt 1 failed with EAI_AGAIN
2076 http fetch GET https://registry.npmjs.org/is-obj/-/is-obj-3.0.0.tgz attempt 1 failed with EAI_AGAIN
2077 http fetch GET https://registry.npmjs.org/strip-ansi/-/strip-ansi-7.2.0.tgz attempt 1 failed with EAI_AGAIN
2078 http fetch GET https://registry.npmjs.org/ansi-regex/-/ansi-regex-6.2.2.tgz attempt 1 failed with EAI_AGAIN
2079 http fetch GET https://registry.npmjs.org/onetime/-/onetime-7.0.0.tgz attempt 1 failed with EAI_AGAIN
2080 http fetch GET https://registry.npmjs.org/reselect/-/reselect-5.1.1.tgz attempt 1 failed with EAI_AGAIN
2081 http fetch GET https://registry.npmjs.org/kleur/-/kleur-3.0.3.tgz attempt 1 failed with EAI_AGAIN
2082 http fetch GET https://registry.npmjs.org/@types/unist/-/unist-2.0.11.tgz attempt 1 failed with EAI_AGAIN
2083 http fetch GET https://registry.npmjs.org/strip-ansi/-/strip-ansi-7.2.0.tgz attempt 1 failed with EAI_AGAIN
2084 http fetch GET https://registry.npmjs.org/ansi-regex/-/ansi-regex-6.2.2.tgz attempt 1 failed with EAI_AGAIN
2085 http fetch GET https://registry.npmjs.org/mimic-fn/-/mimic-fn-2.1.0.tgz attempt 1 failed with EAI_AGAIN
2086 http fetch GET https://registry.npmjs.org/path-key/-/path-key-4.0.0.tgz attempt 1 failed with EAI_AGAIN
2087 http fetch GET https://registry.npmjs.org/picomatch/-/picomatch-2.3.2.tgz attempt 1 failed with EAI_AGAIN
2088 http fetch GET https://registry.npmjs.org/is-unicode-supported/-/is-unicode-supported-1.3.0.tgz attempt 1 failed with EAI_AGAIN
2089 http fetch GET https://registry.npmjs.org/whatwg-mimetype/-/whatwg-mimetype-5.0.0.tgz attempt 1 failed with EAI_AGAIN
2090 http fetch GET https://registry.npmjs.org/lru-cache/-/lru-cache-11.5.2.tgz attempt 1 failed with EAI_AGAIN
2091 http fetch GET https://registry.npmjs.org/which/-/which-2.0.2.tgz attempt 1 failed with EAI_AGAIN
2092 http fetch GET https://registry.npmjs.org/isexe/-/isexe-2.0.0.tgz attempt 1 failed with EAI_AGAIN
2093 http fetch GET https://registry.npmjs.org/semver/-/semver-7.8.5.tgz attempt 1 failed with EAI_AGAIN
2094 http fetch GET https://registry.npmjs.org/json-schema-typed/-/json-schema-typed-7.0.3.tgz attempt 1 failed with EAI_AGAIN
2095 http fetch GET https://registry.npmjs.org/ajv-formats/-/ajv-formats-2.1.1.tgz attempt 1 failed with EAI_AGAIN
2096 http fetch GET https://registry.npmjs.org/nanoid/-/nanoid-6.0.1.tgz attempt 1 failed with EAI_AGAIN
2097 http fetch GET https://registry.npmjs.org/content-type/-/content-type-2.0.0.tgz attempt 1 failed with EAI_AGAIN
2098 http fetch GET https://registry.npmjs.org/postcss-selector-parser/-/postcss-selector-parser-6.0.10.tgz attempt 1 failed with EAI_AGAIN
2099 http fetch GET https://registry.npmjs.org/immer/-/immer-11.1.11.tgz attempt 1 failed with EAI_AGAIN
2100 http fetch GET https://registry.npmjs.org/strip-final-newline/-/strip-final-newline-2.0.0.tgz attempt 1 failed with EAI_AGAIN
2101 http fetch GET https://registry.npmjs.org/signal-exit/-/signal-exit-3.0.7.tgz attempt 1 failed with EAI_AGAIN
2102 http fetch GET https://registry.npmjs.org/open/-/open-8.4.2.tgz attempt 1 failed with EAI_AGAIN
2103 http fetch GET https://registry.npmjs.org/npm-run-path/-/npm-run-path-4.0.1.tgz attempt 1 failed with EAI_AGAIN
2104 http fetch GET https://registry.npmjs.org/is-wsl/-/is-wsl-2.2.0.tgz attempt 1 failed with EAI_AGAIN
2105 http fetch GET https://registry.npmjs.org/is-stream/-/is-stream-2.0.1.tgz attempt 1 failed with EAI_AGAIN
2106 http fetch GET https://registry.npmjs.org/is-docker/-/is-docker-2.2.1.tgz attempt 1 failed with EAI_AGAIN
2107 http fetch GET https://registry.npmjs.org/human-signals/-/human-signals-2.1.0.tgz attempt 1 failed with EAI_AGAIN
2108 http fetch GET https://registry.npmjs.org/get-stream/-/get-stream-6.0.1.tgz attempt 1 failed with EAI_AGAIN
2109 http fetch GET https://registry.npmjs.org/execa/-/execa-5.1.1.tgz attempt 1 failed with EAI_AGAIN
2110 http fetch GET https://registry.npmjs.org/define-lazy-prop/-/define-lazy-prop-2.0.0.tgz attempt 1 failed with EAI_AGAIN
2111 http fetch GET https://registry.npmjs.org/commander/-/commander-11.1.0.tgz attempt 1 failed with EAI_AGAIN
2112 http fetch GET https://registry.npmjs.org/zustand/-/zustand-5.0.15.tgz attempt 1 failed with EAI_AGAIN
2113 http fetch GET https://registry.npmjs.org/zod/-/zod-4.4.3.tgz attempt 1 failed with EAI_AGAIN
2114 http fetch GET https://registry.npmjs.org/nanoid/-/nanoid-6.0.1.tgz attempt 1 failed with EAI_AGAIN
2115 http fetch GET https://registry.npmjs.org/lru-cache/-/lru-cache-11.5.2.tgz attempt 1 failed with EAI_AGAIN
2116 http fetch GET https://registry.npmjs.org/lru-cache/-/lru-cache-11.5.2.tgz attempt 1 failed with EAI_AGAIN
2117 http fetch GET https://registry.npmjs.org/@assistant-ui/core/-/core-0.3.15.tgz attempt 1 failed with EAI_AGAIN
2118 http fetch GET https://registry.npmjs.org/npm attempt 2 failed with EAI_AGAIN
2119 http fetch GET https://registry.npmjs.org/zwitch/-/zwitch-2.0.4.tgz attempt 2 failed with EAI_AGAIN
2120 http fetch GET https://registry.npmjs.org/zustand/-/zustand-4.5.7.tgz attempt 2 failed with EAI_AGAIN
2121 http fetch GET https://registry.npmjs.org/zod-to-json-schema/-/zod-to-json-schema-3.25.2.tgz attempt 2 failed with EAI_AGAIN
2122 http fetch GET https://registry.npmjs.org/zod/-/zod-3.25.76.tgz attempt 2 failed with EAI_AGAIN
2123 http fetch GET https://registry.npmjs.org/yoctocolors/-/yoctocolors-2.1.2.tgz attempt 2 failed with EAI_AGAIN
2124 http fetch GET https://registry.npmjs.org/yocto-spinner/-/yocto-spinner-1.2.1.tgz attempt 2 failed with EAI_AGAIN
2125 http fetch GET https://registry.npmjs.org/yallist/-/yallist-3.1.1.tgz attempt 2 failed with EAI_AGAIN
2126 http fetch GET https://registry.npmjs.org/xmlchars/-/xmlchars-2.2.0.tgz attempt 2 failed with EAI_AGAIN
2127 http fetch GET https://registry.npmjs.org/xml-name-validator/-/xml-name-validator-5.0.0.tgz attempt 2 failed with EAI_AGAIN
2128 http fetch GET https://registry.npmjs.org/wsl-utils/-/wsl-utils-0.3.1.tgz attempt 2 failed with EAI_AGAIN
2129 http fetch GET https://registry.npmjs.org/ws/-/ws-8.21.2.tgz attempt 2 failed with EAI_AGAIN
2130 http fetch GET https://registry.npmjs.org/wrappy/-/wrappy-1.0.2.tgz attempt 2 failed with EAI_AGAIN
2131 http fetch GET https://registry.npmjs.org/why-is-node-running/-/why-is-node-running-2.3.0.tgz attempt 2 failed with EAI_AGAIN
2132 http fetch GET https://registry.npmjs.org/which/-/which-4.0.0.tgz attempt 2 failed with EAI_AGAIN
2133 http fetch GET https://registry.npmjs.org/whatwg-url/-/whatwg-url-15.1.0.tgz attempt 2 failed with EAI_AGAIN
2134 http fetch GET https://registry.npmjs.org/whatwg-mimetype/-/whatwg-mimetype-4.0.0.tgz attempt 2 failed with EAI_AGAIN
2135 http fetch GET https://registry.npmjs.org/whatwg-encoding/-/whatwg-encoding-3.1.1.tgz attempt 2 failed with EAI_AGAIN
2136 http fetch GET https://registry.npmjs.org/webidl-conversions/-/webidl-conversions-8.0.1.tgz attempt 2 failed with EAI_AGAIN
2137 http fetch GET https://registry.npmjs.org/w3c-xmlserializer/-/w3c-xmlserializer-5.0.0.tgz attempt 2 failed with EAI_AGAIN
2138 http fetch GET https://registry.npmjs.org/vitest/-/vitest-3.2.7.tgz attempt 2 failed with EAI_AGAIN
2139 http fetch GET https://registry.npmjs.org/vite-node/-/vite-node-3.2.4.tgz attempt 2 failed with EAI_AGAIN
2140 http fetch GET https://registry.npmjs.org/vite/-/vite-5.4.21.tgz attempt 2 failed with EAI_AGAIN
2141 http fetch GET https://registry.npmjs.org/victory-vendor/-/victory-vendor-37.3.6.tgz attempt 2 failed with EAI_AGAIN
2142 http fetch GET https://registry.npmjs.org/vfile-message/-/vfile-message-4.0.3.tgz attempt 2 failed with EAI_AGAIN
2143 http fetch GET https://registry.npmjs.org/vfile/-/vfile-6.0.3.tgz attempt 2 failed with EAI_AGAIN
2144 http fetch GET https://registry.npmjs.org/vary/-/vary-1.1.2.tgz attempt 2 failed with EAI_AGAIN
2145 http fetch GET https://registry.npmjs.org/validate-npm-package-name/-/validate-npm-package-name-7.0.2.tgz attempt 2 failed with EAI_AGAIN
2146 http fetch GET https://registry.npmjs.org/util-deprecate/-/util-deprecate-1.0.2.tgz attempt 2 failed with EAI_AGAIN
2147 http fetch GET https://registry.npmjs.org/use-sync-external-store/-/use-sync-external-store-1.6.0.tgz attempt 2 failed with EAI_AGAIN
2148 http fetch GET https://registry.npmjs.org/use-sidecar/-/use-sidecar-1.1.3.tgz attempt 2 failed with EAI_AGAIN
2149 http fetch GET https://registry.npmjs.org/use-latest/-/use-latest-1.3.0.tgz attempt 2 failed with EAI_AGAIN
2150 http fetch GET https://registry.npmjs.org/use-isomorphic-layout-effect/-/use-isomorphic-layout-effect-1.2.1.tgz attempt 2 failed with EAI_AGAIN
2151 http fetch GET https://registry.npmjs.org/use-composed-ref/-/use-composed-ref-1.4.0.tgz attempt 2 failed with EAI_AGAIN
2152 http fetch GET https://registry.npmjs.org/use-callback-ref/-/use-callback-ref-1.3.3.tgz attempt 2 failed with EAI_AGAIN
2153 http fetch GET https://registry.npmjs.org/update-browserslist-db/-/update-browserslist-db-1.2.3.tgz attempt 2 failed with EAI_AGAIN
2154 http fetch GET https://registry.npmjs.org/unpipe/-/unpipe-1.0.0.tgz attempt 2 failed with EAI_AGAIN
2155 http fetch GET https://registry.npmjs.org/universalify/-/universalify-2.0.1.tgz attempt 2 failed with EAI_AGAIN
2156 http fetch GET https://registry.npmjs.org/unist-util-visit-parents/-/unist-util-visit-parents-6.0.2.tgz attempt 2 failed with EAI_AGAIN
2157 http fetch GET https://registry.npmjs.org/unist-util-visit/-/unist-util-visit-5.1.0.tgz attempt 2 failed with EAI_AGAIN
2158 http fetch GET https://registry.npmjs.org/unist-util-stringify-position/-/unist-util-stringify-position-4.0.0.tgz attempt 2 failed with EAI_AGAIN
2159 http fetch GET https://registry.npmjs.org/unist-util-position/-/unist-util-position-5.0.0.tgz attempt 2 failed with EAI_AGAIN
2160 http fetch GET https://registry.npmjs.org/unist-util-is/-/unist-util-is-6.0.1.tgz attempt 2 failed with EAI_AGAIN
2161 http fetch GET https://registry.npmjs.org/unified/-/unified-11.0.5.tgz attempt 2 failed with EAI_AGAIN
2162 http fetch GET https://registry.npmjs.org/unicorn-magic/-/unicorn-magic-0.3.0.tgz attempt 2 failed with EAI_AGAIN
2163 http fetch GET https://registry.npmjs.org/undici-types/-/undici-types-6.21.0.tgz attempt 2 failed with EAI_AGAIN
2164 http fetch GET https://registry.npmjs.org/undici/-/undici-7.28.0.tgz attempt 2 failed with EAI_AGAIN
2165 http fetch GET https://registry.npmjs.org/typescript/-/typescript-5.9.3.tgz attempt 2 failed with EAI_AGAIN
2166 http fetch GET https://registry.npmjs.org/type-is/-/type-is-2.1.0.tgz attempt 2 failed with EAI_AGAIN
2167 http fetch GET https://registry.npmjs.org/type-fest/-/type-fest-4.41.0.tgz attempt 2 failed with EAI_AGAIN
2168 http fetch GET https://registry.npmjs.org/tw-animate-css/-/tw-animate-css-1.4.0.tgz attempt 2 failed with EAI_AGAIN
2169 http fetch GET https://registry.npmjs.org/tslib/-/tslib-2.8.1.tgz attempt 2 failed with EAI_AGAIN
2170 http fetch GET https://registry.npmjs.org/tsconfig-paths/-/tsconfig-paths-4.2.0.tgz attempt 2 failed with EAI_AGAIN
2171 http fetch GET https://registry.npmjs.org/ts-morph/-/ts-morph-26.0.0.tgz attempt 2 failed with EAI_AGAIN
2172 http fetch GET https://registry.npmjs.org/trough/-/trough-2.2.0.tgz attempt 2 failed with EAI_AGAIN
2173 http fetch GET https://registry.npmjs.org/trim-lines/-/trim-lines-3.0.1.tgz attempt 2 failed with EAI_AGAIN
2174 http fetch GET https://registry.npmjs.org/tr46/-/tr46-6.0.0.tgz attempt 2 failed with EAI_AGAIN
2175 http fetch GET https://registry.npmjs.org/tough-cookie/-/tough-cookie-6.0.2.tgz attempt 2 failed with EAI_AGAIN
2176 http fetch GET https://registry.npmjs.org/toidentifier/-/toidentifier-1.0.1.tgz attempt 2 failed with EAI_AGAIN
2177 http fetch GET https://registry.npmjs.org/to-regex-range/-/to-regex-range-5.0.1.tgz attempt 2 failed with EAI_AGAIN
2178 http fetch GET https://registry.npmjs.org/tldts/-/tldts-7.4.10.tgz attempt 2 failed with EAI_AGAIN
2179 http fetch GET https://registry.npmjs.org/tldts-core/-/tldts-core-7.4.10.tgz attempt 2 failed with EAI_AGAIN
2180 http fetch GET https://registry.npmjs.org/tinyspy/-/tinyspy-4.0.4.tgz attempt 2 failed with EAI_AGAIN
2181 http fetch GET https://registry.npmjs.org/tinyrainbow/-/tinyrainbow-2.0.0.tgz attempt 2 failed with EAI_AGAIN
2182 http fetch GET https://registry.npmjs.org/tinypool/-/tinypool-1.1.1.tgz attempt 2 failed with EAI_AGAIN
2183 http fetch GET https://registry.npmjs.org/tinyexec/-/tinyexec-0.3.2.tgz attempt 2 failed with EAI_AGAIN
2184 http fetch GET https://registry.npmjs.org/tinybench/-/tinybench-2.9.0.tgz attempt 2 failed with EAI_AGAIN
2185 http fetch GET https://registry.npmjs.org/tinyglobby/-/tinyglobby-0.2.17.tgz attempt 2 failed with EAI_AGAIN
2186 http fetch GET https://registry.npmjs.org/tiny-invariant/-/tiny-invariant-1.3.3.tgz attempt 2 failed with EAI_AGAIN
2187 http fetch GET https://registry.npmjs.org/tapable/-/tapable-2.3.3.tgz attempt 2 failed with EAI_AGAIN
2188 http fetch GET https://registry.npmjs.org/tailwindcss/-/tailwindcss-4.3.2.tgz attempt 2 failed with EAI_AGAIN
2189 http fetch GET https://registry.npmjs.org/tailwind-merge/-/tailwind-merge-3.6.0.tgz attempt 2 failed with EAI_AGAIN
2190 http fetch GET https://registry.npmjs.org/systeminformation/-/systeminformation-5.31.17.tgz attempt 2 failed with EAI_AGAIN
2191 http fetch GET https://registry.npmjs.org/symbol-tree/-/symbol-tree-3.2.4.tgz attempt 2 failed with EAI_AGAIN
2192 http fetch GET https://registry.npmjs.org/style-to-object/-/style-to-object-1.0.14.tgz attempt 2 failed with EAI_AGAIN
2193 http fetch GET https://registry.npmjs.org/style-to-js/-/style-to-js-1.1.21.tgz attempt 2 failed with EAI_AGAIN
2194 http fetch GET https://registry.npmjs.org/strip-final-newline/-/strip-final-newline-4.0.0.tgz attempt 2 failed with EAI_AGAIN
2195 http fetch GET https://registry.npmjs.org/strip-literal/-/strip-literal-3.1.0.tgz attempt 2 failed with EAI_AGAIN
2196 http fetch GET https://registry.npmjs.org/strip-bom/-/strip-bom-3.0.0.tgz attempt 2 failed with EAI_AGAIN
2197 http fetch GET https://registry.npmjs.org/strip-ansi/-/strip-ansi-6.0.1.tgz attempt 2 failed with EAI_AGAIN
2198 http fetch GET https://registry.npmjs.org/stringify-object/-/stringify-object-5.0.0.tgz attempt 2 failed with EAI_AGAIN
2199 http fetch GET https://registry.npmjs.org/stringify-entities/-/stringify-entities-4.0.4.tgz attempt 2 failed with EAI_AGAIN
2200 http fetch GET https://registry.npmjs.org/string-width/-/string-width-7.2.0.tgz attempt 2 failed with EAI_AGAIN
2201 http fetch GET https://registry.npmjs.org/stdin-discarder/-/stdin-discarder-0.2.2.tgz attempt 2 failed with EAI_AGAIN
2202 http fetch GET https://registry.npmjs.org/std-env/-/std-env-3.10.0.tgz attempt 2 failed with EAI_AGAIN
2203 http fetch GET https://registry.npmjs.org/statuses/-/statuses-2.0.2.tgz attempt 2 failed with EAI_AGAIN
2204 http fetch GET https://registry.npmjs.org/space-separated-tokens/-/space-separated-tokens-2.0.2.tgz attempt 2 failed with EAI_AGAIN
2205 http fetch GET https://registry.npmjs.org/stackback/-/stackback-0.0.2.tgz attempt 2 failed with EAI_AGAIN
2206 http fetch GET https://registry.npmjs.org/source-map-js/-/source-map-js-1.2.1.tgz attempt 2 failed with EAI_AGAIN
2207 http fetch GET https://registry.npmjs.org/sonner/-/sonner-2.0.7.tgz attempt 2 failed with EAI_AGAIN
2208 http fetch GET https://registry.npmjs.org/source-map/-/source-map-0.6.1.tgz attempt 2 failed with EAI_AGAIN
2209 http fetch GET https://registry.npmjs.org/sisteransi/-/sisteransi-1.0.5.tgz attempt 2 failed with EAI_AGAIN
2210 http fetch GET https://registry.npmjs.org/signal-exit/-/signal-exit-4.1.0.tgz attempt 2 failed with EAI_AGAIN
2211 http fetch GET https://registry.npmjs.org/side-channel-weakmap/-/side-channel-weakmap-1.0.2.tgz attempt 2 failed with EAI_AGAIN
2212 http fetch GET https://registry.npmjs.org/siginfo/-/siginfo-2.0.0.tgz attempt 2 failed with EAI_AGAIN
2213 http fetch GET https://registry.npmjs.org/side-channel-map/-/side-channel-map-1.0.1.tgz attempt 2 failed with EAI_AGAIN
2214 http fetch GET https://registry.npmjs.org/side-channel-list/-/side-channel-list-1.0.1.tgz attempt 2 failed with EAI_AGAIN
2215 http fetch GET https://registry.npmjs.org/side-channel/-/side-channel-1.1.1.tgz attempt 2 failed with EAI_AGAIN
2216 http fetch GET https://registry.npmjs.org/shebang-regex/-/shebang-regex-3.0.0.tgz attempt 2 failed with EAI_AGAIN
2217 http fetch GET https://registry.npmjs.org/shebang-command/-/shebang-command-2.0.0.tgz attempt 2 failed with EAI_AGAIN
2218 http fetch GET https://registry.npmjs.org/shadcn/-/shadcn-4.13.0.tgz attempt 2 failed with EAI_AGAIN
2219 http fetch GET https://registry.npmjs.org/setprototypeof/-/setprototypeof-1.2.0.tgz attempt 2 failed with EAI_AGAIN
2220 http fetch GET https://registry.npmjs.org/serve-static/-/serve-static-2.2.1.tgz attempt 2 failed with EAI_AGAIN
2221 http fetch GET https://registry.npmjs.org/send/-/send-1.2.1.tgz attempt 2 failed with EAI_AGAIN
2222 http fetch GET https://registry.npmjs.org/semver/-/semver-6.3.1.tgz attempt 2 failed with EAI_AGAIN
2223 http fetch GET https://registry.npmjs.org/secure-json-parse/-/secure-json-parse-4.1.0.tgz attempt 2 failed with EAI_AGAIN
2224 http fetch GET https://registry.npmjs.org/scrollparent/-/scrollparent-2.1.0.tgz attempt 2 failed with EAI_AGAIN
2225 http fetch GET https://registry.npmjs.org/scroll/-/scroll-3.0.1.tgz attempt 2 failed with EAI_AGAIN
2226 http fetch GET https://registry.npmjs.org/scheduler/-/scheduler-0.23.2.tgz attempt 2 failed with EAI_AGAIN
2227 http fetch GET https://registry.npmjs.org/saxes/-/saxes-6.0.0.tgz attempt 2 failed with EAI_AGAIN
2228 http fetch GET https://registry.npmjs.org/safer-buffer/-/safer-buffer-2.1.2.tgz attempt 2 failed with EAI_AGAIN
2229 http fetch GET https://registry.npmjs.org/safe-content-frame/-/safe-content-frame-0.0.27.tgz attempt 2 failed with EAI_AGAIN
2230 http fetch GET https://registry.npmjs.org/run-parallel/-/run-parallel-1.2.0.tgz attempt 2 failed with EAI_AGAIN
2231 http fetch GET https://registry.npmjs.org/run-applescript/-/run-applescript-7.1.0.tgz attempt 2 failed with EAI_AGAIN
2232 http fetch GET https://registry.npmjs.org/rrweb-cssom/-/rrweb-cssom-0.8.0.tgz attempt 2 failed with EAI_AGAIN
2233 http fetch GET https://registry.npmjs.org/router/-/router-2.2.0.tgz attempt 2 failed with EAI_AGAIN
2234 http fetch GET https://registry.npmjs.org/rollup/-/rollup-4.62.2.tgz attempt 2 failed with EAI_AGAIN
2235 http fetch GET https://registry.npmjs.org/reusify/-/reusify-1.1.0.tgz attempt 2 failed with EAI_AGAIN
2236 http fetch GET https://registry.npmjs.org/restore-cursor/-/restore-cursor-5.1.0.tgz attempt 2 failed with EAI_AGAIN
2237 http fetch GET https://registry.npmjs.org/resolve-from/-/resolve-from-4.0.0.tgz attempt 2 failed with EAI_AGAIN
2238 http fetch GET https://registry.npmjs.org/reselect/-/reselect-5.2.0.tgz attempt 2 failed with EAI_AGAIN
2239 http fetch GET https://registry.npmjs.org/require-from-string/-/require-from-string-2.0.2.tgz attempt 2 failed with EAI_AGAIN
2240 http fetch GET https://registry.npmjs.org/remark-stringify/-/remark-stringify-11.0.0.tgz attempt 2 failed with EAI_AGAIN
2241 http fetch GET https://registry.npmjs.org/remark-rehype/-/remark-rehype-11.1.2.tgz attempt 2 failed with EAI_AGAIN
2242 http fetch GET https://registry.npmjs.org/remark-parse/-/remark-parse-11.0.0.tgz attempt 2 failed with EAI_AGAIN
2243 http fetch GET https://registry.npmjs.org/remark-gfm/-/remark-gfm-4.0.1.tgz attempt 2 failed with EAI_AGAIN
2244 http fetch GET https://registry.npmjs.org/redux-thunk/-/redux-thunk-3.1.0.tgz attempt 2 failed with EAI_AGAIN
2245 http fetch GET https://registry.npmjs.org/redux/-/redux-5.0.1.tgz attempt 2 failed with EAI_AGAIN
2246 http fetch GET https://registry.npmjs.org/recharts/-/recharts-3.8.0.tgz attempt 2 failed with EAI_AGAIN
2247 http fetch GET https://registry.npmjs.org/recast/-/recast-0.23.12.tgz attempt 2 failed with EAI_AGAIN
2248 http fetch GET https://registry.npmjs.org/react-textarea-autosize/-/react-textarea-autosize-8.5.9.tgz attempt 2 failed with EAI_AGAIN
2249 http fetch GET https://registry.npmjs.org/react-style-singleton/-/react-style-singleton-2.2.3.tgz attempt 2 failed with EAI_AGAIN
2250 http fetch GET https://registry.npmjs.org/react-remove-scroll-bar/-/react-remove-scroll-bar-2.3.8.tgz attempt 2 failed with EAI_AGAIN
2251 http fetch GET https://registry.npmjs.org/react-remove-scroll/-/react-remove-scroll-2.7.2.tgz attempt 2 failed with EAI_AGAIN
2252 http fetch GET https://registry.npmjs.org/react-refresh/-/react-refresh-0.17.0.tgz attempt 2 failed with EAI_AGAIN
2253 http fetch GET https://registry.npmjs.org/react-redux/-/react-redux-9.3.0.tgz attempt 2 failed with EAI_AGAIN
2254 http fetch GET https://registry.npmjs.org/react-markdown/-/react-markdown-10.1.0.tgz attempt 2 failed with EAI_AGAIN
2255 http fetch GET https://registry.npmjs.org/react-joyride/-/react-joyride-3.2.0.tgz attempt 2 failed with EAI_AGAIN
2256 http fetch GET https://registry.npmjs.org/react-is/-/react-is-19.2.7.tgz attempt 2 failed with EAI_AGAIN
2257 http fetch GET https://registry.npmjs.org/react-innertext/-/react-innertext-1.1.5.tgz attempt 2 failed with EAI_AGAIN
2258 http fetch GET https://registry.npmjs.org/react-dom/-/react-dom-18.3.1.tgz attempt 2 failed with EAI_AGAIN
2259 http fetch GET https://registry.npmjs.org/react/-/react-18.3.1.tgz attempt 2 failed with EAI_AGAIN
2260 http fetch GET https://registry.npmjs.org/raw-body/-/raw-body-3.0.2.tgz attempt 2 failed with EAI_AGAIN
2261 http fetch GET https://registry.npmjs.org/range-parser/-/range-parser-1.3.0.tgz attempt 2 failed with EAI_AGAIN
2262 http fetch GET https://registry.npmjs.org/radix-ui/-/radix-ui-1.6.7.tgz attempt 2 failed with EAI_AGAIN
2263 http fetch GET https://registry.npmjs.org/queue-microtask/-/queue-microtask-1.2.3.tgz attempt 2 failed with EAI_AGAIN
2264 http fetch GET https://registry.npmjs.org/qs/-/qs-6.15.3.tgz attempt 2 failed with EAI_AGAIN
2265 http fetch GET https://registry.npmjs.org/punycode/-/punycode-2.3.1.tgz attempt 2 failed with EAI_AGAIN
2266 http fetch GET https://registry.npmjs.org/proxy-addr/-/proxy-addr-2.0.7.tgz attempt 2 failed with EAI_AGAIN
2267 http fetch GET https://registry.npmjs.org/property-information/-/property-information-7.2.0.tgz attempt 2 failed with EAI_AGAIN
2268 http fetch GET https://registry.npmjs.org/prompts/-/prompts-2.4.2.tgz attempt 2 failed with EAI_AGAIN
2269 http fetch GET https://registry.npmjs.org/pretty-ms/-/pretty-ms-9.3.0.tgz attempt 2 failed with EAI_AGAIN
2270 http fetch GET https://registry.npmjs.org/powershell-utils/-/powershell-utils-0.1.0.tgz attempt 2 failed with EAI_AGAIN
2271 http fetch GET https://registry.npmjs.org/postcss-selector-parser/-/postcss-selector-parser-7.1.4.tgz attempt 2 failed with EAI_AGAIN
2272 http fetch GET https://registry.npmjs.org/postcss/-/postcss-8.5.16.tgz attempt 2 failed with EAI_AGAIN
2273 http fetch GET https://registry.npmjs.org/playwright-core/-/playwright-core-1.61.1.tgz attempt 2 failed with EAI_AGAIN
2274 http fetch GET https://registry.npmjs.org/playwright/-/playwright-1.61.1.tgz attempt 2 failed with EAI_AGAIN
2275 http fetch GET https://registry.npmjs.org/pkg-up/-/pkg-up-3.1.0.tgz attempt 2 failed with EAI_AGAIN
2276 http fetch GET https://registry.npmjs.org/pkce-challenge/-/pkce-challenge-5.0.1.tgz attempt 2 failed with EAI_AGAIN
2277 http fetch GET https://registry.npmjs.org/picomatch/-/picomatch-4.0.5.tgz attempt 2 failed with EAI_AGAIN
2278 http fetch GET https://registry.npmjs.org/picocolors/-/picocolors-1.1.1.tgz attempt 2 failed with EAI_AGAIN
2279 http fetch GET https://registry.npmjs.org/pathval/-/pathval-2.0.1.tgz attempt 2 failed with EAI_AGAIN
2280 http fetch GET https://registry.npmjs.org/pathe/-/pathe-2.0.3.tgz attempt 2 failed with EAI_AGAIN
2281 http fetch GET https://registry.npmjs.org/path-to-regexp/-/path-to-regexp-8.4.2.tgz attempt 2 failed with EAI_AGAIN
2282 http fetch GET https://registry.npmjs.org/path-key/-/path-key-3.1.1.tgz attempt 2 failed with EAI_AGAIN
2283 http fetch GET https://registry.npmjs.org/path-exists/-/path-exists-3.0.0.tgz attempt 2 failed with EAI_AGAIN
2284 http fetch GET https://registry.npmjs.org/path-browserify/-/path-browserify-1.0.1.tgz attempt 2 failed with EAI_AGAIN
2285 http fetch GET https://registry.npmjs.org/parseurl/-/parseurl-1.3.3.tgz attempt 2 failed with EAI_AGAIN
2286 http fetch GET https://registry.npmjs.org/parse5/-/parse5-8.0.1.tgz attempt 2 failed with EAI_AGAIN
2287 http fetch GET https://registry.npmjs.org/parse-ms/-/parse-ms-4.0.0.tgz attempt 2 failed with EAI_AGAIN
2288 http fetch GET https://registry.npmjs.org/parse-json/-/parse-json-5.2.0.tgz attempt 2 failed with EAI_AGAIN
2289 http fetch GET https://registry.npmjs.org/parse-entities/-/parse-entities-4.0.2.tgz attempt 2 failed with EAI_AGAIN
2290 http fetch GET https://registry.npmjs.org/parent-module/-/parent-module-1.0.1.tgz attempt 2 failed with EAI_AGAIN
2291 http fetch GET https://registry.npmjs.org/p-try/-/p-try-2.2.0.tgz attempt 2 failed with EAI_AGAIN
2292 http fetch GET https://registry.npmjs.org/p-locate/-/p-locate-3.0.0.tgz attempt 2 failed with EAI_AGAIN
2293 http fetch GET https://registry.npmjs.org/p-limit/-/p-limit-2.3.0.tgz attempt 2 failed with EAI_AGAIN
2294 http fetch GET https://registry.npmjs.org/ora/-/ora-8.2.0.tgz attempt 2 failed with EAI_AGAIN
2295 http fetch GET https://registry.npmjs.org/open/-/open-11.0.0.tgz attempt 2 failed with EAI_AGAIN
2296 http fetch GET https://registry.npmjs.org/onetime/-/onetime-5.1.2.tgz attempt 2 failed with EAI_AGAIN
2297 http fetch GET https://registry.npmjs.org/once/-/once-1.4.0.tgz attempt 2 failed with EAI_AGAIN
2298 http fetch GET https://registry.npmjs.org/object-treeify/-/object-treeify-1.1.33.tgz attempt 2 failed with EAI_AGAIN
2299 http fetch GET https://registry.npmjs.org/on-finished/-/on-finished-2.4.1.tgz attempt 2 failed with EAI_AGAIN
2300 http fetch GET https://registry.npmjs.org/object-inspect/-/object-inspect-1.13.4.tgz attempt 2 failed with EAI_AGAIN
2301 http fetch GET https://registry.npmjs.org/object-assign/-/object-assign-4.1.1.tgz attempt 2 failed with EAI_AGAIN
2302 http fetch GET https://registry.npmjs.org/npm-run-path/-/npm-run-path-6.0.0.tgz attempt 2 failed with EAI_AGAIN
2303 http fetch GET https://registry.npmjs.org/node-releases/-/node-releases-2.0.51.tgz attempt 2 failed with EAI_AGAIN
2304 http fetch GET https://registry.npmjs.org/next-themes/-/next-themes-0.4.6.tgz attempt 2 failed with EAI_AGAIN
2305 http fetch GET https://registry.npmjs.org/negotiator/-/negotiator-1.0.0.tgz attempt 2 failed with EAI_AGAIN
2306 http fetch GET https://registry.npmjs.org/nanoid/-/nanoid-3.3.15.tgz attempt 2 failed with EAI_AGAIN
2307 http fetch GET https://registry.npmjs.org/ms/-/ms-2.1.3.tgz attempt 2 failed with EAI_AGAIN
2308 http fetch GET https://registry.npmjs.org/minimist/-/minimist-1.2.8.tgz attempt 2 failed with EAI_AGAIN
2309 http fetch GET https://registry.npmjs.org/minimatch/-/minimatch-10.2.5.tgz attempt 2 failed with EAI_AGAIN
2310 http fetch GET https://registry.npmjs.org/mimic-function/-/mimic-function-5.0.1.tgz attempt 2 failed with EAI_AGAIN
2311 http fetch GET https://registry.npmjs.org/mime-types/-/mime-types-3.0.2.tgz attempt 2 failed with EAI_AGAIN
2312 http fetch GET https://registry.npmjs.org/mime-db/-/mime-db-1.54.0.tgz attempt 2 failed with EAI_AGAIN
2313 http fetch GET https://registry.npmjs.org/mimic-fn/-/mimic-fn-3.1.0.tgz attempt 2 failed with EAI_AGAIN
2314 http fetch GET https://registry.npmjs.org/micromark-util-types/-/micromark-util-types-2.0.2.tgz attempt 2 failed with EAI_AGAIN
2315 http fetch GET https://registry.npmjs.org/micromark-util-symbol/-/micromark-util-symbol-2.0.1.tgz attempt 2 failed with EAI_AGAIN
2316 http fetch GET https://registry.npmjs.org/micromatch/-/micromatch-4.0.8.tgz attempt 2 failed with EAI_AGAIN
2317 http fetch GET https://registry.npmjs.org/micromark-util-subtokenize/-/micromark-util-subtokenize-2.1.0.tgz attempt 2 failed with EAI_AGAIN
2318 http fetch GET https://registry.npmjs.org/micromark-util-sanitize-uri/-/micromark-util-sanitize-uri-2.0.1.tgz attempt 2 failed with EAI_AGAIN
2319 http fetch GET https://registry.npmjs.org/micromark-util-resolve-all/-/micromark-util-resolve-all-2.0.1.tgz attempt 2 failed with EAI_AGAIN
2320 http fetch GET https://registry.npmjs.org/micromark-util-normalize-identifier/-/micromark-util-normalize-identifier-2.0.1.tgz attempt 2 failed with EAI_AGAIN
2321 http fetch GET https://registry.npmjs.org/micromark-util-html-tag-name/-/micromark-util-html-tag-name-2.0.1.tgz attempt 2 failed with EAI_AGAIN
2322 http fetch GET https://registry.npmjs.org/micromark-util-encode/-/micromark-util-encode-2.0.1.tgz attempt 2 failed with EAI_AGAIN
2323 http fetch GET https://registry.npmjs.org/micromark-util-decode-string/-/micromark-util-decode-string-2.0.1.tgz attempt 2 failed with EAI_AGAIN
2324 http fetch GET https://registry.npmjs.org/micromark-util-decode-numeric-character-reference/-/micromark-util-decode-numeric-character-reference-2.0.2.tgz attempt 2 failed with EAI_AGAIN
2325 http fetch GET https://registry.npmjs.org/micromark-util-combine-extensions/-/micromark-util-combine-extensions-2.0.1.tgz attempt 2 failed with EAI_AGAIN
2326 http fetch GET https://registry.npmjs.org/micromark-util-classify-character/-/micromark-util-classify-character-2.0.1.tgz attempt 2 failed with EAI_AGAIN
2327 http fetch GET https://registry.npmjs.org/micromark-util-chunked/-/micromark-util-chunked-2.0.1.tgz attempt 2 failed with EAI_AGAIN
2328 http fetch GET https://registry.npmjs.org/micromark-util-character/-/micromark-util-character-2.1.1.tgz attempt 2 failed with EAI_AGAIN
2329 http fetch GET https://registry.npmjs.org/micromark-factory-whitespace/-/micromark-factory-whitespace-2.0.1.tgz attempt 2 failed with EAI_AGAIN
2330 http fetch GET https://registry.npmjs.org/micromark-factory-title/-/micromark-factory-title-2.0.1.tgz attempt 2 failed with EAI_AGAIN
2331 http fetch GET https://registry.npmjs.org/micromark-factory-space/-/micromark-factory-space-2.0.1.tgz attempt 2 failed with EAI_AGAIN
2332 http fetch GET https://registry.npmjs.org/micromark-factory-label/-/micromark-factory-label-2.0.1.tgz attempt 2 failed with EAI_AGAIN
2333 http fetch GET https://registry.npmjs.org/micromark-factory-destination/-/micromark-factory-destination-2.0.1.tgz attempt 2 failed with EAI_AGAIN
2334 http fetch GET https://registry.npmjs.org/micromark-extension-gfm-task-list-item/-/micromark-extension-gfm-task-list-item-2.1.0.tgz attempt 2 failed with EAI_AGAIN
2335 http fetch GET https://registry.npmjs.org/micromark-extension-gfm-tagfilter/-/micromark-extension-gfm-tagfilter-2.0.0.tgz attempt 2 failed with EAI_AGAIN
2336 http fetch GET https://registry.npmjs.org/micromark-extension-gfm-table/-/micromark-extension-gfm-table-2.1.1.tgz attempt 2 failed with EAI_AGAIN
2337 http fetch GET https://registry.npmjs.org/micromark-extension-gfm-strikethrough/-/micromark-extension-gfm-strikethrough-2.1.0.tgz attempt 2 failed with EAI_AGAIN
2338 http fetch GET https://registry.npmjs.org/micromark-extension-gfm-footnote/-/micromark-extension-gfm-footnote-2.1.0.tgz attempt 2 failed with EAI_AGAIN
2339 http fetch GET https://registry.npmjs.org/micromark-extension-gfm-autolink-literal/-/micromark-extension-gfm-autolink-literal-2.1.0.tgz attempt 2 failed with EAI_AGAIN
2340 http fetch GET https://registry.npmjs.org/micromark-core-commonmark/-/micromark-core-commonmark-2.0.3.tgz attempt 2 failed with EAI_AGAIN
2341 http fetch GET https://registry.npmjs.org/micromark-extension-gfm/-/micromark-extension-gfm-3.0.0.tgz attempt 2 failed with EAI_AGAIN
2342 http fetch GET https://registry.npmjs.org/micromark/-/micromark-4.0.2.tgz attempt 2 failed with EAI_AGAIN
2343 http fetch GET https://registry.npmjs.org/merge2/-/merge2-1.4.1.tgz attempt 2 failed with EAI_AGAIN
2344 http fetch GET https://registry.npmjs.org/merge-stream/-/merge-stream-2.0.0.tgz attempt 2 failed with EAI_AGAIN
2345 http fetch GET https://registry.npmjs.org/merge-descriptors/-/merge-descriptors-2.0.0.tgz attempt 2 failed with EAI_AGAIN
2346 http fetch GET https://registry.npmjs.org/media-typer/-/media-typer-1.1.0.tgz attempt 2 failed with EAI_AGAIN
2347 http fetch GET https://registry.npmjs.org/mdn-data/-/mdn-data-2.27.1.tgz attempt 2 failed with EAI_AGAIN
2348 http fetch GET https://registry.npmjs.org/mdast-util-to-string/-/mdast-util-to-string-4.0.0.tgz attempt 2 failed with EAI_AGAIN
2349 http fetch GET https://registry.npmjs.org/mdast-util-to-markdown/-/mdast-util-to-markdown-2.1.2.tgz attempt 2 failed with EAI_AGAIN
2350 http fetch GET https://registry.npmjs.org/mdast-util-to-hast/-/mdast-util-to-hast-13.2.1.tgz attempt 2 failed with EAI_AGAIN
2351 http fetch GET https://registry.npmjs.org/mdast-util-phrasing/-/mdast-util-phrasing-4.1.0.tgz attempt 2 failed with EAI_AGAIN
2352 http fetch GET https://registry.npmjs.org/mdast-util-mdxjs-esm/-/mdast-util-mdxjs-esm-2.0.1.tgz attempt 2 failed with EAI_AGAIN
2353 http fetch GET https://registry.npmjs.org/mdast-util-mdx-jsx/-/mdast-util-mdx-jsx-3.2.0.tgz attempt 2 failed with EAI_AGAIN
2354 http fetch GET https://registry.npmjs.org/mdast-util-mdx-expression/-/mdast-util-mdx-expression-2.0.1.tgz attempt 2 failed with EAI_AGAIN
2355 http fetch GET https://registry.npmjs.org/mdast-util-gfm-task-list-item/-/mdast-util-gfm-task-list-item-2.0.0.tgz attempt 2 failed with EAI_AGAIN
2356 http fetch GET https://registry.npmjs.org/mdast-util-gfm-table/-/mdast-util-gfm-table-2.0.0.tgz attempt 2 failed with EAI_AGAIN
2357 http fetch GET https://registry.npmjs.org/mdast-util-gfm-strikethrough/-/mdast-util-gfm-strikethrough-2.0.0.tgz attempt 2 failed with EAI_AGAIN
2358 http fetch GET https://registry.npmjs.org/mdast-util-gfm-footnote/-/mdast-util-gfm-footnote-2.1.0.tgz attempt 2 failed with EAI_AGAIN
2359 http fetch GET https://registry.npmjs.org/mdast-util-gfm-autolink-literal/-/mdast-util-gfm-autolink-literal-2.0.1.tgz attempt 2 failed with EAI_AGAIN
2360 http fetch GET https://registry.npmjs.org/mdast-util-gfm/-/mdast-util-gfm-3.1.0.tgz attempt 2 failed with EAI_AGAIN
2361 http fetch GET https://registry.npmjs.org/mdast-util-from-markdown/-/mdast-util-from-markdown-2.0.3.tgz attempt 2 failed with EAI_AGAIN
2362 http fetch GET https://registry.npmjs.org/mdast-util-find-and-replace/-/mdast-util-find-and-replace-3.0.2.tgz attempt 2 failed with EAI_AGAIN
2363 http fetch GET https://registry.npmjs.org/math-intrinsics/-/math-intrinsics-1.1.0.tgz attempt 2 failed with EAI_AGAIN
2364 http fetch GET https://registry.npmjs.org/markdown-table/-/markdown-table-3.0.4.tgz attempt 2 failed with EAI_AGAIN
2365 http fetch GET https://registry.npmjs.org/magic-string/-/magic-string-0.30.21.tgz attempt 2 failed with EAI_AGAIN
2366 http fetch GET https://registry.npmjs.org/lucide-react/-/lucide-react-1.24.0.tgz attempt 2 failed with EAI_AGAIN
2367 http fetch GET https://registry.npmjs.org/lru-cache/-/lru-cache-5.1.1.tgz attempt 2 failed with EAI_AGAIN
2368 http fetch GET https://registry.npmjs.org/loupe/-/loupe-3.2.1.tgz attempt 2 failed with EAI_AGAIN
2369 http fetch GET https://registry.npmjs.org/loose-envify/-/loose-envify-1.4.0.tgz attempt 2 failed with EAI_AGAIN
2370 http fetch GET https://registry.npmjs.org/longest-streak/-/longest-streak-3.1.0.tgz attempt 2 failed with EAI_AGAIN
2371 http fetch GET https://registry.npmjs.org/log-symbols/-/log-symbols-6.0.0.tgz attempt 2 failed with EAI_AGAIN
2372 http fetch GET https://registry.npmjs.org/locate-path/-/locate-path-3.0.0.tgz attempt 2 failed with EAI_AGAIN
2373 http fetch GET https://registry.npmjs.org/lines-and-columns/-/lines-and-columns-1.2.4.tgz attempt 2 failed with EAI_AGAIN
2374 http fetch GET https://registry.npmjs.org/lightningcss-linux-x64-musl/-/lightningcss-linux-x64-musl-1.32.0.tgz attempt 2 failed with EAI_AGAIN
2375 http fetch GET https://registry.npmjs.org/lightningcss-linux-x64-gnu/-/lightningcss-linux-x64-gnu-1.32.0.tgz attempt 2 failed with EAI_AGAIN
2376 http fetch GET https://registry.npmjs.org/lightningcss/-/lightningcss-1.32.0.tgz attempt 2 failed with EAI_AGAIN
2377 http fetch GET https://registry.npmjs.org/kleur/-/kleur-4.1.5.tgz attempt 2 failed with EAI_AGAIN
2378 http fetch GET https://registry.npmjs.org/jsonfile/-/jsonfile-6.2.1.tgz attempt 2 failed with EAI_AGAIN
2379 http fetch GET https://registry.npmjs.org/json5/-/json5-2.2.3.tgz attempt 2 failed with EAI_AGAIN
2380 http fetch GET https://registry.npmjs.org/json-schema-typed/-/json-schema-typed-8.0.2.tgz attempt 2 failed with EAI_AGAIN
2381 http fetch GET https://registry.npmjs.org/json-parse-even-better-errors/-/json-parse-even-better-errors-2.3.1.tgz attempt 2 failed with EAI_AGAIN
2382 http fetch GET https://registry.npmjs.org/json-schema-traverse/-/json-schema-traverse-1.0.0.tgz attempt 2 failed with EAI_AGAIN
2383 http fetch GET https://registry.npmjs.org/jsesc/-/jsesc-3.1.0.tgz attempt 2 failed with EAI_AGAIN
2384 http fetch GET https://registry.npmjs.org/jsdom/-/jsdom-27.0.1.tgz attempt 2 failed with EAI_AGAIN
2385 http fetch GET https://registry.npmjs.org/js-yaml/-/js-yaml-4.3.0.tgz attempt 2 failed with EAI_AGAIN
2386 http fetch GET https://registry.npmjs.org/js-tokens/-/js-tokens-4.0.0.tgz attempt 2 failed with EAI_AGAIN
2387 http fetch GET https://registry.npmjs.org/jiti/-/jiti-2.7.0.tgz attempt 2 failed with EAI_AGAIN
2388 http fetch GET https://registry.npmjs.org/jose/-/jose-6.2.3.tgz attempt 2 failed with EAI_AGAIN
2389 http fetch GET https://registry.npmjs.org/isexe/-/isexe-3.1.5.tgz attempt 2 failed with EAI_AGAIN
2390 http fetch GET https://registry.npmjs.org/is-wsl/-/is-wsl-3.1.1.tgz attempt 2 failed with EAI_AGAIN
2391 http fetch GET https://registry.npmjs.org/is-unicode-supported/-/is-unicode-supported-2.1.0.tgz attempt 2 failed with EAI_AGAIN
2392 http fetch GET https://registry.npmjs.org/is-stream/-/is-stream-4.0.1.tgz attempt 2 failed with EAI_AGAIN
2393 http fetch GET https://registry.npmjs.org/is-regexp/-/is-regexp-3.1.0.tgz attempt 2 failed with EAI_AGAIN
2394 http fetch GET https://registry.npmjs.org/is-promise/-/is-promise-4.0.0.tgz attempt 2 failed with EAI_AGAIN
2395 http fetch GET https://registry.npmjs.org/is-potential-custom-element-name/-/is-potential-custom-element-name-1.0.1.tgz attempt 2 failed with EAI_AGAIN
2396 http fetch GET https://registry.npmjs.org/is-plain-obj/-/is-plain-obj-4.1.0.tgz attempt 2 failed with EAI_AGAIN
2397 http fetch GET https://registry.npmjs.org/is-obj/-/is-obj-2.0.0.tgz attempt 2 failed with EAI_AGAIN
2398 http fetch GET https://registry.npmjs.org/is-number/-/is-number-7.0.0.tgz attempt 2 failed with EAI_AGAIN
2399 http fetch GET https://registry.npmjs.org/is-lite/-/is-lite-2.0.0.tgz attempt 2 failed with EAI_AGAIN
2400 http fetch GET https://registry.npmjs.org/is-interactive/-/is-interactive-2.0.0.tgz attempt 2 failed with EAI_AGAIN
2401 http fetch GET https://registry.npmjs.org/is-inside-container/-/is-inside-container-1.0.0.tgz attempt 2 failed with EAI_AGAIN
2402 http fetch GET https://registry.npmjs.org/is-in-ssh/-/is-in-ssh-1.0.0.tgz attempt 2 failed with EAI_AGAIN
2403 http fetch GET https://registry.npmjs.org/is-hexadecimal/-/is-hexadecimal-2.0.1.tgz attempt 2 failed with EAI_AGAIN
2404 http fetch GET https://registry.npmjs.org/is-extglob/-/is-extglob-2.1.1.tgz attempt 2 failed with EAI_AGAIN
2405 http fetch GET https://registry.npmjs.org/is-glob/-/is-glob-4.0.3.tgz attempt 2 failed with EAI_AGAIN
2406 http fetch GET https://registry.npmjs.org/is-docker/-/is-docker-3.0.0.tgz attempt 2 failed with EAI_AGAIN
2407 http fetch GET https://registry.npmjs.org/is-decimal/-/is-decimal-2.0.1.tgz attempt 2 failed with EAI_AGAIN
2408 http fetch GET https://registry.npmjs.org/is-arrayish/-/is-arrayish-0.2.1.tgz attempt 2 failed with EAI_AGAIN
2409 http fetch GET https://registry.npmjs.org/is-alphanumerical/-/is-alphanumerical-2.0.1.tgz attempt 2 failed with EAI_AGAIN
2410 http fetch GET https://registry.npmjs.org/is-alphabetical/-/is-alphabetical-2.0.1.tgz attempt 2 failed with EAI_AGAIN
2411 http fetch GET https://registry.npmjs.org/ipaddr.js/-/ipaddr.js-1.9.1.tgz attempt 2 failed with EAI_AGAIN
2412 http fetch GET https://registry.npmjs.org/ip-address/-/ip-address-10.2.0.tgz attempt 2 failed with EAI_AGAIN
2413 http fetch GET https://registry.npmjs.org/internmap/-/internmap-2.0.3.tgz attempt 2 failed with EAI_AGAIN
2414 http fetch GET https://registry.npmjs.org/inherits/-/inherits-2.0.4.tgz attempt 2 failed with EAI_AGAIN
2415 http fetch GET https://registry.npmjs.org/inline-style-parser/-/inline-style-parser-0.2.7.tgz attempt 2 failed with EAI_AGAIN
2416 http fetch GET https://registry.npmjs.org/import-fresh/-/import-fresh-3.3.1.tgz attempt 2 failed with EAI_AGAIN
2417 http fetch GET https://registry.npmjs.org/immer/-/immer-10.2.0.tgz attempt 2 failed with EAI_AGAIN
2418 http fetch GET https://registry.npmjs.org/ignore/-/ignore-5.3.2.tgz attempt 2 failed with EAI_AGAIN
2419 http fetch GET https://registry.npmjs.org/iconv-lite/-/iconv-lite-0.7.3.tgz attempt 2 failed with EAI_AGAIN
2420 http fetch GET https://registry.npmjs.org/human-signals/-/human-signals-8.0.1.tgz attempt 2 failed with EAI_AGAIN
2421 http fetch GET https://registry.npmjs.org/https-proxy-agent/-/https-proxy-agent-7.0.6.tgz attempt 2 failed with EAI_AGAIN
2422 http fetch GET https://registry.npmjs.org/http-proxy-agent/-/http-proxy-agent-7.0.2.tgz attempt 2 failed with EAI_AGAIN
2423 http fetch GET https://registry.npmjs.org/http-errors/-/http-errors-2.0.1.tgz attempt 2 failed with EAI_AGAIN
2424 http fetch GET https://registry.npmjs.org/html-url-attributes/-/html-url-attributes-3.0.1.tgz attempt 2 failed with EAI_AGAIN
2425 http fetch GET https://registry.npmjs.org/html-encoding-sniffer/-/html-encoding-sniffer-4.0.0.tgz attempt 2 failed with EAI_AGAIN
2426 http fetch GET https://registry.npmjs.org/hono/-/hono-4.12.30.tgz attempt 2 failed with EAI_AGAIN
2427 http fetch GET https://registry.npmjs.org/hast-util-whitespace/-/hast-util-whitespace-3.0.0.tgz attempt 2 failed with EAI_AGAIN
2428 http fetch GET https://registry.npmjs.org/hast-util-to-jsx-runtime/-/hast-util-to-jsx-runtime-2.3.6.tgz attempt 2 failed with EAI_AGAIN
2429 http fetch GET https://registry.npmjs.org/hasown/-/hasown-2.0.4.tgz attempt 2 failed with EAI_AGAIN
2430 http fetch GET https://registry.npmjs.org/has-symbols/-/has-symbols-1.1.0.tgz attempt 2 failed with EAI_AGAIN
2431 http fetch GET https://registry.npmjs.org/graceful-fs/-/graceful-fs-4.2.11.tgz attempt 2 failed with EAI_AGAIN
2432 http fetch GET https://registry.npmjs.org/gopd/-/gopd-1.2.0.tgz attempt 2 failed with EAI_AGAIN
2433 http fetch GET https://registry.npmjs.org/glob-parent/-/glob-parent-5.1.2.tgz attempt 2 failed with EAI_AGAIN
2434 http fetch GET https://registry.npmjs.org/get-stream/-/get-stream-9.0.1.tgz attempt 2 failed with EAI_AGAIN
2435 http fetch GET https://registry.npmjs.org/get-proto/-/get-proto-1.0.1.tgz attempt 2 failed with EAI_AGAIN
2436 http fetch GET https://registry.npmjs.org/get-own-enumerable-keys/-/get-own-enumerable-keys-1.0.0.tgz attempt 2 failed with EAI_AGAIN
2437 http fetch GET https://registry.npmjs.org/get-nonce/-/get-nonce-1.0.1.tgz attempt 2 failed with EAI_AGAIN
2438 http fetch GET https://registry.npmjs.org/get-intrinsic/-/get-intrinsic-1.3.0.tgz attempt 2 failed with EAI_AGAIN
2439 http fetch GET https://registry.npmjs.org/get-east-asian-width/-/get-east-asian-width-1.6.0.tgz attempt 2 failed with EAI_AGAIN
2440 http fetch GET https://registry.npmjs.org/gensync/-/gensync-1.0.0-beta.2.tgz attempt 2 failed with EAI_AGAIN
2441 http fetch GET https://registry.npmjs.org/fuzzysort/-/fuzzysort-3.1.0.tgz attempt 2 failed with EAI_AGAIN
2442 http fetch GET https://registry.npmjs.org/function-bind/-/function-bind-1.1.2.tgz attempt 2 failed with EAI_AGAIN
2443 http fetch GET https://registry.npmjs.org/fresh/-/fresh-2.0.0.tgz attempt 2 failed with EAI_AGAIN
2444 http fetch GET https://registry.npmjs.org/fs-extra/-/fs-extra-11.3.6.tgz attempt 2 failed with EAI_AGAIN
2445 http fetch GET https://registry.npmjs.org/forwarded/-/forwarded-0.2.0.tgz attempt 2 failed with EAI_AGAIN
2446 http fetch GET https://registry.npmjs.org/find-up/-/find-up-3.0.0.tgz attempt 2 failed with EAI_AGAIN
2447 http fetch GET https://registry.npmjs.org/finalhandler/-/finalhandler-2.1.1.tgz attempt 2 failed with EAI_AGAIN
2448 http fetch GET https://registry.npmjs.org/fill-range/-/fill-range-7.1.1.tgz attempt 2 failed with EAI_AGAIN
2449 http fetch GET https://registry.npmjs.org/figures/-/figures-6.1.0.tgz attempt 2 failed with EAI_AGAIN
2450 http fetch GET https://registry.npmjs.org/fdir/-/fdir-6.5.0.tgz attempt 2 failed with EAI_AGAIN
2451 http fetch GET https://registry.npmjs.org/fastq/-/fastq-1.20.1.tgz attempt 2 failed with EAI_AGAIN
2452 http fetch GET https://registry.npmjs.org/fast-uri/-/fast-uri-3.1.3.tgz attempt 2 failed with EAI_AGAIN
2453 http fetch GET https://registry.npmjs.org/fast-glob/-/fast-glob-3.3.3.tgz attempt 2 failed with EAI_AGAIN
2454 http fetch GET https://registry.npmjs.org/fast-deep-equal/-/fast-deep-equal-3.1.3.tgz attempt 2 failed with EAI_AGAIN
2455 http fetch GET https://registry.npmjs.org/extend/-/extend-3.0.2.tgz attempt 2 failed with EAI_AGAIN
2456 http fetch GET https://registry.npmjs.org/express/-/express-5.2.1.tgz attempt 2 failed with EAI_AGAIN
2457 http fetch GET https://registry.npmjs.org/expect-type/-/expect-type-1.4.0.tgz attempt 2 failed with EAI_AGAIN
2458 http fetch GET https://registry.npmjs.org/execa/-/execa-9.6.1.tgz attempt 2 failed with EAI_AGAIN
2459 http fetch GET https://registry.npmjs.org/eventsource-parser/-/eventsource-parser-3.1.0.tgz attempt 2 failed with EAI_AGAIN
2460 http fetch GET https://registry.npmjs.org/express-rate-limit/-/express-rate-limit-8.5.2.tgz attempt 2 failed with EAI_AGAIN
2461 http fetch GET https://registry.npmjs.org/eventsource/-/eventsource-3.0.7.tgz attempt 2 failed with EAI_AGAIN
2462 http fetch GET https://registry.npmjs.org/eventemitter3/-/eventemitter3-5.0.4.tgz attempt 2 failed with EAI_AGAIN
2463 http fetch GET https://registry.npmjs.org/estree-walker/-/estree-walker-3.0.3.tgz attempt 2 failed with EAI_AGAIN
2464 http fetch GET https://registry.npmjs.org/etag/-/etag-1.8.1.tgz attempt 2 failed with EAI_AGAIN
2465 http fetch GET https://registry.npmjs.org/estree-util-is-identifier-name/-/estree-util-is-identifier-name-3.0.0.tgz attempt 2 failed with EAI_AGAIN
2466 http fetch GET https://registry.npmjs.org/esprima/-/esprima-4.0.1.tgz attempt 2 failed with EAI_AGAIN
2467 http fetch GET https://registry.npmjs.org/escape-string-regexp/-/escape-string-regexp-5.0.0.tgz attempt 2 failed with EAI_AGAIN
2468 http fetch GET https://registry.npmjs.org/escape-html/-/escape-html-1.0.3.tgz attempt 2 failed with EAI_AGAIN
2469 http fetch GET https://registry.npmjs.org/escalade/-/escalade-3.2.0.tgz attempt 2 failed with EAI_AGAIN
2470 http fetch GET https://registry.npmjs.org/esbuild/-/esbuild-0.21.5.tgz attempt 2 failed with EAI_AGAIN
2471 http fetch GET https://registry.npmjs.org/es-toolkit/-/es-toolkit-1.49.0.tgz attempt 2 failed with EAI_AGAIN
2472 http fetch GET https://registry.npmjs.org/es-object-atoms/-/es-object-atoms-1.1.2.tgz attempt 2 failed with EAI_AGAIN
2473 http fetch GET https://registry.npmjs.org/es-module-lexer/-/es-module-lexer-1.7.0.tgz attempt 2 failed with EAI_AGAIN
2474 http fetch GET https://registry.npmjs.org/es-errors/-/es-errors-1.3.0.tgz attempt 2 failed with EAI_AGAIN
2475 http fetch GET https://registry.npmjs.org/es-define-property/-/es-define-property-1.0.1.tgz attempt 2 failed with EAI_AGAIN
2476 http fetch GET https://registry.npmjs.org/error-ex/-/error-ex-1.3.4.tgz attempt 2 failed with EAI_AGAIN
2477 http fetch GET https://registry.npmjs.org/env-paths/-/env-paths-2.2.1.tgz attempt 2 failed with EAI_AGAIN
2478 http fetch GET https://registry.npmjs.org/entities/-/entities-8.0.0.tgz attempt 2 failed with EAI_AGAIN
2479 http fetch GET https://registry.npmjs.org/enquirer/-/enquirer-2.4.1.tgz attempt 2 failed with EAI_AGAIN
2480 http fetch GET https://registry.npmjs.org/enhanced-resolve/-/enhanced-resolve-5.21.6.tgz attempt 2 failed with EAI_AGAIN
2481 http fetch GET https://registry.npmjs.org/encodeurl/-/encodeurl-2.0.0.tgz attempt 2 failed with EAI_AGAIN
2482 http fetch GET https://registry.npmjs.org/emoji-regex/-/emoji-regex-10.6.0.tgz attempt 2 failed with EAI_AGAIN
2483 http fetch GET https://registry.npmjs.org/electron-to-chromium/-/electron-to-chromium-1.5.389.tgz attempt 2 failed with EAI_AGAIN
2484 http fetch GET https://registry.npmjs.org/ee-first/-/ee-first-1.1.1.tgz attempt 2 failed with EAI_AGAIN
2485 http fetch GET https://registry.npmjs.org/dunder-proto/-/dunder-proto-1.0.1.tgz attempt 2 failed with EAI_AGAIN
2486 http fetch GET https://registry.npmjs.org/dotenv/-/dotenv-17.4.2.tgz attempt 2 failed with EAI_AGAIN
2487 http fetch GET https://registry.npmjs.org/dot-prop/-/dot-prop-6.0.1.tgz attempt 2 failed with EAI_AGAIN
2488 http fetch GET https://registry.npmjs.org/diff/-/diff-8.0.4.tgz attempt 2 failed with EAI_AGAIN
2489 http fetch GET https://registry.npmjs.org/devlop/-/devlop-1.1.0.tgz attempt 2 failed with EAI_AGAIN
2490 http fetch GET https://registry.npmjs.org/detect-node-es/-/detect-node-es-1.1.0.tgz attempt 2 failed with EAI_AGAIN
2491 http fetch GET https://registry.npmjs.org/detect-libc/-/detect-libc-2.1.2.tgz attempt 2 failed with EAI_AGAIN
2492 http fetch GET https://registry.npmjs.org/dequal/-/dequal-2.0.3.tgz attempt 2 failed with EAI_AGAIN
2493 http fetch GET https://registry.npmjs.org/depd/-/depd-2.0.0.tgz attempt 2 failed with EAI_AGAIN
2494 http fetch GET https://registry.npmjs.org/define-lazy-prop/-/define-lazy-prop-3.0.0.tgz attempt 2 failed with EAI_AGAIN
2495 http fetch GET https://registry.npmjs.org/default-browser-id/-/default-browser-id-5.0.1.tgz attempt 2 failed with EAI_AGAIN
2496 http fetch GET https://registry.npmjs.org/default-browser/-/default-browser-5.5.0.tgz attempt 2 failed with EAI_AGAIN
2497 http fetch GET https://registry.npmjs.org/deepmerge/-/deepmerge-4.3.1.tgz attempt 2 failed with EAI_AGAIN
2498 http fetch GET https://registry.npmjs.org/deep-eql/-/deep-eql-5.0.2.tgz attempt 2 failed with EAI_AGAIN
2499 http fetch GET https://registry.npmjs.org/dedent/-/dedent-1.7.2.tgz attempt 2 failed with EAI_AGAIN
2500 http fetch GET https://registry.npmjs.org/decode-named-character-reference/-/decode-named-character-reference-1.3.0.tgz attempt 2 failed with EAI_AGAIN
2501 http fetch GET https://registry.npmjs.org/decimal.js-light/-/decimal.js-light-2.5.1.tgz attempt 2 failed with EAI_AGAIN
2502 http fetch GET https://registry.npmjs.org/decimal.js/-/decimal.js-10.6.0.tgz attempt 2 failed with EAI_AGAIN
2503 http fetch GET https://registry.npmjs.org/debug/-/debug-4.4.3.tgz attempt 2 failed with EAI_AGAIN
2504 http fetch GET https://registry.npmjs.org/debounce-fn/-/debounce-fn-4.0.0.tgz attempt 2 failed with EAI_AGAIN
2505 http fetch GET https://registry.npmjs.org/data-urls/-/data-urls-6.0.1.tgz attempt 2 failed with EAI_AGAIN
2506 http fetch GET https://registry.npmjs.org/d3-zoom/-/d3-zoom-3.0.0.tgz attempt 2 failed with EAI_AGAIN
2507 http fetch GET https://registry.npmjs.org/d3-transition/-/d3-transition-3.0.1.tgz attempt 2 failed with EAI_AGAIN
2508 http fetch GET https://registry.npmjs.org/d3-timer/-/d3-timer-3.0.1.tgz attempt 2 failed with EAI_AGAIN
2509 http fetch GET https://registry.npmjs.org/d3-time-format/-/d3-time-format-4.1.0.tgz attempt 2 failed with EAI_AGAIN
2510 http fetch GET https://registry.npmjs.org/d3-time/-/d3-time-3.1.0.tgz attempt 2 failed with EAI_AGAIN
2511 http fetch GET https://registry.npmjs.org/d3-shape/-/d3-shape-3.2.0.tgz attempt 2 failed with EAI_AGAIN
2512 http fetch GET https://registry.npmjs.org/d3-selection/-/d3-selection-3.0.0.tgz attempt 2 failed with EAI_AGAIN
2513 http fetch GET https://registry.npmjs.org/d3-scale/-/d3-scale-4.0.2.tgz attempt 2 failed with EAI_AGAIN
2514 http fetch GET https://registry.npmjs.org/d3-quadtree/-/d3-quadtree-3.0.1.tgz attempt 2 failed with EAI_AGAIN
2515 http fetch GET https://registry.npmjs.org/d3-path/-/d3-path-3.1.0.tgz attempt 2 failed with EAI_AGAIN
2516 http fetch GET https://registry.npmjs.org/d3-interpolate/-/d3-interpolate-3.0.1.tgz attempt 2 failed with EAI_AGAIN
2517 http fetch GET https://registry.npmjs.org/d3-format/-/d3-format-3.1.2.tgz attempt 2 failed with EAI_AGAIN
2518 http fetch GET https://registry.npmjs.org/d3-force/-/d3-force-3.0.0.tgz attempt 2 failed with EAI_AGAIN
2519 http fetch GET https://registry.npmjs.org/d3-ease/-/d3-ease-3.0.1.tgz attempt 2 failed with EAI_AGAIN
2520 http fetch GET https://registry.npmjs.org/d3-drag/-/d3-drag-3.0.0.tgz attempt 2 failed with EAI_AGAIN
2521 http fetch GET https://registry.npmjs.org/d3-dispatch/-/d3-dispatch-3.0.1.tgz attempt 2 failed with EAI_AGAIN
2522 http fetch GET https://registry.npmjs.org/d3-color/-/d3-color-3.1.0.tgz attempt 2 failed with EAI_AGAIN
2523 http fetch GET https://registry.npmjs.org/d3-array/-/d3-array-3.2.4.tgz attempt 2 failed with EAI_AGAIN
2524 http fetch GET https://registry.npmjs.org/csstype/-/csstype-3.2.3.tgz attempt 2 failed with EAI_AGAIN
2525 http fetch GET https://registry.npmjs.org/cssstyle/-/cssstyle-5.3.7.tgz attempt 2 failed with EAI_AGAIN
2526 http fetch GET https://registry.npmjs.org/cssesc/-/cssesc-3.0.0.tgz attempt 2 failed with EAI_AGAIN
2527 http fetch GET https://registry.npmjs.org/css-tree/-/css-tree-3.2.1.tgz attempt 2 failed with EAI_AGAIN
2528 http fetch GET https://registry.npmjs.org/cross-spawn/-/cross-spawn-7.0.6.tgz attempt 2 failed with EAI_AGAIN
2529 http fetch GET https://registry.npmjs.org/cosmiconfig/-/cosmiconfig-9.0.2.tgz attempt 2 failed with EAI_AGAIN
2530 http fetch GET https://registry.npmjs.org/cors/-/cors-2.8.6.tgz attempt 2 failed with EAI_AGAIN
2531 http fetch GET https://registry.npmjs.org/cookie-signature/-/cookie-signature-1.2.2.tgz attempt 2 failed with EAI_AGAIN
2532 http fetch GET https://registry.npmjs.org/cookie/-/cookie-0.7.2.tgz attempt 2 failed with EAI_AGAIN
2533 http fetch GET https://registry.npmjs.org/convert-source-map/-/convert-source-map-2.0.0.tgz attempt 2 failed with EAI_AGAIN
2534 http fetch GET https://registry.npmjs.org/content-type/-/content-type-1.0.5.tgz attempt 2 failed with EAI_AGAIN
2535 http fetch GET https://registry.npmjs.org/content-disposition/-/content-disposition-1.1.0.tgz attempt 2 failed with EAI_AGAIN
2536 http fetch GET https://registry.npmjs.org/commander/-/commander-14.0.3.tgz attempt 2 failed with EAI_AGAIN
2537 http fetch GET https://registry.npmjs.org/conf/-/conf-10.2.0.tgz attempt 2 failed with EAI_AGAIN
2538 http fetch GET https://registry.npmjs.org/comma-separated-tokens/-/comma-separated-tokens-2.0.3.tgz attempt 2 failed with EAI_AGAIN
2539 http fetch GET https://registry.npmjs.org/code-block-writer/-/code-block-writer-13.0.3.tgz attempt 2 failed with EAI_AGAIN
2540 http fetch GET https://registry.npmjs.org/clsx/-/clsx-2.1.1.tgz attempt 2 failed with EAI_AGAIN
2541 http fetch GET https://registry.npmjs.org/cli-spinners/-/cli-spinners-2.9.2.tgz attempt 2 failed with EAI_AGAIN
2542 http fetch GET https://registry.npmjs.org/cli-cursor/-/cli-cursor-5.0.0.tgz attempt 2 failed with EAI_AGAIN
2543 http fetch GET https://registry.npmjs.org/classcat/-/classcat-5.0.5.tgz attempt 2 failed with EAI_AGAIN
2544 http fetch GET https://registry.npmjs.org/class-variance-authority/-/class-variance-authority-0.7.1.tgz attempt 2 failed with EAI_AGAIN
2545 http fetch GET https://registry.npmjs.org/check-error/-/check-error-2.1.3.tgz attempt 2 failed with EAI_AGAIN
2546 http fetch GET https://registry.npmjs.org/character-reference-invalid/-/character-reference-invalid-2.0.1.tgz attempt 2 failed with EAI_AGAIN
2547 http fetch GET https://registry.npmjs.org/character-entities-html4/-/character-entities-html4-2.1.0.tgz attempt 2 failed with EAI_AGAIN
2548 http fetch GET https://registry.npmjs.org/character-entities-legacy/-/character-entities-legacy-3.0.0.tgz attempt 2 failed with EAI_AGAIN
2549 http fetch GET https://registry.npmjs.org/character-entities/-/character-entities-2.0.2.tgz attempt 2 failed with EAI_AGAIN
2550 http fetch GET https://registry.npmjs.org/chalk/-/chalk-5.6.2.tgz attempt 2 failed with EAI_AGAIN
2551 http fetch GET https://registry.npmjs.org/chai/-/chai-5.3.3.tgz attempt 2 failed with EAI_AGAIN
2552 http fetch GET https://registry.npmjs.org/ccount/-/ccount-2.0.1.tgz attempt 2 failed with EAI_AGAIN
2553 http fetch GET https://registry.npmjs.org/caniuse-lite/-/caniuse-lite-1.0.30001803.tgz attempt 2 failed with EAI_AGAIN
2554 http fetch GET https://registry.npmjs.org/callsites/-/callsites-3.1.0.tgz attempt 2 failed with EAI_AGAIN
2555 http fetch GET https://registry.npmjs.org/call-bound/-/call-bound-1.0.4.tgz attempt 2 failed with EAI_AGAIN
2556 http fetch GET https://registry.npmjs.org/call-bind-apply-helpers/-/call-bind-apply-helpers-1.0.2.tgz attempt 2 failed with EAI_AGAIN
2557 http fetch GET https://registry.npmjs.org/cac/-/cac-6.7.14.tgz attempt 2 failed with EAI_AGAIN
2558 http fetch GET https://registry.npmjs.org/bytes/-/bytes-3.1.2.tgz attempt 2 failed with EAI_AGAIN
2559 http fetch GET https://registry.npmjs.org/bundle-name/-/bundle-name-4.1.0.tgz attempt 2 failed with EAI_AGAIN
2560 http fetch GET https://registry.npmjs.org/browserslist/-/browserslist-4.28.5.tgz attempt 2 failed with EAI_AGAIN
2561 http fetch GET https://registry.npmjs.org/braces/-/braces-3.0.3.tgz attempt 2 failed with EAI_AGAIN
2562 http fetch GET https://registry.npmjs.org/brace-expansion/-/brace-expansion-5.0.7.tgz attempt 2 failed with EAI_AGAIN
2563 http fetch GET https://registry.npmjs.org/body-parser/-/body-parser-2.3.0.tgz attempt 2 failed with EAI_AGAIN
2564 http fetch GET https://registry.npmjs.org/baseline-browser-mapping/-/baseline-browser-mapping-2.10.43.tgz attempt 2 failed with EAI_AGAIN
2565 http fetch GET https://registry.npmjs.org/bidi-js/-/bidi-js-1.0.3.tgz attempt 2 failed with EAI_AGAIN
2566 http fetch GET https://registry.npmjs.org/bail/-/bail-2.0.2.tgz attempt 2 failed with EAI_AGAIN
2567 http fetch GET https://registry.npmjs.org/balanced-match/-/balanced-match-4.0.4.tgz attempt 2 failed with EAI_AGAIN
2568 http fetch GET https://registry.npmjs.org/atomically/-/atomically-1.7.0.tgz attempt 2 failed with EAI_AGAIN
2569 http fetch GET https://registry.npmjs.org/assistant-stream/-/assistant-stream-0.3.39.tgz attempt 2 failed with EAI_AGAIN
2570 http fetch GET https://registry.npmjs.org/ast-types/-/ast-types-0.16.1.tgz attempt 2 failed with EAI_AGAIN
2571 http fetch GET https://registry.npmjs.org/assistant-cloud/-/assistant-cloud-0.1.41.tgz attempt 2 failed with EAI_AGAIN
2572 http fetch GET https://registry.npmjs.org/assertion-error/-/assertion-error-2.0.1.tgz attempt 2 failed with EAI_AGAIN
2573 http fetch GET https://registry.npmjs.org/aria-hidden/-/aria-hidden-1.2.6.tgz attempt 2 failed with EAI_AGAIN
2574 http fetch GET https://registry.npmjs.org/argparse/-/argparse-2.0.1.tgz attempt 2 failed with EAI_AGAIN
2575 http fetch GET https://registry.npmjs.org/ansi-regex/-/ansi-regex-5.0.1.tgz attempt 2 failed with EAI_AGAIN
2576 http fetch GET https://registry.npmjs.org/ansi-colors/-/ansi-colors-4.1.3.tgz attempt 2 failed with EAI_AGAIN
2577 http fetch GET https://registry.npmjs.org/ajv-formats/-/ajv-formats-3.0.1.tgz attempt 2 failed with EAI_AGAIN
2578 http fetch GET https://registry.npmjs.org/ajv/-/ajv-8.20.0.tgz attempt 2 failed with EAI_AGAIN
2579 http fetch GET https://registry.npmjs.org/agent-base/-/agent-base-7.1.4.tgz attempt 2 failed with EAI_AGAIN
2580 http fetch GET https://registry.npmjs.org/accepts/-/accepts-2.0.0.tgz attempt 2 failed with EAI_AGAIN
2581 http fetch GET https://registry.npmjs.org/@xyflow/system/-/system-0.0.79.tgz attempt 2 failed with EAI_AGAIN
2582 http fetch GET https://registry.npmjs.org/@xyflow/react/-/react-12.11.2.tgz attempt 2 failed with EAI_AGAIN
2583 http fetch GET https://registry.npmjs.org/@vitest/utils/-/utils-3.2.7.tgz attempt 2 failed with EAI_AGAIN
2584 http fetch GET https://registry.npmjs.org/@vitest/spy/-/spy-3.2.7.tgz attempt 2 failed with EAI_AGAIN
2585 http fetch GET https://registry.npmjs.org/@vitest/snapshot/-/snapshot-3.2.7.tgz attempt 2 failed with EAI_AGAIN
2586 http fetch GET https://registry.npmjs.org/@vitest/runner/-/runner-3.2.7.tgz attempt 2 failed with EAI_AGAIN
2587 http fetch GET https://registry.npmjs.org/@vitest/pretty-format/-/pretty-format-3.2.7.tgz attempt 2 failed with EAI_AGAIN
2588 http fetch GET https://registry.npmjs.org/@vitest/mocker/-/mocker-3.2.7.tgz attempt 2 failed with EAI_AGAIN
2589 http fetch GET https://registry.npmjs.org/@vitest/expect/-/expect-3.2.7.tgz attempt 2 failed with EAI_AGAIN
2590 http fetch GET https://registry.npmjs.org/@vitejs/plugin-react/-/plugin-react-4.7.0.tgz attempt 2 failed with EAI_AGAIN
2591 http fetch GET https://registry.npmjs.org/@ungap/structured-clone/-/structured-clone-1.3.3.tgz attempt 2 failed with EAI_AGAIN
2592 http fetch GET https://registry.npmjs.org/@types/validate-npm-package-name/-/validate-npm-package-name-4.0.2.tgz attempt 2 failed with EAI_AGAIN
2593 http fetch GET https://registry.npmjs.org/@types/use-sync-external-store/-/use-sync-external-store-0.0.6.tgz attempt 2 failed with EAI_AGAIN
2594 http fetch GET https://registry.npmjs.org/@types/unist/-/unist-3.0.3.tgz attempt 2 failed with EAI_AGAIN
2595 http fetch GET https://registry.npmjs.org/@types/react-dom/-/react-dom-18.3.7.tgz attempt 2 failed with EAI_AGAIN
2596 http fetch GET https://registry.npmjs.org/@types/react/-/react-18.3.31.tgz attempt 2 failed with EAI_AGAIN
2597 http fetch GET https://registry.npmjs.org/@types/prop-types/-/prop-types-15.7.15.tgz attempt 2 failed with EAI_AGAIN
2598 http fetch GET https://registry.npmjs.org/@types/node/-/node-22.20.1.tgz attempt 2 failed with EAI_AGAIN
2599 http fetch GET https://registry.npmjs.org/@types/ms/-/ms-2.1.0.tgz attempt 2 failed with EAI_AGAIN
2600 http fetch GET https://registry.npmjs.org/@types/mdast/-/mdast-4.0.4.tgz attempt 2 failed with EAI_AGAIN
2601 http fetch GET https://registry.npmjs.org/@types/hast/-/hast-3.0.5.tgz attempt 2 failed with EAI_AGAIN
2602 http fetch GET https://registry.npmjs.org/@types/estree-jsx/-/estree-jsx-1.0.5.tgz attempt 2 failed with EAI_AGAIN
2603 http fetch GET https://registry.npmjs.org/@types/estree/-/estree-1.0.9.tgz attempt 2 failed with EAI_AGAIN
2604 http fetch GET https://registry.npmjs.org/@types/deep-eql/-/deep-eql-4.0.2.tgz attempt 2 failed with EAI_AGAIN
2605 http fetch GET https://registry.npmjs.org/@types/debug/-/debug-4.1.13.tgz attempt 2 failed with EAI_AGAIN
2606 http fetch GET https://registry.npmjs.org/@types/d3-zoom/-/d3-zoom-3.0.8.tgz attempt 2 failed with EAI_AGAIN
2607 http fetch GET https://registry.npmjs.org/@types/d3-transition/-/d3-transition-3.0.9.tgz attempt 2 failed with EAI_AGAIN
2608 http fetch GET https://registry.npmjs.org/@types/d3-timer/-/d3-timer-3.0.2.tgz attempt 2 failed with EAI_AGAIN
2609 http fetch GET https://registry.npmjs.org/@types/d3-time/-/d3-time-3.0.4.tgz attempt 2 failed with EAI_AGAIN
2610 http fetch GET https://registry.npmjs.org/@types/d3-shape/-/d3-shape-3.1.8.tgz attempt 2 failed with EAI_AGAIN
2611 http fetch GET https://registry.npmjs.org/@types/d3-selection/-/d3-selection-3.0.11.tgz attempt 2 failed with EAI_AGAIN
2612 http fetch GET https://registry.npmjs.org/@types/d3-scale/-/d3-scale-4.0.9.tgz attempt 2 failed with EAI_AGAIN
2613 http fetch GET https://registry.npmjs.org/@types/d3-path/-/d3-path-3.1.1.tgz attempt 2 failed with EAI_AGAIN
2614 http fetch GET https://registry.npmjs.org/@types/d3-interpolate/-/d3-interpolate-3.0.4.tgz attempt 2 failed with EAI_AGAIN
2615 http fetch GET https://registry.npmjs.org/@types/d3-force/-/d3-force-3.0.10.tgz attempt 2 failed with EAI_AGAIN
2616 http fetch GET https://registry.npmjs.org/@types/d3-ease/-/d3-ease-3.0.2.tgz attempt 2 failed with EAI_AGAIN
2617 http fetch GET https://registry.npmjs.org/@types/d3-drag/-/d3-drag-3.0.7.tgz attempt 2 failed with EAI_AGAIN
2618 http fetch GET https://registry.npmjs.org/@types/d3-color/-/d3-color-3.1.3.tgz attempt 2 failed with EAI_AGAIN
2619 http fetch GET https://registry.npmjs.org/@types/d3-array/-/d3-array-3.2.2.tgz attempt 2 failed with EAI_AGAIN
2620 http fetch GET https://registry.npmjs.org/@types/chai/-/chai-5.2.3.tgz attempt 2 failed with EAI_AGAIN
2621 http fetch GET https://registry.npmjs.org/@types/babel__traverse/-/babel__traverse-7.28.0.tgz attempt 2 failed with EAI_AGAIN
2622 http fetch GET https://registry.npmjs.org/@types/babel__template/-/babel__template-7.4.4.tgz attempt 2 failed with EAI_AGAIN
2623 http fetch GET https://registry.npmjs.org/@types/babel__generator/-/babel__generator-7.27.0.tgz attempt 2 failed with EAI_AGAIN
2624 http fetch GET https://registry.npmjs.org/@types/babel__core/-/babel__core-7.20.5.tgz attempt 2 failed with EAI_AGAIN
2625 http fetch GET https://registry.npmjs.org/@ts-morph/common/-/common-0.27.0.tgz attempt 2 failed with EAI_AGAIN
2626 http fetch GET https://registry.npmjs.org/@tauri-apps/cli-linux-x64-musl/-/cli-linux-x64-musl-2.11.4.tgz attempt 2 failed with EAI_AGAIN
2627 http fetch GET https://registry.npmjs.org/@tauri-apps/cli-linux-x64-gnu/-/cli-linux-x64-gnu-2.11.4.tgz attempt 2 failed with EAI_AGAIN
2628 http fetch GET https://registry.npmjs.org/@tauri-apps/cli/-/cli-2.11.4.tgz attempt 2 failed with EAI_AGAIN
2629 http fetch GET https://registry.npmjs.org/@tauri-apps/api/-/api-2.11.1.tgz attempt 2 failed with EAI_AGAIN
2630 http fetch GET https://registry.npmjs.org/@tailwindcss/vite/-/vite-4.3.2.tgz attempt 2 failed with EAI_AGAIN
2631 http fetch GET https://registry.npmjs.org/@tailwindcss/typography/-/typography-0.5.20.tgz attempt 2 failed with EAI_AGAIN
2632 http fetch GET https://registry.npmjs.org/@tailwindcss/oxide-linux-x64-musl/-/oxide-linux-x64-musl-4.3.2.tgz attempt 2 failed with EAI_AGAIN
2633 http fetch GET https://registry.npmjs.org/@tailwindcss/oxide-linux-x64-gnu/-/oxide-linux-x64-gnu-4.3.2.tgz attempt 2 failed with EAI_AGAIN
2634 http fetch GET https://registry.npmjs.org/@tailwindcss/oxide/-/oxide-4.3.2.tgz attempt 2 failed with EAI_AGAIN
2635 http fetch GET https://registry.npmjs.org/@tailwindcss/node/-/node-4.3.2.tgz attempt 2 failed with EAI_AGAIN
2636 http fetch GET https://registry.npmjs.org/@standard-schema/utils/-/utils-0.3.0.tgz attempt 2 failed with EAI_AGAIN
2637 http fetch GET https://registry.npmjs.org/@standard-schema/spec/-/spec-1.1.0.tgz attempt 2 failed with EAI_AGAIN
2638 http fetch GET https://registry.npmjs.org/@sindresorhus/merge-streams/-/merge-streams-4.0.0.tgz attempt 2 failed with EAI_AGAIN
2639 http fetch GET https://registry.npmjs.org/@sec-ant/readable-stream/-/readable-stream-0.4.1.tgz attempt 2 failed with EAI_AGAIN
2640 http fetch GET https://registry.npmjs.org/@rollup/rollup-linux-x64-musl/-/rollup-linux-x64-musl-4.62.2.tgz attempt 2 failed with EAI_AGAIN
2641 http fetch GET https://registry.npmjs.org/@rollup/rollup-linux-x64-gnu/-/rollup-linux-x64-gnu-4.62.2.tgz attempt 2 failed with EAI_AGAIN
2642 http fetch GET https://registry.npmjs.org/@rolldown/pluginutils/-/pluginutils-1.0.0-beta.27.tgz attempt 2 failed with EAI_AGAIN
2643 http fetch GET https://registry.npmjs.org/@reduxjs/toolkit/-/toolkit-2.12.0.tgz attempt 2 failed with EAI_AGAIN
2644 http fetch GET https://registry.npmjs.org/@radix-ui/rect/-/rect-1.1.3.tgz attempt 2 failed with EAI_AGAIN
2645 http fetch GET https://registry.npmjs.org/@radix-ui/react-visually-hidden/-/react-visually-hidden-1.2.11.tgz attempt 2 failed with EAI_AGAIN
2646 http fetch GET https://registry.npmjs.org/@radix-ui/react-use-size/-/react-use-size-1.1.4.tgz attempt 2 failed with EAI_AGAIN
2647 http fetch GET https://registry.npmjs.org/@radix-ui/react-use-rect/-/react-use-rect-1.1.4.tgz attempt 2 failed with EAI_AGAIN
2648 http fetch GET https://registry.npmjs.org/@radix-ui/react-use-previous/-/react-use-previous-1.1.4.tgz attempt 2 failed with EAI_AGAIN
2649 http fetch GET https://registry.npmjs.org/@radix-ui/react-use-layout-effect/-/react-use-layout-effect-1.1.4.tgz attempt 2 failed with EAI_AGAIN
2650 http fetch GET https://registry.npmjs.org/@radix-ui/react-use-is-hydrated/-/react-use-is-hydrated-0.1.3.tgz attempt 2 failed with EAI_AGAIN
2651 http fetch GET https://registry.npmjs.org/@radix-ui/react-use-escape-keydown/-/react-use-escape-keydown-1.1.5.tgz attempt 2 failed with EAI_AGAIN
2652 http fetch GET https://registry.npmjs.org/@radix-ui/react-use-effect-event/-/react-use-effect-event-0.0.5.tgz attempt 2 failed with EAI_AGAIN
2653 http fetch GET https://registry.npmjs.org/@radix-ui/react-use-controllable-state/-/react-use-controllable-state-1.2.6.tgz attempt 2 failed with EAI_AGAIN
2654 http fetch GET https://registry.npmjs.org/@radix-ui/react-use-callback-ref/-/react-use-callback-ref-1.1.4.tgz attempt 2 failed with EAI_AGAIN
2655 http fetch GET https://registry.npmjs.org/@radix-ui/react-tooltip/-/react-tooltip-1.2.16.tgz attempt 2 failed with EAI_AGAIN
2656 http fetch GET https://registry.npmjs.org/@radix-ui/react-toolbar/-/react-toolbar-1.1.19.tgz attempt 2 failed with EAI_AGAIN
2657 http fetch GET https://registry.npmjs.org/@radix-ui/react-toggle-group/-/react-toggle-group-1.1.19.tgz attempt 2 failed with EAI_AGAIN
2658 http fetch GET https://registry.npmjs.org/@radix-ui/react-toggle/-/react-toggle-1.1.18.tgz attempt 2 failed with EAI_AGAIN
2659 http fetch GET https://registry.npmjs.org/@radix-ui/react-toast/-/react-toast-1.2.23.tgz attempt 2 failed with EAI_AGAIN
2660 http fetch GET https://registry.npmjs.org/@radix-ui/react-tabs/-/react-tabs-1.1.21.tgz attempt 2 failed with EAI_AGAIN
2661 http fetch GET https://registry.npmjs.org/@radix-ui/react-slot/-/react-slot-1.3.3.tgz attempt 2 failed with EAI_AGAIN
2662 http fetch GET https://registry.npmjs.org/@radix-ui/react-switch/-/react-switch-1.3.7.tgz attempt 2 failed with EAI_AGAIN
2663 http fetch GET https://registry.npmjs.org/@radix-ui/react-slider/-/react-slider-1.4.7.tgz attempt 2 failed with EAI_AGAIN
2664 http fetch GET https://registry.npmjs.org/@radix-ui/react-scroll-area/-/react-scroll-area-1.2.18.tgz attempt 2 failed with EAI_AGAIN
2665 http fetch GET https://registry.npmjs.org/@radix-ui/react-separator/-/react-separator-1.1.15.tgz attempt 2 failed with EAI_AGAIN
2666 http fetch GET https://registry.npmjs.org/@radix-ui/react-select/-/react-select-2.3.7.tgz attempt 2 failed with EAI_AGAIN
2667 http fetch GET https://registry.npmjs.org/@radix-ui/react-roving-focus/-/react-roving-focus-1.1.19.tgz attempt 2 failed with EAI_AGAIN
2668 http fetch GET https://registry.npmjs.org/@radix-ui/react-radio-group/-/react-radio-group-1.4.7.tgz attempt 2 failed with EAI_AGAIN
2669 http fetch GET https://registry.npmjs.org/@radix-ui/react-progress/-/react-progress-1.1.16.tgz attempt 2 failed with EAI_AGAIN
2670 http fetch GET https://registry.npmjs.org/@radix-ui/react-primitive/-/react-primitive-2.1.10.tgz attempt 2 failed with EAI_AGAIN
2671 http fetch GET https://registry.npmjs.org/@radix-ui/react-portal/-/react-portal-1.1.17.tgz attempt 2 failed with EAI_AGAIN
2672 http fetch GET https://registry.npmjs.org/@radix-ui/react-presence/-/react-presence-1.1.10.tgz attempt 2 failed with EAI_AGAIN
2673 http fetch GET https://registry.npmjs.org/@radix-ui/react-popper/-/react-popper-1.3.7.tgz attempt 2 failed with EAI_AGAIN
2674 http fetch GET https://registry.npmjs.org/@radix-ui/react-popover/-/react-popover-1.1.23.tgz attempt 2 failed with EAI_AGAIN
2675 http fetch GET https://registry.npmjs.org/@radix-ui/react-password-toggle-field/-/react-password-toggle-field-0.1.11.tgz attempt 2 failed with EAI_AGAIN
2676 http fetch GET https://registry.npmjs.org/@radix-ui/react-navigation-menu/-/react-navigation-menu-1.2.22.tgz attempt 2 failed with EAI_AGAIN
2677 http fetch GET https://registry.npmjs.org/@radix-ui/react-one-time-password-field/-/react-one-time-password-field-0.1.16.tgz attempt 2 failed with EAI_AGAIN
2678 http fetch GET https://registry.npmjs.org/@radix-ui/react-menubar/-/react-menubar-1.1.24.tgz attempt 2 failed with EAI_AGAIN
2679 http fetch GET https://registry.npmjs.org/@radix-ui/react-menu/-/react-menu-2.1.24.tgz attempt 2 failed with EAI_AGAIN
2680 http fetch GET https://registry.npmjs.org/@radix-ui/react-label/-/react-label-2.1.15.tgz attempt 2 failed with EAI_AGAIN
2681 http fetch GET https://registry.npmjs.org/@radix-ui/react-id/-/react-id-1.1.4.tgz attempt 2 failed with EAI_AGAIN
2682 http fetch GET https://registry.npmjs.org/@radix-ui/react-hover-card/-/react-hover-card-1.1.23.tgz attempt 2 failed with EAI_AGAIN
2683 http fetch GET https://registry.npmjs.org/@radix-ui/react-form/-/react-form-0.1.16.tgz attempt 2 failed with EAI_AGAIN
2684 http fetch GET https://registry.npmjs.org/@radix-ui/react-focus-scope/-/react-focus-scope-1.1.16.tgz attempt 2 failed with EAI_AGAIN
2685 http fetch GET https://registry.npmjs.org/@radix-ui/react-focus-guards/-/react-focus-guards-1.1.6.tgz attempt 2 failed with EAI_AGAIN
2686 http fetch GET https://registry.npmjs.org/@radix-ui/react-dropdown-menu/-/react-dropdown-menu-2.1.24.tgz attempt 2 failed with EAI_AGAIN
2687 http fetch GET https://registry.npmjs.org/@radix-ui/react-dismissable-layer/-/react-dismissable-layer-1.1.19.tgz attempt 2 failed with EAI_AGAIN
2688 http fetch GET https://registry.npmjs.org/@radix-ui/react-direction/-/react-direction-1.1.4.tgz attempt 2 failed with EAI_AGAIN
2689 http fetch GET https://registry.npmjs.org/@radix-ui/react-dialog/-/react-dialog-1.1.23.tgz attempt 2 failed with EAI_AGAIN
2690 http fetch GET https://registry.npmjs.org/@radix-ui/react-context-menu/-/react-context-menu-2.3.7.tgz attempt 2 failed with EAI_AGAIN
2691 http fetch GET https://registry.npmjs.org/@radix-ui/react-compose-refs/-/react-compose-refs-1.1.5.tgz attempt 2 failed with EAI_AGAIN
2692 http fetch GET https://registry.npmjs.org/@radix-ui/react-context/-/react-context-1.2.2.tgz attempt 2 failed with EAI_AGAIN
2693 http fetch GET https://registry.npmjs.org/@radix-ui/react-collection/-/react-collection-1.1.15.tgz attempt 2 failed with EAI_AGAIN
2694 http fetch GET https://registry.npmjs.org/@radix-ui/react-collapsible/-/react-collapsible-1.1.20.tgz attempt 2 failed with EAI_AGAIN
2695 http fetch GET https://registry.npmjs.org/@radix-ui/react-checkbox/-/react-checkbox-1.3.11.tgz attempt 2 failed with EAI_AGAIN
2696 http fetch GET https://registry.npmjs.org/@radix-ui/react-avatar/-/react-avatar-1.2.6.tgz attempt 2 failed with EAI_AGAIN
2697 http fetch GET https://registry.npmjs.org/@radix-ui/react-aspect-ratio/-/react-aspect-ratio-1.1.15.tgz attempt 2 failed with EAI_AGAIN
2698 http fetch GET https://registry.npmjs.org/@radix-ui/react-arrow/-/react-arrow-1.1.15.tgz attempt 2 failed with EAI_AGAIN
2699 http fetch GET https://registry.npmjs.org/@radix-ui/react-alert-dialog/-/react-alert-dialog-1.1.23.tgz attempt 2 failed with EAI_AGAIN
2700 http fetch GET https://registry.npmjs.org/@radix-ui/react-accordion/-/react-accordion-1.2.20.tgz attempt 2 failed with EAI_AGAIN
2701 http fetch GET https://registry.npmjs.org/@radix-ui/react-accessible-icon/-/react-accessible-icon-1.1.15.tgz attempt 2 failed with EAI_AGAIN
2702 http fetch GET https://registry.npmjs.org/@radix-ui/primitive/-/primitive-1.1.7.tgz attempt 2 failed with EAI_AGAIN
2703 http fetch GET https://registry.npmjs.org/@radix-ui/number/-/number-1.1.3.tgz attempt 2 failed with EAI_AGAIN
2704 http fetch GET https://registry.npmjs.org/@playwright/test/-/test-1.61.1.tgz attempt 2 failed with EAI_AGAIN
2705 http fetch GET https://registry.npmjs.org/@nodelib/fs.walk/-/fs.walk-1.2.8.tgz attempt 2 failed with EAI_AGAIN
2706 http fetch GET https://registry.npmjs.org/@nodelib/fs.stat/-/fs.stat-2.0.5.tgz attempt 2 failed with EAI_AGAIN
2707 http fetch GET https://registry.npmjs.org/@nodelib/fs.scandir/-/fs.scandir-2.1.5.tgz attempt 2 failed with EAI_AGAIN
2708 http fetch GET https://registry.npmjs.org/@modelcontextprotocol/sdk/-/sdk-1.29.0.tgz attempt 2 failed with EAI_AGAIN
2709 http fetch GET https://registry.npmjs.org/@jridgewell/trace-mapping/-/trace-mapping-0.3.31.tgz attempt 2 failed with EAI_AGAIN
2710 http fetch GET https://registry.npmjs.org/@jridgewell/sourcemap-codec/-/sourcemap-codec-1.5.5.tgz attempt 2 failed with EAI_AGAIN
2711 http fetch GET https://registry.npmjs.org/@jridgewell/resolve-uri/-/resolve-uri-3.1.2.tgz attempt 2 failed with EAI_AGAIN
2712 http fetch GET https://registry.npmjs.org/@jridgewell/remapping/-/remapping-2.3.5.tgz attempt 2 failed with EAI_AGAIN
2713 http fetch GET https://registry.npmjs.org/@jridgewell/gen-mapping/-/gen-mapping-0.3.13.tgz attempt 2 failed with EAI_AGAIN
2714 http fetch GET https://registry.npmjs.org/@gilbarbara/types/-/types-0.2.2.tgz attempt 2 failed with EAI_AGAIN
2715 http fetch GET https://registry.npmjs.org/@gilbarbara/hooks/-/hooks-0.11.0.tgz attempt 2 failed with EAI_AGAIN
2716 http fetch GET https://registry.npmjs.org/@gilbarbara/deep-equal/-/deep-equal-0.4.1.tgz attempt 2 failed with EAI_AGAIN
2717 http fetch GET https://registry.npmjs.org/@hono/node-server/-/node-server-1.19.14.tgz attempt 2 failed with EAI_AGAIN
2718 http fetch GET https://registry.npmjs.org/@fontsource-variable/geist-mono/-/geist-mono-5.3.0.tgz attempt 2 failed with EAI_AGAIN
2719 http fetch GET https://registry.npmjs.org/@fontsource-variable/geist/-/geist-5.2.9.tgz attempt 2 failed with EAI_AGAIN
2720 http fetch GET https://registry.npmjs.org/@floating-ui/utils/-/utils-0.2.12.tgz attempt 2 failed with EAI_AGAIN
2721 http fetch GET https://registry.npmjs.org/@floating-ui/react-dom/-/react-dom-2.1.9.tgz attempt 2 failed with EAI_AGAIN
2722 http fetch GET https://registry.npmjs.org/@floating-ui/dom/-/dom-1.8.0.tgz attempt 2 failed with EAI_AGAIN
2723 http fetch GET https://registry.npmjs.org/@floating-ui/core/-/core-1.8.0.tgz attempt 2 failed with EAI_AGAIN
2724 http fetch GET https://registry.npmjs.org/@fastify/deepmerge/-/deepmerge-3.2.1.tgz attempt 2 failed with EAI_AGAIN
2725 http fetch GET https://registry.npmjs.org/@esbuild/linux-x64/-/linux-x64-0.21.5.tgz attempt 2 failed with EAI_AGAIN
2726 http fetch GET https://registry.npmjs.org/@dotenvx/primitives/-/primitives-0.8.0.tgz attempt 2 failed with EAI_AGAIN
2727 http fetch GET https://registry.npmjs.org/@dotenvx/dotenvx/-/dotenvx-1.75.1.tgz attempt 2 failed with EAI_AGAIN
2728 http fetch GET https://registry.npmjs.org/@csstools/css-tokenizer/-/css-tokenizer-4.0.0.tgz attempt 2 failed with EAI_AGAIN
2729 http fetch GET https://registry.npmjs.org/@csstools/css-syntax-patches-for-csstree/-/css-syntax-patches-for-csstree-1.1.7.tgz attempt 2 failed with EAI_AGAIN
2730 http fetch GET https://registry.npmjs.org/@csstools/css-parser-algorithms/-/css-parser-algorithms-4.0.0.tgz attempt 2 failed with EAI_AGAIN
2731 http fetch GET https://registry.npmjs.org/@csstools/css-color-parser/-/css-color-parser-4.1.10.tgz attempt 2 failed with EAI_AGAIN
2732 http fetch GET https://registry.npmjs.org/@csstools/css-calc/-/css-calc-3.3.0.tgz attempt 2 failed with EAI_AGAIN
2733 http fetch GET https://registry.npmjs.org/@csstools/color-helpers/-/color-helpers-6.1.0.tgz attempt 2 failed with EAI_AGAIN
2734 http fetch GET https://registry.npmjs.org/@base-ui/utils/-/utils-0.3.1.tgz attempt 2 failed with EAI_AGAIN
2735 http fetch GET https://registry.npmjs.org/@base-ui/react/-/react-1.6.0.tgz attempt 2 failed with EAI_AGAIN
2736 http fetch GET https://registry.npmjs.org/@babel/types/-/types-7.29.7.tgz attempt 2 failed with EAI_AGAIN
2737 http fetch GET https://registry.npmjs.org/@babel/traverse/-/traverse-7.29.7.tgz attempt 2 failed with EAI_AGAIN
2738 http fetch GET https://registry.npmjs.org/@babel/template/-/template-7.29.7.tgz attempt 2 failed with EAI_AGAIN
2739 http fetch GET https://registry.npmjs.org/@babel/runtime/-/runtime-7.29.7.tgz attempt 2 failed with EAI_AGAIN
2740 http fetch GET https://registry.npmjs.org/@babel/preset-typescript/-/preset-typescript-7.29.7.tgz attempt 2 failed with EAI_AGAIN
2741 http fetch GET https://registry.npmjs.org/@babel/plugin-transform-typescript/-/plugin-transform-typescript-7.29.7.tgz attempt 2 failed with EAI_AGAIN
2742 http fetch GET https://registry.npmjs.org/@babel/plugin-transform-react-jsx-source/-/plugin-transform-react-jsx-source-7.29.7.tgz attempt 2 failed with EAI_AGAIN
2743 http fetch GET https://registry.npmjs.org/@babel/plugin-transform-react-jsx-self/-/plugin-transform-react-jsx-self-7.29.7.tgz attempt 2 failed with EAI_AGAIN
2744 http fetch GET https://registry.npmjs.org/@babel/plugin-transform-modules-commonjs/-/plugin-transform-modules-commonjs-7.29.7.tgz attempt 2 failed with EAI_AGAIN
2745 http fetch GET https://registry.npmjs.org/@babel/plugin-syntax-typescript/-/plugin-syntax-typescript-7.29.7.tgz attempt 2 failed with EAI_AGAIN
2746 http fetch GET https://registry.npmjs.org/@babel/plugin-syntax-jsx/-/plugin-syntax-jsx-7.29.7.tgz attempt 2 failed with EAI_AGAIN
2747 http fetch GET https://registry.npmjs.org/@babel/parser/-/parser-7.29.7.tgz attempt 2 failed with EAI_AGAIN
2748 http fetch GET https://registry.npmjs.org/@babel/helpers/-/helpers-7.29.7.tgz attempt 2 failed with EAI_AGAIN
2749 http fetch GET https://registry.npmjs.org/@babel/helper-validator-option/-/helper-validator-option-7.29.7.tgz attempt 2 failed with EAI_AGAIN
2750 http fetch GET https://registry.npmjs.org/@babel/helper-validator-identifier/-/helper-validator-identifier-7.29.7.tgz attempt 2 failed with EAI_AGAIN
2751 http fetch GET https://registry.npmjs.org/@babel/helper-string-parser/-/helper-string-parser-7.29.7.tgz attempt 2 failed with EAI_AGAIN
2752 http fetch GET https://registry.npmjs.org/@babel/helper-skip-transparent-expression-wrappers/-/helper-skip-transparent-expression-wrappers-7.29.7.tgz attempt 2 failed with EAI_AGAIN
2753 http fetch GET https://registry.npmjs.org/@babel/helper-replace-supers/-/helper-replace-supers-7.29.7.tgz attempt 2 failed with EAI_AGAIN
2754 http fetch GET https://registry.npmjs.org/@babel/helper-plugin-utils/-/helper-plugin-utils-7.29.7.tgz attempt 2 failed with EAI_AGAIN
2755 http fetch GET https://registry.npmjs.org/@babel/helper-optimise-call-expression/-/helper-optimise-call-expression-7.29.7.tgz attempt 2 failed with EAI_AGAIN
2756 http fetch GET https://registry.npmjs.org/@babel/helper-module-transforms/-/helper-module-transforms-7.29.7.tgz attempt 2 failed with EAI_AGAIN
2757 http fetch GET https://registry.npmjs.org/@babel/helper-module-imports/-/helper-module-imports-7.29.7.tgz attempt 2 failed with EAI_AGAIN
2758 http fetch GET https://registry.npmjs.org/@babel/helper-member-expression-to-functions/-/helper-member-expression-to-functions-7.29.7.tgz attempt 2 failed with EAI_AGAIN
2759 http fetch GET https://registry.npmjs.org/@babel/helper-globals/-/helper-globals-7.29.7.tgz attempt 2 failed with EAI_AGAIN
2760 http fetch GET https://registry.npmjs.org/@babel/helper-create-class-features-plugin/-/helper-create-class-features-plugin-7.29.7.tgz attempt 2 failed with EAI_AGAIN
2761 http fetch GET https://registry.npmjs.org/@babel/helper-compilation-targets/-/helper-compilation-targets-7.29.7.tgz attempt 2 failed with EAI_AGAIN
2762 http fetch GET https://registry.npmjs.org/@babel/helper-annotate-as-pure/-/helper-annotate-as-pure-7.29.7.tgz attempt 2 failed with EAI_AGAIN
2763 http fetch GET https://registry.npmjs.org/@babel/generator/-/generator-7.29.7.tgz attempt 2 failed with EAI_AGAIN
2764 http fetch GET https://registry.npmjs.org/@babel/core/-/core-7.29.7.tgz attempt 2 failed with EAI_AGAIN
2765 http fetch GET https://registry.npmjs.org/@babel/compat-data/-/compat-data-7.29.7.tgz attempt 2 failed with EAI_AGAIN
2766 http fetch GET https://registry.npmjs.org/@babel/code-frame/-/code-frame-7.29.7.tgz attempt 2 failed with EAI_AGAIN
2767 http fetch GET https://registry.npmjs.org/@assistant-ui/tap/-/tap-0.9.14.tgz attempt 2 failed with EAI_AGAIN
2768 http fetch GET https://registry.npmjs.org/@assistant-ui/store/-/store-0.3.10.tgz attempt 2 failed with EAI_AGAIN
2769 http fetch GET https://registry.npmjs.org/@assistant-ui/react/-/react-0.15.16.tgz attempt 2 failed with EAI_AGAIN
2770 http fetch GET https://registry.npmjs.org/@asamuzakjp/nwsapi/-/nwsapi-2.3.9.tgz attempt 2 failed with EAI_AGAIN
2771 http fetch GET https://registry.npmjs.org/@asamuzakjp/dom-selector/-/dom-selector-6.8.1.tgz attempt 2 failed with EAI_AGAIN
2772 http fetch GET https://registry.npmjs.org/@asamuzakjp/css-color/-/css-color-4.1.2.tgz attempt 2 failed with EAI_AGAIN
2773 http fetch GET https://registry.npmjs.org/content-type/-/content-type-2.0.0.tgz attempt 2 failed with EAI_AGAIN
2774 http fetch GET https://registry.npmjs.org/js-tokens/-/js-tokens-9.0.1.tgz attempt 2 failed with EAI_AGAIN
2775 http fetch GET https://registry.npmjs.org/iconv-lite/-/iconv-lite-0.6.3.tgz attempt 2 failed with EAI_AGAIN
2776 http fetch GET https://registry.npmjs.org/is-obj/-/is-obj-3.0.0.tgz attempt 2 failed with EAI_AGAIN
2777 http fetch GET https://registry.npmjs.org/strip-ansi/-/strip-ansi-7.2.0.tgz attempt 2 failed with EAI_AGAIN
2778 http fetch GET https://registry.npmjs.org/ansi-regex/-/ansi-regex-6.2.2.tgz attempt 2 failed with EAI_AGAIN
2779 http fetch GET https://registry.npmjs.org/onetime/-/onetime-7.0.0.tgz attempt 2 failed with EAI_AGAIN
2780 http fetch GET https://registry.npmjs.org/reselect/-/reselect-5.1.1.tgz attempt 2 failed with EAI_AGAIN
2781 http fetch GET https://registry.npmjs.org/kleur/-/kleur-3.0.3.tgz attempt 2 failed with EAI_AGAIN
2782 http fetch GET https://registry.npmjs.org/@types/unist/-/unist-2.0.11.tgz attempt 2 failed with EAI_AGAIN
2783 http fetch GET https://registry.npmjs.org/strip-ansi/-/strip-ansi-7.2.0.tgz attempt 2 failed with EAI_AGAIN
2784 http fetch GET https://registry.npmjs.org/ansi-regex/-/ansi-regex-6.2.2.tgz attempt 2 failed with EAI_AGAIN
2785 http fetch GET https://registry.npmjs.org/mimic-fn/-/mimic-fn-2.1.0.tgz attempt 2 failed with EAI_AGAIN
2786 http fetch GET https://registry.npmjs.org/path-key/-/path-key-4.0.0.tgz attempt 2 failed with EAI_AGAIN
2787 http fetch GET https://registry.npmjs.org/picomatch/-/picomatch-2.3.2.tgz attempt 2 failed with EAI_AGAIN
2788 http fetch GET https://registry.npmjs.org/is-unicode-supported/-/is-unicode-supported-1.3.0.tgz attempt 2 failed with EAI_AGAIN
2789 http fetch GET https://registry.npmjs.org/whatwg-mimetype/-/whatwg-mimetype-5.0.0.tgz attempt 2 failed with EAI_AGAIN
2790 http fetch GET https://registry.npmjs.org/lru-cache/-/lru-cache-11.5.2.tgz attempt 2 failed with EAI_AGAIN
2791 http fetch GET https://registry.npmjs.org/which/-/which-2.0.2.tgz attempt 2 failed with EAI_AGAIN
2792 http fetch GET https://registry.npmjs.org/isexe/-/isexe-2.0.0.tgz attempt 2 failed with EAI_AGAIN
2793 http fetch GET https://registry.npmjs.org/semver/-/semver-7.8.5.tgz attempt 2 failed with EAI_AGAIN
2794 http fetch GET https://registry.npmjs.org/json-schema-typed/-/json-schema-typed-7.0.3.tgz attempt 2 failed with EAI_AGAIN
2795 http fetch GET https://registry.npmjs.org/ajv-formats/-/ajv-formats-2.1.1.tgz attempt 2 failed with EAI_AGAIN
2796 http fetch GET https://registry.npmjs.org/nanoid/-/nanoid-6.0.1.tgz attempt 2 failed with EAI_AGAIN
2797 http fetch GET https://registry.npmjs.org/content-type/-/content-type-2.0.0.tgz attempt 2 failed with EAI_AGAIN
2798 http fetch GET https://registry.npmjs.org/postcss-selector-parser/-/postcss-selector-parser-6.0.10.tgz attempt 2 failed with EAI_AGAIN
2799 http fetch GET https://registry.npmjs.org/immer/-/immer-11.1.11.tgz attempt 2 failed with EAI_AGAIN
2800 http fetch GET https://registry.npmjs.org/strip-final-newline/-/strip-final-newline-2.0.0.tgz attempt 2 failed with EAI_AGAIN
2801 http fetch GET https://registry.npmjs.org/signal-exit/-/signal-exit-3.0.7.tgz attempt 2 failed with EAI_AGAIN
2802 http fetch GET https://registry.npmjs.org/open/-/open-8.4.2.tgz attempt 2 failed with EAI_AGAIN
2803 http fetch GET https://registry.npmjs.org/npm-run-path/-/npm-run-path-4.0.1.tgz attempt 2 failed with EAI_AGAIN
2804 http fetch GET https://registry.npmjs.org/is-wsl/-/is-wsl-2.2.0.tgz attempt 2 failed with EAI_AGAIN
2805 http fetch GET https://registry.npmjs.org/is-stream/-/is-stream-2.0.1.tgz attempt 2 failed with EAI_AGAIN
2806 http fetch GET https://registry.npmjs.org/is-docker/-/is-docker-2.2.1.tgz attempt 2 failed with EAI_AGAIN
2807 http fetch GET https://registry.npmjs.org/human-signals/-/human-signals-2.1.0.tgz attempt 2 failed with EAI_AGAIN
2808 http fetch GET https://registry.npmjs.org/get-stream/-/get-stream-6.0.1.tgz attempt 2 failed with EAI_AGAIN
2809 http fetch GET https://registry.npmjs.org/execa/-/execa-5.1.1.tgz attempt 2 failed with EAI_AGAIN
2810 http fetch GET https://registry.npmjs.org/define-lazy-prop/-/define-lazy-prop-2.0.0.tgz attempt 2 failed with EAI_AGAIN
2811 http fetch GET https://registry.npmjs.org/commander/-/commander-11.1.0.tgz attempt 2 failed with EAI_AGAIN
2812 http fetch GET https://registry.npmjs.org/zustand/-/zustand-5.0.15.tgz attempt 2 failed with EAI_AGAIN
2813 http fetch GET https://registry.npmjs.org/zod/-/zod-4.4.3.tgz attempt 2 failed with EAI_AGAIN
2814 http fetch GET https://registry.npmjs.org/nanoid/-/nanoid-6.0.1.tgz attempt 2 failed with EAI_AGAIN
2815 http fetch GET https://registry.npmjs.org/lru-cache/-/lru-cache-11.5.2.tgz attempt 2 failed with EAI_AGAIN
2816 http fetch GET https://registry.npmjs.org/lru-cache/-/lru-cache-11.5.2.tgz attempt 2 failed with EAI_AGAIN
2817 http fetch GET https://registry.npmjs.org/@assistant-ui/core/-/core-0.3.15.tgz attempt 2 failed with EAI_AGAIN
2818 http fetch GET https://registry.npmjs.org/npm attempt 3 failed with EAI_AGAIN
2819 http fetch GET https://registry.npmjs.org/zwitch/-/zwitch-2.0.4.tgz attempt 3 failed with EAI_AGAIN
2820 http fetch GET https://registry.npmjs.org/zustand/-/zustand-4.5.7.tgz attempt 3 failed with EAI_AGAIN
2821 http fetch GET https://registry.npmjs.org/zod-to-json-schema/-/zod-to-json-schema-3.25.2.tgz attempt 3 failed with EAI_AGAIN
2822 http fetch GET https://registry.npmjs.org/zod/-/zod-3.25.76.tgz attempt 3 failed with EAI_AGAIN
2823 http fetch GET https://registry.npmjs.org/yoctocolors/-/yoctocolors-2.1.2.tgz attempt 3 failed with EAI_AGAIN
2824 http fetch GET https://registry.npmjs.org/yocto-spinner/-/yocto-spinner-1.2.1.tgz attempt 3 failed with EAI_AGAIN
2825 http fetch GET https://registry.npmjs.org/yallist/-/yallist-3.1.1.tgz attempt 3 failed with EAI_AGAIN
2826 http fetch GET https://registry.npmjs.org/xmlchars/-/xmlchars-2.2.0.tgz attempt 3 failed with EAI_AGAIN
2827 http fetch GET https://registry.npmjs.org/xml-name-validator/-/xml-name-validator-5.0.0.tgz attempt 3 failed with EAI_AGAIN
2828 http fetch GET https://registry.npmjs.org/wsl-utils/-/wsl-utils-0.3.1.tgz attempt 3 failed with EAI_AGAIN
2829 http fetch GET https://registry.npmjs.org/ws/-/ws-8.21.2.tgz attempt 3 failed with EAI_AGAIN
2830 http fetch GET https://registry.npmjs.org/wrappy/-/wrappy-1.0.2.tgz attempt 3 failed with EAI_AGAIN
2831 http fetch GET https://registry.npmjs.org/why-is-node-running/-/why-is-node-running-2.3.0.tgz attempt 3 failed with EAI_AGAIN
2832 http fetch GET https://registry.npmjs.org/which/-/which-4.0.0.tgz attempt 3 failed with EAI_AGAIN
2833 http fetch GET https://registry.npmjs.org/whatwg-url/-/whatwg-url-15.1.0.tgz attempt 3 failed with EAI_AGAIN
2834 http fetch GET https://registry.npmjs.org/whatwg-mimetype/-/whatwg-mimetype-4.0.0.tgz attempt 3 failed with EAI_AGAIN
2835 http fetch GET https://registry.npmjs.org/whatwg-encoding/-/whatwg-encoding-3.1.1.tgz attempt 3 failed with EAI_AGAIN
2836 http fetch GET https://registry.npmjs.org/webidl-conversions/-/webidl-conversions-8.0.1.tgz attempt 3 failed with EAI_AGAIN
2837 http fetch GET https://registry.npmjs.org/w3c-xmlserializer/-/w3c-xmlserializer-5.0.0.tgz attempt 3 failed with EAI_AGAIN
2838 http fetch GET https://registry.npmjs.org/vitest/-/vitest-3.2.7.tgz attempt 3 failed with EAI_AGAIN
2839 http fetch GET https://registry.npmjs.org/vite-node/-/vite-node-3.2.4.tgz attempt 3 failed with EAI_AGAIN
2840 http fetch GET https://registry.npmjs.org/vite/-/vite-5.4.21.tgz attempt 3 failed with EAI_AGAIN
2841 http fetch GET https://registry.npmjs.org/victory-vendor/-/victory-vendor-37.3.6.tgz attempt 3 failed with EAI_AGAIN
2842 http fetch GET https://registry.npmjs.org/vfile-message/-/vfile-message-4.0.3.tgz attempt 3 failed with EAI_AGAIN
2843 http fetch GET https://registry.npmjs.org/vfile/-/vfile-6.0.3.tgz attempt 3 failed with EAI_AGAIN
2844 http fetch GET https://registry.npmjs.org/vary/-/vary-1.1.2.tgz attempt 3 failed with EAI_AGAIN
2845 http fetch GET https://registry.npmjs.org/validate-npm-package-name/-/validate-npm-package-name-7.0.2.tgz attempt 3 failed with EAI_AGAIN
2846 http fetch GET https://registry.npmjs.org/util-deprecate/-/util-deprecate-1.0.2.tgz attempt 3 failed with EAI_AGAIN
2847 http fetch GET https://registry.npmjs.org/use-sync-external-store/-/use-sync-external-store-1.6.0.tgz attempt 3 failed with EAI_AGAIN
2848 http fetch GET https://registry.npmjs.org/use-sidecar/-/use-sidecar-1.1.3.tgz attempt 3 failed with EAI_AGAIN
2849 http fetch GET https://registry.npmjs.org/use-latest/-/use-latest-1.3.0.tgz attempt 3 failed with EAI_AGAIN
2850 http fetch GET https://registry.npmjs.org/use-isomorphic-layout-effect/-/use-isomorphic-layout-effect-1.2.1.tgz attempt 3 failed with EAI_AGAIN
2851 http fetch GET https://registry.npmjs.org/use-composed-ref/-/use-composed-ref-1.4.0.tgz attempt 3 failed with EAI_AGAIN
2852 http fetch GET https://registry.npmjs.org/use-callback-ref/-/use-callback-ref-1.3.3.tgz attempt 3 failed with EAI_AGAIN
2853 http fetch GET https://registry.npmjs.org/update-browserslist-db/-/update-browserslist-db-1.2.3.tgz attempt 3 failed with EAI_AGAIN
2854 http fetch GET https://registry.npmjs.org/unpipe/-/unpipe-1.0.0.tgz attempt 3 failed with EAI_AGAIN
2855 http fetch GET https://registry.npmjs.org/universalify/-/universalify-2.0.1.tgz attempt 3 failed with EAI_AGAIN
2856 http fetch GET https://registry.npmjs.org/unist-util-visit-parents/-/unist-util-visit-parents-6.0.2.tgz attempt 3 failed with EAI_AGAIN
2857 http fetch GET https://registry.npmjs.org/unist-util-visit/-/unist-util-visit-5.1.0.tgz attempt 3 failed with EAI_AGAIN
2858 http fetch GET https://registry.npmjs.org/unist-util-stringify-position/-/unist-util-stringify-position-4.0.0.tgz attempt 3 failed with EAI_AGAIN
2859 http fetch GET https://registry.npmjs.org/unist-util-position/-/unist-util-position-5.0.0.tgz attempt 3 failed with EAI_AGAIN
2860 http fetch GET https://registry.npmjs.org/unist-util-is/-/unist-util-is-6.0.1.tgz attempt 3 failed with EAI_AGAIN
2861 http fetch GET https://registry.npmjs.org/unified/-/unified-11.0.5.tgz attempt 3 failed with EAI_AGAIN
2862 http fetch GET https://registry.npmjs.org/unicorn-magic/-/unicorn-magic-0.3.0.tgz attempt 3 failed with EAI_AGAIN
2863 http fetch GET https://registry.npmjs.org/undici-types/-/undici-types-6.21.0.tgz attempt 3 failed with EAI_AGAIN
2864 http fetch GET https://registry.npmjs.org/undici/-/undici-7.28.0.tgz attempt 3 failed with EAI_AGAIN
2865 http fetch GET https://registry.npmjs.org/typescript/-/typescript-5.9.3.tgz attempt 3 failed with EAI_AGAIN
2866 http fetch GET https://registry.npmjs.org/type-is/-/type-is-2.1.0.tgz attempt 3 failed with EAI_AGAIN
2867 http fetch GET https://registry.npmjs.org/type-fest/-/type-fest-4.41.0.tgz attempt 3 failed with EAI_AGAIN
2868 http fetch GET https://registry.npmjs.org/tw-animate-css/-/tw-animate-css-1.4.0.tgz attempt 3 failed with EAI_AGAIN
2869 http fetch GET https://registry.npmjs.org/tslib/-/tslib-2.8.1.tgz attempt 3 failed with EAI_AGAIN
2870 http fetch GET https://registry.npmjs.org/tsconfig-paths/-/tsconfig-paths-4.2.0.tgz attempt 3 failed with EAI_AGAIN
2871 http fetch GET https://registry.npmjs.org/ts-morph/-/ts-morph-26.0.0.tgz attempt 3 failed with EAI_AGAIN
2872 http fetch GET https://registry.npmjs.org/trough/-/trough-2.2.0.tgz attempt 3 failed with EAI_AGAIN
2873 http fetch GET https://registry.npmjs.org/trim-lines/-/trim-lines-3.0.1.tgz attempt 3 failed with EAI_AGAIN
2874 http fetch GET https://registry.npmjs.org/tr46/-/tr46-6.0.0.tgz attempt 3 failed with EAI_AGAIN
2875 http fetch GET https://registry.npmjs.org/tough-cookie/-/tough-cookie-6.0.2.tgz attempt 3 failed with EAI_AGAIN
2876 http fetch GET https://registry.npmjs.org/toidentifier/-/toidentifier-1.0.1.tgz attempt 3 failed with EAI_AGAIN
2877 http fetch GET https://registry.npmjs.org/to-regex-range/-/to-regex-range-5.0.1.tgz attempt 3 failed with EAI_AGAIN
2878 http fetch GET https://registry.npmjs.org/tldts/-/tldts-7.4.10.tgz attempt 3 failed with EAI_AGAIN
2879 http fetch GET https://registry.npmjs.org/tldts-core/-/tldts-core-7.4.10.tgz attempt 3 failed with EAI_AGAIN
2880 http fetch GET https://registry.npmjs.org/tinyspy/-/tinyspy-4.0.4.tgz attempt 3 failed with EAI_AGAIN
2881 http fetch GET https://registry.npmjs.org/tinyrainbow/-/tinyrainbow-2.0.0.tgz attempt 3 failed with EAI_AGAIN
2882 http fetch GET https://registry.npmjs.org/tinypool/-/tinypool-1.1.1.tgz attempt 3 failed with EAI_AGAIN
2883 http fetch GET https://registry.npmjs.org/tinyexec/-/tinyexec-0.3.2.tgz attempt 3 failed with EAI_AGAIN
2884 http fetch GET https://registry.npmjs.org/tinybench/-/tinybench-2.9.0.tgz attempt 3 failed with EAI_AGAIN
2885 http fetch GET https://registry.npmjs.org/tinyglobby/-/tinyglobby-0.2.17.tgz attempt 3 failed with EAI_AGAIN
2886 http fetch GET https://registry.npmjs.org/tiny-invariant/-/tiny-invariant-1.3.3.tgz attempt 3 failed with EAI_AGAIN
2887 http fetch GET https://registry.npmjs.org/tapable/-/tapable-2.3.3.tgz attempt 3 failed with EAI_AGAIN
2888 http fetch GET https://registry.npmjs.org/tailwindcss/-/tailwindcss-4.3.2.tgz attempt 3 failed with EAI_AGAIN
2889 http fetch GET https://registry.npmjs.org/tailwind-merge/-/tailwind-merge-3.6.0.tgz attempt 3 failed with EAI_AGAIN
2890 http fetch GET https://registry.npmjs.org/systeminformation/-/systeminformation-5.31.17.tgz attempt 3 failed with EAI_AGAIN
2891 http fetch GET https://registry.npmjs.org/symbol-tree/-/symbol-tree-3.2.4.tgz attempt 3 failed with EAI_AGAIN
2892 http fetch GET https://registry.npmjs.org/style-to-object/-/style-to-object-1.0.14.tgz attempt 3 failed with EAI_AGAIN
2893 http fetch GET https://registry.npmjs.org/style-to-js/-/style-to-js-1.1.21.tgz attempt 3 failed with EAI_AGAIN
2894 http fetch GET https://registry.npmjs.org/strip-final-newline/-/strip-final-newline-4.0.0.tgz attempt 3 failed with EAI_AGAIN
2895 http fetch GET https://registry.npmjs.org/strip-literal/-/strip-literal-3.1.0.tgz attempt 3 failed with EAI_AGAIN
2896 http fetch GET https://registry.npmjs.org/strip-bom/-/strip-bom-3.0.0.tgz attempt 3 failed with EAI_AGAIN
2897 http fetch GET https://registry.npmjs.org/strip-ansi/-/strip-ansi-6.0.1.tgz attempt 3 failed with EAI_AGAIN
2898 http fetch GET https://registry.npmjs.org/stringify-object/-/stringify-object-5.0.0.tgz attempt 3 failed with EAI_AGAIN
2899 http fetch GET https://registry.npmjs.org/stringify-entities/-/stringify-entities-4.0.4.tgz attempt 3 failed with EAI_AGAIN
2900 http fetch GET https://registry.npmjs.org/string-width/-/string-width-7.2.0.tgz attempt 3 failed with EAI_AGAIN
2901 http fetch GET https://registry.npmjs.org/stdin-discarder/-/stdin-discarder-0.2.2.tgz attempt 3 failed with EAI_AGAIN
2902 http fetch GET https://registry.npmjs.org/std-env/-/std-env-3.10.0.tgz attempt 3 failed with EAI_AGAIN
2903 http fetch GET https://registry.npmjs.org/statuses/-/statuses-2.0.2.tgz attempt 3 failed with EAI_AGAIN
2904 http fetch GET https://registry.npmjs.org/space-separated-tokens/-/space-separated-tokens-2.0.2.tgz attempt 3 failed with EAI_AGAIN
2905 http fetch GET https://registry.npmjs.org/stackback/-/stackback-0.0.2.tgz attempt 3 failed with EAI_AGAIN
2906 http fetch GET https://registry.npmjs.org/source-map-js/-/source-map-js-1.2.1.tgz attempt 3 failed with EAI_AGAIN
2907 http fetch GET https://registry.npmjs.org/sonner/-/sonner-2.0.7.tgz attempt 3 failed with EAI_AGAIN
2908 http fetch GET https://registry.npmjs.org/source-map/-/source-map-0.6.1.tgz attempt 3 failed with EAI_AGAIN
2909 http fetch GET https://registry.npmjs.org/sisteransi/-/sisteransi-1.0.5.tgz attempt 3 failed with EAI_AGAIN
2910 http fetch GET https://registry.npmjs.org/signal-exit/-/signal-exit-4.1.0.tgz attempt 3 failed with EAI_AGAIN
2911 http fetch GET https://registry.npmjs.org/side-channel-weakmap/-/side-channel-weakmap-1.0.2.tgz attempt 3 failed with EAI_AGAIN
2912 http fetch GET https://registry.npmjs.org/siginfo/-/siginfo-2.0.0.tgz attempt 3 failed with EAI_AGAIN
2913 http fetch GET https://registry.npmjs.org/side-channel-map/-/side-channel-map-1.0.1.tgz attempt 3 failed with EAI_AGAIN
2914 http fetch GET https://registry.npmjs.org/side-channel-list/-/side-channel-list-1.0.1.tgz attempt 3 failed with EAI_AGAIN
2915 http fetch GET https://registry.npmjs.org/side-channel/-/side-channel-1.1.1.tgz attempt 3 failed with EAI_AGAIN
2916 http fetch GET https://registry.npmjs.org/shebang-regex/-/shebang-regex-3.0.0.tgz attempt 3 failed with EAI_AGAIN
2917 http fetch GET https://registry.npmjs.org/shebang-command/-/shebang-command-2.0.0.tgz attempt 3 failed with EAI_AGAIN
2918 http fetch GET https://registry.npmjs.org/shadcn/-/shadcn-4.13.0.tgz attempt 3 failed with EAI_AGAIN
2919 http fetch GET https://registry.npmjs.org/setprototypeof/-/setprototypeof-1.2.0.tgz attempt 3 failed with EAI_AGAIN
2920 http fetch GET https://registry.npmjs.org/serve-static/-/serve-static-2.2.1.tgz attempt 3 failed with EAI_AGAIN
2921 http fetch GET https://registry.npmjs.org/send/-/send-1.2.1.tgz attempt 3 failed with EAI_AGAIN
2922 http fetch GET https://registry.npmjs.org/semver/-/semver-6.3.1.tgz attempt 3 failed with EAI_AGAIN
2923 http fetch GET https://registry.npmjs.org/secure-json-parse/-/secure-json-parse-4.1.0.tgz attempt 3 failed with EAI_AGAIN
2924 http fetch GET https://registry.npmjs.org/scrollparent/-/scrollparent-2.1.0.tgz attempt 3 failed with EAI_AGAIN
2925 http fetch GET https://registry.npmjs.org/scroll/-/scroll-3.0.1.tgz attempt 3 failed with EAI_AGAIN
2926 http fetch GET https://registry.npmjs.org/scheduler/-/scheduler-0.23.2.tgz attempt 3 failed with EAI_AGAIN
2927 http fetch GET https://registry.npmjs.org/saxes/-/saxes-6.0.0.tgz attempt 3 failed with EAI_AGAIN
2928 http fetch GET https://registry.npmjs.org/safer-buffer/-/safer-buffer-2.1.2.tgz attempt 3 failed with EAI_AGAIN
2929 http fetch GET https://registry.npmjs.org/safe-content-frame/-/safe-content-frame-0.0.27.tgz attempt 3 failed with EAI_AGAIN
2930 http fetch GET https://registry.npmjs.org/run-parallel/-/run-parallel-1.2.0.tgz attempt 3 failed with EAI_AGAIN
2931 http fetch GET https://registry.npmjs.org/run-applescript/-/run-applescript-7.1.0.tgz attempt 3 failed with EAI_AGAIN
2932 http fetch GET https://registry.npmjs.org/rrweb-cssom/-/rrweb-cssom-0.8.0.tgz attempt 3 failed with EAI_AGAIN
2933 http fetch GET https://registry.npmjs.org/router/-/router-2.2.0.tgz attempt 3 failed with EAI_AGAIN
2934 http fetch GET https://registry.npmjs.org/rollup/-/rollup-4.62.2.tgz attempt 3 failed with EAI_AGAIN
2935 http fetch GET https://registry.npmjs.org/reusify/-/reusify-1.1.0.tgz attempt 3 failed with EAI_AGAIN
2936 http fetch GET https://registry.npmjs.org/restore-cursor/-/restore-cursor-5.1.0.tgz attempt 3 failed with EAI_AGAIN
2937 http fetch GET https://registry.npmjs.org/resolve-from/-/resolve-from-4.0.0.tgz attempt 3 failed with EAI_AGAIN
2938 http fetch GET https://registry.npmjs.org/reselect/-/reselect-5.2.0.tgz attempt 3 failed with EAI_AGAIN
2939 http fetch GET https://registry.npmjs.org/require-from-string/-/require-from-string-2.0.2.tgz attempt 3 failed with EAI_AGAIN
2940 http fetch GET https://registry.npmjs.org/remark-stringify/-/remark-stringify-11.0.0.tgz attempt 3 failed with EAI_AGAIN
2941 http fetch GET https://registry.npmjs.org/remark-rehype/-/remark-rehype-11.1.2.tgz attempt 3 failed with EAI_AGAIN
2942 http fetch GET https://registry.npmjs.org/remark-parse/-/remark-parse-11.0.0.tgz attempt 3 failed with EAI_AGAIN
2943 http fetch GET https://registry.npmjs.org/remark-gfm/-/remark-gfm-4.0.1.tgz attempt 3 failed with EAI_AGAIN
2944 http fetch GET https://registry.npmjs.org/redux-thunk/-/redux-thunk-3.1.0.tgz attempt 3 failed with EAI_AGAIN
2945 http fetch GET https://registry.npmjs.org/redux/-/redux-5.0.1.tgz attempt 3 failed with EAI_AGAIN
2946 http fetch GET https://registry.npmjs.org/recharts/-/recharts-3.8.0.tgz attempt 3 failed with EAI_AGAIN
2947 http fetch GET https://registry.npmjs.org/recast/-/recast-0.23.12.tgz attempt 3 failed with EAI_AGAIN
2948 http fetch GET https://registry.npmjs.org/react-textarea-autosize/-/react-textarea-autosize-8.5.9.tgz attempt 3 failed with EAI_AGAIN
2949 http fetch GET https://registry.npmjs.org/react-style-singleton/-/react-style-singleton-2.2.3.tgz attempt 3 failed with EAI_AGAIN
2950 http fetch GET https://registry.npmjs.org/react-remove-scroll-bar/-/react-remove-scroll-bar-2.3.8.tgz attempt 3 failed with EAI_AGAIN
2951 http fetch GET https://registry.npmjs.org/react-remove-scroll/-/react-remove-scroll-2.7.2.tgz attempt 3 failed with EAI_AGAIN
2952 http fetch GET https://registry.npmjs.org/react-refresh/-/react-refresh-0.17.0.tgz attempt 3 failed with EAI_AGAIN
2953 http fetch GET https://registry.npmjs.org/react-redux/-/react-redux-9.3.0.tgz attempt 3 failed with EAI_AGAIN
2954 http fetch GET https://registry.npmjs.org/react-markdown/-/react-markdown-10.1.0.tgz attempt 3 failed with EAI_AGAIN
2955 http fetch GET https://registry.npmjs.org/react-joyride/-/react-joyride-3.2.0.tgz attempt 3 failed with EAI_AGAIN
2956 http fetch GET https://registry.npmjs.org/react-is/-/react-is-19.2.7.tgz attempt 3 failed with EAI_AGAIN
2957 http fetch GET https://registry.npmjs.org/react-innertext/-/react-innertext-1.1.5.tgz attempt 3 failed with EAI_AGAIN
2958 http fetch GET https://registry.npmjs.org/react-dom/-/react-dom-18.3.1.tgz attempt 3 failed with EAI_AGAIN
2959 http fetch GET https://registry.npmjs.org/react/-/react-18.3.1.tgz attempt 3 failed with EAI_AGAIN
2960 http fetch GET https://registry.npmjs.org/raw-body/-/raw-body-3.0.2.tgz attempt 3 failed with EAI_AGAIN
2961 http fetch GET https://registry.npmjs.org/range-parser/-/range-parser-1.3.0.tgz attempt 3 failed with EAI_AGAIN
2962 http fetch GET https://registry.npmjs.org/radix-ui/-/radix-ui-1.6.7.tgz attempt 3 failed with EAI_AGAIN
2963 http fetch GET https://registry.npmjs.org/queue-microtask/-/queue-microtask-1.2.3.tgz attempt 3 failed with EAI_AGAIN
2964 http fetch GET https://registry.npmjs.org/qs/-/qs-6.15.3.tgz attempt 3 failed with EAI_AGAIN
2965 http fetch GET https://registry.npmjs.org/punycode/-/punycode-2.3.1.tgz attempt 3 failed with EAI_AGAIN
2966 http fetch GET https://registry.npmjs.org/proxy-addr/-/proxy-addr-2.0.7.tgz attempt 3 failed with EAI_AGAIN
2967 http fetch GET https://registry.npmjs.org/property-information/-/property-information-7.2.0.tgz attempt 3 failed with EAI_AGAIN
2968 http fetch GET https://registry.npmjs.org/prompts/-/prompts-2.4.2.tgz attempt 3 failed with EAI_AGAIN
2969 http fetch GET https://registry.npmjs.org/pretty-ms/-/pretty-ms-9.3.0.tgz attempt 3 failed with EAI_AGAIN
2970 http fetch GET https://registry.npmjs.org/powershell-utils/-/powershell-utils-0.1.0.tgz attempt 3 failed with EAI_AGAIN
2971 http fetch GET https://registry.npmjs.org/postcss-selector-parser/-/postcss-selector-parser-7.1.4.tgz attempt 3 failed with EAI_AGAIN
2972 http fetch GET https://registry.npmjs.org/postcss/-/postcss-8.5.16.tgz attempt 3 failed with EAI_AGAIN
2973 http fetch GET https://registry.npmjs.org/playwright-core/-/playwright-core-1.61.1.tgz attempt 3 failed with EAI_AGAIN
2974 http fetch GET https://registry.npmjs.org/playwright/-/playwright-1.61.1.tgz attempt 3 failed with EAI_AGAIN
2975 http fetch GET https://registry.npmjs.org/pkg-up/-/pkg-up-3.1.0.tgz attempt 3 failed with EAI_AGAIN
2976 http fetch GET https://registry.npmjs.org/pkce-challenge/-/pkce-challenge-5.0.1.tgz attempt 3 failed with EAI_AGAIN
2977 http fetch GET https://registry.npmjs.org/picomatch/-/picomatch-4.0.5.tgz attempt 3 failed with EAI_AGAIN
2978 http fetch GET https://registry.npmjs.org/picocolors/-/picocolors-1.1.1.tgz attempt 3 failed with EAI_AGAIN
2979 http fetch GET https://registry.npmjs.org/pathval/-/pathval-2.0.1.tgz attempt 3 failed with EAI_AGAIN
2980 http fetch GET https://registry.npmjs.org/pathe/-/pathe-2.0.3.tgz attempt 3 failed with EAI_AGAIN
2981 http fetch GET https://registry.npmjs.org/path-to-regexp/-/path-to-regexp-8.4.2.tgz attempt 3 failed with EAI_AGAIN
2982 http fetch GET https://registry.npmjs.org/path-key/-/path-key-3.1.1.tgz attempt 3 failed with EAI_AGAIN
2983 http fetch GET https://registry.npmjs.org/path-exists/-/path-exists-3.0.0.tgz attempt 3 failed with EAI_AGAIN
2984 http fetch GET https://registry.npmjs.org/path-browserify/-/path-browserify-1.0.1.tgz attempt 3 failed with EAI_AGAIN
2985 http fetch GET https://registry.npmjs.org/parseurl/-/parseurl-1.3.3.tgz attempt 3 failed with EAI_AGAIN
2986 http fetch GET https://registry.npmjs.org/parse5/-/parse5-8.0.1.tgz attempt 3 failed with EAI_AGAIN
2987 http fetch GET https://registry.npmjs.org/parse-ms/-/parse-ms-4.0.0.tgz attempt 3 failed with EAI_AGAIN
2988 http fetch GET https://registry.npmjs.org/parse-json/-/parse-json-5.2.0.tgz attempt 3 failed with EAI_AGAIN
2989 http fetch GET https://registry.npmjs.org/parse-entities/-/parse-entities-4.0.2.tgz attempt 3 failed with EAI_AGAIN
2990 http fetch GET https://registry.npmjs.org/parent-module/-/parent-module-1.0.1.tgz attempt 3 failed with EAI_AGAIN
2991 http fetch GET https://registry.npmjs.org/p-try/-/p-try-2.2.0.tgz attempt 3 failed with EAI_AGAIN
2992 http fetch GET https://registry.npmjs.org/p-locate/-/p-locate-3.0.0.tgz attempt 3 failed with EAI_AGAIN
2993 http fetch GET https://registry.npmjs.org/p-limit/-/p-limit-2.3.0.tgz attempt 3 failed with EAI_AGAIN
2994 http fetch GET https://registry.npmjs.org/ora/-/ora-8.2.0.tgz attempt 3 failed with EAI_AGAIN
2995 http fetch GET https://registry.npmjs.org/open/-/open-11.0.0.tgz attempt 3 failed with EAI_AGAIN
2996 http fetch GET https://registry.npmjs.org/onetime/-/onetime-5.1.2.tgz attempt 3 failed with EAI_AGAIN
2997 http fetch GET https://registry.npmjs.org/once/-/once-1.4.0.tgz attempt 3 failed with EAI_AGAIN
2998 http fetch GET https://registry.npmjs.org/object-treeify/-/object-treeify-1.1.33.tgz attempt 3 failed with EAI_AGAIN
2999 http fetch GET https://registry.npmjs.org/on-finished/-/on-finished-2.4.1.tgz attempt 3 failed with EAI_AGAIN
3000 http fetch GET https://registry.npmjs.org/object-inspect/-/object-inspect-1.13.4.tgz attempt 3 failed with EAI_AGAIN
3001 http fetch GET https://registry.npmjs.org/object-assign/-/object-assign-4.1.1.tgz attempt 3 failed with EAI_AGAIN
3002 http fetch GET https://registry.npmjs.org/npm-run-path/-/npm-run-path-6.0.0.tgz attempt 3 failed with EAI_AGAIN
3003 http fetch GET https://registry.npmjs.org/node-releases/-/node-releases-2.0.51.tgz attempt 3 failed with EAI_AGAIN
3004 http fetch GET https://registry.npmjs.org/next-themes/-/next-themes-0.4.6.tgz attempt 3 failed with EAI_AGAIN
3005 http fetch GET https://registry.npmjs.org/negotiator/-/negotiator-1.0.0.tgz attempt 3 failed with EAI_AGAIN
3006 http fetch GET https://registry.npmjs.org/nanoid/-/nanoid-3.3.15.tgz attempt 3 failed with EAI_AGAIN
3007 http fetch GET https://registry.npmjs.org/ms/-/ms-2.1.3.tgz attempt 3 failed with EAI_AGAIN
3008 http fetch GET https://registry.npmjs.org/minimist/-/minimist-1.2.8.tgz attempt 3 failed with EAI_AGAIN
3009 http fetch GET https://registry.npmjs.org/minimatch/-/minimatch-10.2.5.tgz attempt 3 failed with EAI_AGAIN
3010 http fetch GET https://registry.npmjs.org/mimic-function/-/mimic-function-5.0.1.tgz attempt 3 failed with EAI_AGAIN
3011 http fetch GET https://registry.npmjs.org/mime-types/-/mime-types-3.0.2.tgz attempt 3 failed with EAI_AGAIN
3012 http fetch GET https://registry.npmjs.org/mime-db/-/mime-db-1.54.0.tgz attempt 3 failed with EAI_AGAIN
3013 http fetch GET https://registry.npmjs.org/mimic-fn/-/mimic-fn-3.1.0.tgz attempt 3 failed with EAI_AGAIN
3014 http fetch GET https://registry.npmjs.org/micromark-util-types/-/micromark-util-types-2.0.2.tgz attempt 3 failed with EAI_AGAIN
3015 http fetch GET https://registry.npmjs.org/micromark-util-symbol/-/micromark-util-symbol-2.0.1.tgz attempt 3 failed with EAI_AGAIN
3016 http fetch GET https://registry.npmjs.org/micromatch/-/micromatch-4.0.8.tgz attempt 3 failed with EAI_AGAIN
3017 http fetch GET https://registry.npmjs.org/micromark-util-subtokenize/-/micromark-util-subtokenize-2.1.0.tgz attempt 3 failed with EAI_AGAIN
3018 http fetch GET https://registry.npmjs.org/micromark-util-sanitize-uri/-/micromark-util-sanitize-uri-2.0.1.tgz attempt 3 failed with EAI_AGAIN
3019 http fetch GET https://registry.npmjs.org/micromark-util-resolve-all/-/micromark-util-resolve-all-2.0.1.tgz attempt 3 failed with EAI_AGAIN
3020 http fetch GET https://registry.npmjs.org/micromark-util-normalize-identifier/-/micromark-util-normalize-identifier-2.0.1.tgz attempt 3 failed with EAI_AGAIN
3021 http fetch GET https://registry.npmjs.org/micromark-util-html-tag-name/-/micromark-util-html-tag-name-2.0.1.tgz attempt 3 failed with EAI_AGAIN
3022 http fetch GET https://registry.npmjs.org/micromark-util-encode/-/micromark-util-encode-2.0.1.tgz attempt 3 failed with EAI_AGAIN
3023 http fetch GET https://registry.npmjs.org/micromark-util-decode-string/-/micromark-util-decode-string-2.0.1.tgz attempt 3 failed with EAI_AGAIN
3024 http fetch GET https://registry.npmjs.org/micromark-util-decode-numeric-character-reference/-/micromark-util-decode-numeric-character-reference-2.0.2.tgz attempt 3 failed with EAI_AGAIN
3025 http fetch GET https://registry.npmjs.org/micromark-util-combine-extensions/-/micromark-util-combine-extensions-2.0.1.tgz attempt 3 failed with EAI_AGAIN
3026 http fetch GET https://registry.npmjs.org/micromark-util-classify-character/-/micromark-util-classify-character-2.0.1.tgz attempt 3 failed with EAI_AGAIN
3027 http fetch GET https://registry.npmjs.org/micromark-util-chunked/-/micromark-util-chunked-2.0.1.tgz attempt 3 failed with EAI_AGAIN
3028 http fetch GET https://registry.npmjs.org/micromark-util-character/-/micromark-util-character-2.1.1.tgz attempt 3 failed with EAI_AGAIN
3029 http fetch GET https://registry.npmjs.org/micromark-factory-whitespace/-/micromark-factory-whitespace-2.0.1.tgz attempt 3 failed with EAI_AGAIN
3030 http fetch GET https://registry.npmjs.org/micromark-factory-title/-/micromark-factory-title-2.0.1.tgz attempt 3 failed with EAI_AGAIN
3031 http fetch GET https://registry.npmjs.org/micromark-factory-space/-/micromark-factory-space-2.0.1.tgz attempt 3 failed with EAI_AGAIN
3032 http fetch GET https://registry.npmjs.org/micromark-factory-label/-/micromark-factory-label-2.0.1.tgz attempt 3 failed with EAI_AGAIN
3033 http fetch GET https://registry.npmjs.org/micromark-factory-destination/-/micromark-factory-destination-2.0.1.tgz attempt 3 failed with EAI_AGAIN
3034 http fetch GET https://registry.npmjs.org/micromark-extension-gfm-task-list-item/-/micromark-extension-gfm-task-list-item-2.1.0.tgz attempt 3 failed with EAI_AGAIN
3035 http fetch GET https://registry.npmjs.org/micromark-extension-gfm-tagfilter/-/micromark-extension-gfm-tagfilter-2.0.0.tgz attempt 3 failed with EAI_AGAIN
3036 http fetch GET https://registry.npmjs.org/micromark-extension-gfm-table/-/micromark-extension-gfm-table-2.1.1.tgz attempt 3 failed with EAI_AGAIN
3037 http fetch GET https://registry.npmjs.org/micromark-extension-gfm-strikethrough/-/micromark-extension-gfm-strikethrough-2.1.0.tgz attempt 3 failed with EAI_AGAIN
3038 http fetch GET https://registry.npmjs.org/micromark-extension-gfm-footnote/-/micromark-extension-gfm-footnote-2.1.0.tgz attempt 3 failed with EAI_AGAIN
3039 http fetch GET https://registry.npmjs.org/micromark-extension-gfm-autolink-literal/-/micromark-extension-gfm-autolink-literal-2.1.0.tgz attempt 3 failed with EAI_AGAIN
3040 http fetch GET https://registry.npmjs.org/micromark-core-commonmark/-/micromark-core-commonmark-2.0.3.tgz attempt 3 failed with EAI_AGAIN
3041 http fetch GET https://registry.npmjs.org/micromark-extension-gfm/-/micromark-extension-gfm-3.0.0.tgz attempt 3 failed with EAI_AGAIN
3042 http fetch GET https://registry.npmjs.org/micromark/-/micromark-4.0.2.tgz attempt 3 failed with EAI_AGAIN
3043 http fetch GET https://registry.npmjs.org/merge2/-/merge2-1.4.1.tgz attempt 3 failed with EAI_AGAIN
3044 http fetch GET https://registry.npmjs.org/merge-stream/-/merge-stream-2.0.0.tgz attempt 3 failed with EAI_AGAIN
3045 http fetch GET https://registry.npmjs.org/merge-descriptors/-/merge-descriptors-2.0.0.tgz attempt 3 failed with EAI_AGAIN
3046 http fetch GET https://registry.npmjs.org/media-typer/-/media-typer-1.1.0.tgz attempt 3 failed with EAI_AGAIN
3047 http fetch GET https://registry.npmjs.org/mdn-data/-/mdn-data-2.27.1.tgz attempt 3 failed with EAI_AGAIN
3048 http fetch GET https://registry.npmjs.org/mdast-util-to-string/-/mdast-util-to-string-4.0.0.tgz attempt 3 failed with EAI_AGAIN
3049 http fetch GET https://registry.npmjs.org/mdast-util-to-markdown/-/mdast-util-to-markdown-2.1.2.tgz attempt 3 failed with EAI_AGAIN
3050 http fetch GET https://registry.npmjs.org/mdast-util-to-hast/-/mdast-util-to-hast-13.2.1.tgz attempt 3 failed with EAI_AGAIN
3051 http fetch GET https://registry.npmjs.org/mdast-util-phrasing/-/mdast-util-phrasing-4.1.0.tgz attempt 3 failed with EAI_AGAIN
3052 http fetch GET https://registry.npmjs.org/mdast-util-mdxjs-esm/-/mdast-util-mdxjs-esm-2.0.1.tgz attempt 3 failed with EAI_AGAIN
3053 http fetch GET https://registry.npmjs.org/mdast-util-mdx-jsx/-/mdast-util-mdx-jsx-3.2.0.tgz attempt 3 failed with EAI_AGAIN
3054 http fetch GET https://registry.npmjs.org/mdast-util-mdx-expression/-/mdast-util-mdx-expression-2.0.1.tgz attempt 3 failed with EAI_AGAIN
3055 http fetch GET https://registry.npmjs.org/mdast-util-gfm-task-list-item/-/mdast-util-gfm-task-list-item-2.0.0.tgz attempt 3 failed with EAI_AGAIN
3056 http fetch GET https://registry.npmjs.org/mdast-util-gfm-table/-/mdast-util-gfm-table-2.0.0.tgz attempt 3 failed with EAI_AGAIN
3057 http fetch GET https://registry.npmjs.org/mdast-util-gfm-strikethrough/-/mdast-util-gfm-strikethrough-2.0.0.tgz attempt 3 failed with EAI_AGAIN
3058 http fetch GET https://registry.npmjs.org/mdast-util-gfm-footnote/-/mdast-util-gfm-footnote-2.1.0.tgz attempt 3 failed with EAI_AGAIN
3059 http fetch GET https://registry.npmjs.org/mdast-util-gfm-autolink-literal/-/mdast-util-gfm-autolink-literal-2.0.1.tgz attempt 3 failed with EAI_AGAIN
3060 http fetch GET https://registry.npmjs.org/mdast-util-gfm/-/mdast-util-gfm-3.1.0.tgz attempt 3 failed with EAI_AGAIN
3061 http fetch GET https://registry.npmjs.org/mdast-util-from-markdown/-/mdast-util-from-markdown-2.0.3.tgz attempt 3 failed with EAI_AGAIN
3062 http fetch GET https://registry.npmjs.org/mdast-util-find-and-replace/-/mdast-util-find-and-replace-3.0.2.tgz attempt 3 failed with EAI_AGAIN
3063 http fetch GET https://registry.npmjs.org/math-intrinsics/-/math-intrinsics-1.1.0.tgz attempt 3 failed with EAI_AGAIN
3064 http fetch GET https://registry.npmjs.org/markdown-table/-/markdown-table-3.0.4.tgz attempt 3 failed with EAI_AGAIN
3065 http fetch GET https://registry.npmjs.org/magic-string/-/magic-string-0.30.21.tgz attempt 3 failed with EAI_AGAIN
3066 http fetch GET https://registry.npmjs.org/lucide-react/-/lucide-react-1.24.0.tgz attempt 3 failed with EAI_AGAIN
3067 http fetch GET https://registry.npmjs.org/lru-cache/-/lru-cache-5.1.1.tgz attempt 3 failed with EAI_AGAIN
3068 http fetch GET https://registry.npmjs.org/loupe/-/loupe-3.2.1.tgz attempt 3 failed with EAI_AGAIN
3069 http fetch GET https://registry.npmjs.org/loose-envify/-/loose-envify-1.4.0.tgz attempt 3 failed with EAI_AGAIN
3070 http fetch GET https://registry.npmjs.org/longest-streak/-/longest-streak-3.1.0.tgz attempt 3 failed with EAI_AGAIN
3071 http fetch GET https://registry.npmjs.org/log-symbols/-/log-symbols-6.0.0.tgz attempt 3 failed with EAI_AGAIN
3072 http fetch GET https://registry.npmjs.org/locate-path/-/locate-path-3.0.0.tgz attempt 3 failed with EAI_AGAIN
3073 http fetch GET https://registry.npmjs.org/lines-and-columns/-/lines-and-columns-1.2.4.tgz attempt 3 failed with EAI_AGAIN
3074 http fetch GET https://registry.npmjs.org/lightningcss-linux-x64-musl/-/lightningcss-linux-x64-musl-1.32.0.tgz attempt 3 failed with EAI_AGAIN
3075 verbose reify failed optional dependency /home/enamakel/work/workflow-opencompany/opencompany/worktrees/issue-1317/frontend/node_modules/lightningcss-linux-x64-musl
3076 silly reify mark deleted [
3076 silly reify   '/home/enamakel/work/workflow-opencompany/opencompany/worktrees/issue-1317/frontend/node_modules/lightningcss-linux-x64-musl'
3076 silly reify ]
3077 http fetch GET https://registry.npmjs.org/lightningcss-linux-x64-gnu/-/lightningcss-linux-x64-gnu-1.32.0.tgz attempt 3 failed with EAI_AGAIN
3078 verbose reify failed optional dependency /home/enamakel/work/workflow-opencompany/opencompany/worktrees/issue-1317/frontend/node_modules/lightningcss-linux-x64-gnu
3079 silly reify mark deleted [
3079 silly reify   '/home/enamakel/work/workflow-opencompany/opencompany/worktrees/issue-1317/frontend/node_modules/lightningcss-linux-x64-gnu'
3079 silly reify ]
3080 http fetch GET https://registry.npmjs.org/lightningcss/-/lightningcss-1.32.0.tgz attempt 3 failed with EAI_AGAIN
3081 http fetch GET https://registry.npmjs.org/kleur/-/kleur-4.1.5.tgz attempt 3 failed with EAI_AGAIN
3082 http fetch GET https://registry.npmjs.org/jsonfile/-/jsonfile-6.2.1.tgz attempt 3 failed with EAI_AGAIN
3083 http fetch GET https://registry.npmjs.org/json5/-/json5-2.2.3.tgz attempt 3 failed with EAI_AGAIN
3084 http fetch GET https://registry.npmjs.org/json-schema-typed/-/json-schema-typed-8.0.2.tgz attempt 3 failed with EAI_AGAIN
3085 http fetch GET https://registry.npmjs.org/json-parse-even-better-errors/-/json-parse-even-better-errors-2.3.1.tgz attempt 3 failed with EAI_AGAIN
3086 http fetch GET https://registry.npmjs.org/json-schema-traverse/-/json-schema-traverse-1.0.0.tgz attempt 3 failed with EAI_AGAIN
3087 http fetch GET https://registry.npmjs.org/jsesc/-/jsesc-3.1.0.tgz attempt 3 failed with EAI_AGAIN
3088 http fetch GET https://registry.npmjs.org/jsdom/-/jsdom-27.0.1.tgz attempt 3 failed with EAI_AGAIN
3089 http fetch GET https://registry.npmjs.org/js-yaml/-/js-yaml-4.3.0.tgz attempt 3 failed with EAI_AGAIN
3090 http fetch GET https://registry.npmjs.org/js-tokens/-/js-tokens-4.0.0.tgz attempt 3 failed with EAI_AGAIN
3091 http fetch GET https://registry.npmjs.org/jiti/-/jiti-2.7.0.tgz attempt 3 failed with EAI_AGAIN
3092 http fetch GET https://registry.npmjs.org/jose/-/jose-6.2.3.tgz attempt 3 failed with EAI_AGAIN
3093 http fetch GET https://registry.npmjs.org/isexe/-/isexe-3.1.5.tgz attempt 3 failed with EAI_AGAIN
3094 http fetch GET https://registry.npmjs.org/is-wsl/-/is-wsl-3.1.1.tgz attempt 3 failed with EAI_AGAIN
3095 http fetch GET https://registry.npmjs.org/is-unicode-supported/-/is-unicode-supported-2.1.0.tgz attempt 3 failed with EAI_AGAIN
3096 http fetch GET https://registry.npmjs.org/is-stream/-/is-stream-4.0.1.tgz attempt 3 failed with EAI_AGAIN
3097 http fetch GET https://registry.npmjs.org/is-regexp/-/is-regexp-3.1.0.tgz attempt 3 failed with EAI_AGAIN
3098 http fetch GET https://registry.npmjs.org/is-promise/-/is-promise-4.0.0.tgz attempt 3 failed with EAI_AGAIN
3099 http fetch GET https://registry.npmjs.org/is-potential-custom-element-name/-/is-potential-custom-element-name-1.0.1.tgz attempt 3 failed with EAI_AGAIN
3100 http fetch GET https://registry.npmjs.org/is-plain-obj/-/is-plain-obj-4.1.0.tgz attempt 3 failed with EAI_AGAIN
3101 http fetch GET https://registry.npmjs.org/is-obj/-/is-obj-2.0.0.tgz attempt 3 failed with EAI_AGAIN
3102 http fetch GET https://registry.npmjs.org/is-number/-/is-number-7.0.0.tgz attempt 3 failed with EAI_AGAIN
3103 http fetch GET https://registry.npmjs.org/is-lite/-/is-lite-2.0.0.tgz attempt 3 failed with EAI_AGAIN
3104 http fetch GET https://registry.npmjs.org/is-interactive/-/is-interactive-2.0.0.tgz attempt 3 failed with EAI_AGAIN
3105 http fetch GET https://registry.npmjs.org/is-inside-container/-/is-inside-container-1.0.0.tgz attempt 3 failed with EAI_AGAIN
3106 http fetch GET https://registry.npmjs.org/is-in-ssh/-/is-in-ssh-1.0.0.tgz attempt 3 failed with EAI_AGAIN
3107 http fetch GET https://registry.npmjs.org/is-hexadecimal/-/is-hexadecimal-2.0.1.tgz attempt 3 failed with EAI_AGAIN
3108 http fetch GET https://registry.npmjs.org/is-extglob/-/is-extglob-2.1.1.tgz attempt 3 failed with EAI_AGAIN
3109 http fetch GET https://registry.npmjs.org/is-glob/-/is-glob-4.0.3.tgz attempt 3 failed with EAI_AGAIN
3110 http fetch GET https://registry.npmjs.org/is-docker/-/is-docker-3.0.0.tgz attempt 3 failed with EAI_AGAIN
3111 http fetch GET https://registry.npmjs.org/is-decimal/-/is-decimal-2.0.1.tgz attempt 3 failed with EAI_AGAIN
3112 http fetch GET https://registry.npmjs.org/is-arrayish/-/is-arrayish-0.2.1.tgz attempt 3 failed with EAI_AGAIN
3113 http fetch GET https://registry.npmjs.org/is-alphanumerical/-/is-alphanumerical-2.0.1.tgz attempt 3 failed with EAI_AGAIN
3114 http fetch GET https://registry.npmjs.org/is-alphabetical/-/is-alphabetical-2.0.1.tgz attempt 3 failed with EAI_AGAIN
3115 http fetch GET https://registry.npmjs.org/ipaddr.js/-/ipaddr.js-1.9.1.tgz attempt 3 failed with EAI_AGAIN
3116 http fetch GET https://registry.npmjs.org/ip-address/-/ip-address-10.2.0.tgz attempt 3 failed with EAI_AGAIN
3117 http fetch GET https://registry.npmjs.org/internmap/-/internmap-2.0.3.tgz attempt 3 failed with EAI_AGAIN
3118 http fetch GET https://registry.npmjs.org/inherits/-/inherits-2.0.4.tgz attempt 3 failed with EAI_AGAIN
3119 http fetch GET https://registry.npmjs.org/inline-style-parser/-/inline-style-parser-0.2.7.tgz attempt 3 failed with EAI_AGAIN
3120 http fetch GET https://registry.npmjs.org/import-fresh/-/import-fresh-3.3.1.tgz attempt 3 failed with EAI_AGAIN
3121 http fetch GET https://registry.npmjs.org/immer/-/immer-10.2.0.tgz attempt 3 failed with EAI_AGAIN
3122 http fetch GET https://registry.npmjs.org/ignore/-/ignore-5.3.2.tgz attempt 3 failed with EAI_AGAIN
3123 http fetch GET https://registry.npmjs.org/iconv-lite/-/iconv-lite-0.7.3.tgz attempt 3 failed with EAI_AGAIN
3124 http fetch GET https://registry.npmjs.org/human-signals/-/human-signals-8.0.1.tgz attempt 3 failed with EAI_AGAIN
3125 http fetch GET https://registry.npmjs.org/https-proxy-agent/-/https-proxy-agent-7.0.6.tgz attempt 3 failed with EAI_AGAIN
3126 http fetch GET https://registry.npmjs.org/http-proxy-agent/-/http-proxy-agent-7.0.2.tgz attempt 3 failed with EAI_AGAIN
3127 http fetch GET https://registry.npmjs.org/http-errors/-/http-errors-2.0.1.tgz attempt 3 failed with EAI_AGAIN
3128 http fetch GET https://registry.npmjs.org/html-url-attributes/-/html-url-attributes-3.0.1.tgz attempt 3 failed with EAI_AGAIN
3129 http fetch GET https://registry.npmjs.org/html-encoding-sniffer/-/html-encoding-sniffer-4.0.0.tgz attempt 3 failed with EAI_AGAIN
3130 http fetch GET https://registry.npmjs.org/hono/-/hono-4.12.30.tgz attempt 3 failed with EAI_AGAIN
3131 http fetch GET https://registry.npmjs.org/hast-util-whitespace/-/hast-util-whitespace-3.0.0.tgz attempt 3 failed with EAI_AGAIN
3132 http fetch GET https://registry.npmjs.org/hast-util-to-jsx-runtime/-/hast-util-to-jsx-runtime-2.3.6.tgz attempt 3 failed with EAI_AGAIN
3133 http fetch GET https://registry.npmjs.org/hasown/-/hasown-2.0.4.tgz attempt 3 failed with EAI_AGAIN
3134 http fetch GET https://registry.npmjs.org/has-symbols/-/has-symbols-1.1.0.tgz attempt 3 failed with EAI_AGAIN
3135 http fetch GET https://registry.npmjs.org/graceful-fs/-/graceful-fs-4.2.11.tgz attempt 3 failed with EAI_AGAIN
3136 http fetch GET https://registry.npmjs.org/gopd/-/gopd-1.2.0.tgz attempt 3 failed with EAI_AGAIN
3137 http fetch GET https://registry.npmjs.org/glob-parent/-/glob-parent-5.1.2.tgz attempt 3 failed with EAI_AGAIN
3138 http fetch GET https://registry.npmjs.org/get-stream/-/get-stream-9.0.1.tgz attempt 3 failed with EAI_AGAIN
3139 http fetch GET https://registry.npmjs.org/get-proto/-/get-proto-1.0.1.tgz attempt 3 failed with EAI_AGAIN
3140 http fetch GET https://registry.npmjs.org/get-own-enumerable-keys/-/get-own-enumerable-keys-1.0.0.tgz attempt 3 failed with EAI_AGAIN
3141 http fetch GET https://registry.npmjs.org/get-nonce/-/get-nonce-1.0.1.tgz attempt 3 failed with EAI_AGAIN
3142 http fetch GET https://registry.npmjs.org/get-intrinsic/-/get-intrinsic-1.3.0.tgz attempt 3 failed with EAI_AGAIN
3143 http fetch GET https://registry.npmjs.org/get-east-asian-width/-/get-east-asian-width-1.6.0.tgz attempt 3 failed with EAI_AGAIN
3144 http fetch GET https://registry.npmjs.org/gensync/-/gensync-1.0.0-beta.2.tgz attempt 3 failed with EAI_AGAIN
3145 http fetch GET https://registry.npmjs.org/fuzzysort/-/fuzzysort-3.1.0.tgz attempt 3 failed with EAI_AGAIN
3146 http fetch GET https://registry.npmjs.org/function-bind/-/function-bind-1.1.2.tgz attempt 3 failed with EAI_AGAIN
3147 http fetch GET https://registry.npmjs.org/fresh/-/fresh-2.0.0.tgz attempt 3 failed with EAI_AGAIN
3148 http fetch GET https://registry.npmjs.org/fs-extra/-/fs-extra-11.3.6.tgz attempt 3 failed with EAI_AGAIN
3149 http fetch GET https://registry.npmjs.org/forwarded/-/forwarded-0.2.0.tgz attempt 3 failed with EAI_AGAIN
3150 http fetch GET https://registry.npmjs.org/find-up/-/find-up-3.0.0.tgz attempt 3 failed with EAI_AGAIN
3151 http fetch GET https://registry.npmjs.org/finalhandler/-/finalhandler-2.1.1.tgz attempt 3 failed with EAI_AGAIN
3152 http fetch GET https://registry.npmjs.org/fill-range/-/fill-range-7.1.1.tgz attempt 3 failed with EAI_AGAIN
3153 http fetch GET https://registry.npmjs.org/figures/-/figures-6.1.0.tgz attempt 3 failed with EAI_AGAIN
3154 http fetch GET https://registry.npmjs.org/fdir/-/fdir-6.5.0.tgz attempt 3 failed with EAI_AGAIN
3155 http fetch GET https://registry.npmjs.org/fastq/-/fastq-1.20.1.tgz attempt 3 failed with EAI_AGAIN
3156 http fetch GET https://registry.npmjs.org/fast-uri/-/fast-uri-3.1.3.tgz attempt 3 failed with EAI_AGAIN
3157 http fetch GET https://registry.npmjs.org/fast-glob/-/fast-glob-3.3.3.tgz attempt 3 failed with EAI_AGAIN
3158 http fetch GET https://registry.npmjs.org/fast-deep-equal/-/fast-deep-equal-3.1.3.tgz attempt 3 failed with EAI_AGAIN
3159 http fetch GET https://registry.npmjs.org/extend/-/extend-3.0.2.tgz attempt 3 failed with EAI_AGAIN
3160 http fetch GET https://registry.npmjs.org/express/-/express-5.2.1.tgz attempt 3 failed with EAI_AGAIN
3161 http fetch GET https://registry.npmjs.org/expect-type/-/expect-type-1.4.0.tgz attempt 3 failed with EAI_AGAIN
3162 http fetch GET https://registry.npmjs.org/execa/-/execa-9.6.1.tgz attempt 3 failed with EAI_AGAIN
3163 http fetch GET https://registry.npmjs.org/eventsource-parser/-/eventsource-parser-3.1.0.tgz attempt 3 failed with EAI_AGAIN
3164 http fetch GET https://registry.npmjs.org/express-rate-limit/-/express-rate-limit-8.5.2.tgz attempt 3 failed with EAI_AGAIN
3165 http fetch GET https://registry.npmjs.org/eventsource/-/eventsource-3.0.7.tgz attempt 3 failed with EAI_AGAIN
3166 http fetch GET https://registry.npmjs.org/eventemitter3/-/eventemitter3-5.0.4.tgz attempt 3 failed with EAI_AGAIN
3167 http fetch GET https://registry.npmjs.org/estree-walker/-/estree-walker-3.0.3.tgz attempt 3 failed with EAI_AGAIN
3168 http fetch GET https://registry.npmjs.org/etag/-/etag-1.8.1.tgz attempt 3 failed with EAI_AGAIN
3169 http fetch GET https://registry.npmjs.org/estree-util-is-identifier-name/-/estree-util-is-identifier-name-3.0.0.tgz attempt 3 failed with EAI_AGAIN
3170 http fetch GET https://registry.npmjs.org/esprima/-/esprima-4.0.1.tgz attempt 3 failed with EAI_AGAIN
3171 http fetch GET https://registry.npmjs.org/escape-string-regexp/-/escape-string-regexp-5.0.0.tgz attempt 3 failed with EAI_AGAIN
3172 http fetch GET https://registry.npmjs.org/escape-html/-/escape-html-1.0.3.tgz attempt 3 failed with EAI_AGAIN
3173 http fetch GET https://registry.npmjs.org/escalade/-/escalade-3.2.0.tgz attempt 3 failed with EAI_AGAIN
3174 http fetch GET https://registry.npmjs.org/esbuild/-/esbuild-0.21.5.tgz attempt 3 failed with EAI_AGAIN
3175 http fetch GET https://registry.npmjs.org/es-toolkit/-/es-toolkit-1.49.0.tgz attempt 3 failed with EAI_AGAIN
3176 http fetch GET https://registry.npmjs.org/es-object-atoms/-/es-object-atoms-1.1.2.tgz attempt 3 failed with EAI_AGAIN
3177 http fetch GET https://registry.npmjs.org/es-module-lexer/-/es-module-lexer-1.7.0.tgz attempt 3 failed with EAI_AGAIN
3178 http fetch GET https://registry.npmjs.org/es-errors/-/es-errors-1.3.0.tgz attempt 3 failed with EAI_AGAIN
3179 http fetch GET https://registry.npmjs.org/es-define-property/-/es-define-property-1.0.1.tgz attempt 3 failed with EAI_AGAIN
3180 http fetch GET https://registry.npmjs.org/error-ex/-/error-ex-1.3.4.tgz attempt 3 failed with EAI_AGAIN
3181 http fetch GET https://registry.npmjs.org/env-paths/-/env-paths-2.2.1.tgz attempt 3 failed with EAI_AGAIN
3182 http fetch GET https://registry.npmjs.org/entities/-/entities-8.0.0.tgz attempt 3 failed with EAI_AGAIN
3183 http fetch GET https://registry.npmjs.org/enquirer/-/enquirer-2.4.1.tgz attempt 3 failed with EAI_AGAIN
3184 http fetch GET https://registry.npmjs.org/enhanced-resolve/-/enhanced-resolve-5.21.6.tgz attempt 3 failed with EAI_AGAIN
3185 http fetch GET https://registry.npmjs.org/encodeurl/-/encodeurl-2.0.0.tgz attempt 3 failed with EAI_AGAIN
3186 http fetch GET https://registry.npmjs.org/emoji-regex/-/emoji-regex-10.6.0.tgz attempt 3 failed with EAI_AGAIN
3187 http fetch GET https://registry.npmjs.org/electron-to-chromium/-/electron-to-chromium-1.5.389.tgz attempt 3 failed with EAI_AGAIN
3188 http fetch GET https://registry.npmjs.org/ee-first/-/ee-first-1.1.1.tgz attempt 3 failed with EAI_AGAIN
3189 http fetch GET https://registry.npmjs.org/dunder-proto/-/dunder-proto-1.0.1.tgz attempt 3 failed with EAI_AGAIN
3190 http fetch GET https://registry.npmjs.org/dotenv/-/dotenv-17.4.2.tgz attempt 3 failed with EAI_AGAIN
3191 http fetch GET https://registry.npmjs.org/dot-prop/-/dot-prop-6.0.1.tgz attempt 3 failed with EAI_AGAIN
3192 http fetch GET https://registry.npmjs.org/diff/-/diff-8.0.4.tgz attempt 3 failed with EAI_AGAIN
3193 http fetch GET https://registry.npmjs.org/devlop/-/devlop-1.1.0.tgz attempt 3 failed with EAI_AGAIN
3194 http fetch GET https://registry.npmjs.org/detect-node-es/-/detect-node-es-1.1.0.tgz attempt 3 failed with EAI_AGAIN
3195 http fetch GET https://registry.npmjs.org/detect-libc/-/detect-libc-2.1.2.tgz attempt 3 failed with EAI_AGAIN
3196 http fetch GET https://registry.npmjs.org/dequal/-/dequal-2.0.3.tgz attempt 3 failed with EAI_AGAIN
3197 http fetch GET https://registry.npmjs.org/depd/-/depd-2.0.0.tgz attempt 3 failed with EAI_AGAIN
3198 http fetch GET https://registry.npmjs.org/define-lazy-prop/-/define-lazy-prop-3.0.0.tgz attempt 3 failed with EAI_AGAIN
3199 http fetch GET https://registry.npmjs.org/default-browser-id/-/default-browser-id-5.0.1.tgz attempt 3 failed with EAI_AGAIN
3200 http fetch GET https://registry.npmjs.org/default-browser/-/default-browser-5.5.0.tgz attempt 3 failed with EAI_AGAIN
3201 http fetch GET https://registry.npmjs.org/deepmerge/-/deepmerge-4.3.1.tgz attempt 3 failed with EAI_AGAIN
3202 http fetch GET https://registry.npmjs.org/deep-eql/-/deep-eql-5.0.2.tgz attempt 3 failed with EAI_AGAIN
3203 http fetch GET https://registry.npmjs.org/dedent/-/dedent-1.7.2.tgz attempt 3 failed with EAI_AGAIN
3204 http fetch GET https://registry.npmjs.org/decode-named-character-reference/-/decode-named-character-reference-1.3.0.tgz attempt 3 failed with EAI_AGAIN
3205 http fetch GET https://registry.npmjs.org/decimal.js-light/-/decimal.js-light-2.5.1.tgz attempt 3 failed with EAI_AGAIN
3206 http fetch GET https://registry.npmjs.org/decimal.js/-/decimal.js-10.6.0.tgz attempt 3 failed with EAI_AGAIN
3207 http fetch GET https://registry.npmjs.org/debug/-/debug-4.4.3.tgz attempt 3 failed with EAI_AGAIN
3208 http fetch GET https://registry.npmjs.org/debounce-fn/-/debounce-fn-4.0.0.tgz attempt 3 failed with EAI_AGAIN
3209 http fetch GET https://registry.npmjs.org/data-urls/-/data-urls-6.0.1.tgz attempt 3 failed with EAI_AGAIN
3210 http fetch GET https://registry.npmjs.org/d3-zoom/-/d3-zoom-3.0.0.tgz attempt 3 failed with EAI_AGAIN
3211 http fetch GET https://registry.npmjs.org/d3-transition/-/d3-transition-3.0.1.tgz attempt 3 failed with EAI_AGAIN
3212 http fetch GET https://registry.npmjs.org/d3-timer/-/d3-timer-3.0.1.tgz attempt 3 failed with EAI_AGAIN
3213 http fetch GET https://registry.npmjs.org/d3-time-format/-/d3-time-format-4.1.0.tgz attempt 3 failed with EAI_AGAIN
3214 http fetch GET https://registry.npmjs.org/d3-time/-/d3-time-3.1.0.tgz attempt 3 failed with EAI_AGAIN
3215 http fetch GET https://registry.npmjs.org/d3-shape/-/d3-shape-3.2.0.tgz attempt 3 failed with EAI_AGAIN
3216 http fetch GET https://registry.npmjs.org/d3-selection/-/d3-selection-3.0.0.tgz attempt 3 failed with EAI_AGAIN
3217 http fetch GET https://registry.npmjs.org/d3-scale/-/d3-scale-4.0.2.tgz attempt 3 failed with EAI_AGAIN
3218 http fetch GET https://registry.npmjs.org/d3-quadtree/-/d3-quadtree-3.0.1.tgz attempt 3 failed with EAI_AGAIN
3219 http fetch GET https://registry.npmjs.org/d3-path/-/d3-path-3.1.0.tgz attempt 3 failed with EAI_AGAIN
3220 http fetch GET https://registry.npmjs.org/d3-interpolate/-/d3-interpolate-3.0.1.tgz attempt 3 failed with EAI_AGAIN
3221 http fetch GET https://registry.npmjs.org/d3-format/-/d3-format-3.1.2.tgz attempt 3 failed with EAI_AGAIN
3222 http fetch GET https://registry.npmjs.org/d3-force/-/d3-force-3.0.0.tgz attempt 3 failed with EAI_AGAIN
3223 http fetch GET https://registry.npmjs.org/d3-ease/-/d3-ease-3.0.1.tgz attempt 3 failed with EAI_AGAIN
3224 http fetch GET https://registry.npmjs.org/d3-drag/-/d3-drag-3.0.0.tgz attempt 3 failed with EAI_AGAIN
3225 http fetch GET https://registry.npmjs.org/d3-dispatch/-/d3-dispatch-3.0.1.tgz attempt 3 failed with EAI_AGAIN
3226 http fetch GET https://registry.npmjs.org/d3-color/-/d3-color-3.1.0.tgz attempt 3 failed with EAI_AGAIN
3227 http fetch GET https://registry.npmjs.org/d3-array/-/d3-array-3.2.4.tgz attempt 3 failed with EAI_AGAIN
3228 http fetch GET https://registry.npmjs.org/csstype/-/csstype-3.2.3.tgz attempt 3 failed with EAI_AGAIN
3229 http fetch GET https://registry.npmjs.org/cssstyle/-/cssstyle-5.3.7.tgz attempt 3 failed with EAI_AGAIN
3230 http fetch GET https://registry.npmjs.org/cssesc/-/cssesc-3.0.0.tgz attempt 3 failed with EAI_AGAIN
3231 http fetch GET https://registry.npmjs.org/css-tree/-/css-tree-3.2.1.tgz attempt 3 failed with EAI_AGAIN
3232 http fetch GET https://registry.npmjs.org/cross-spawn/-/cross-spawn-7.0.6.tgz attempt 3 failed with EAI_AGAIN
3233 http fetch GET https://registry.npmjs.org/cosmiconfig/-/cosmiconfig-9.0.2.tgz attempt 3 failed with EAI_AGAIN
3234 http fetch GET https://registry.npmjs.org/cors/-/cors-2.8.6.tgz attempt 3 failed with EAI_AGAIN
3235 http fetch GET https://registry.npmjs.org/cookie-signature/-/cookie-signature-1.2.2.tgz attempt 3 failed with EAI_AGAIN
3236 http fetch GET https://registry.npmjs.org/cookie/-/cookie-0.7.2.tgz attempt 3 failed with EAI_AGAIN
3237 http fetch GET https://registry.npmjs.org/convert-source-map/-/convert-source-map-2.0.0.tgz attempt 3 failed with EAI_AGAIN
3238 http fetch GET https://registry.npmjs.org/content-type/-/content-type-1.0.5.tgz attempt 3 failed with EAI_AGAIN
3239 http fetch GET https://registry.npmjs.org/content-disposition/-/content-disposition-1.1.0.tgz attempt 3 failed with EAI_AGAIN
3240 http fetch GET https://registry.npmjs.org/commander/-/commander-14.0.3.tgz attempt 3 failed with EAI_AGAIN
3241 http fetch GET https://registry.npmjs.org/conf/-/conf-10.2.0.tgz attempt 3 failed with EAI_AGAIN
3242 http fetch GET https://registry.npmjs.org/comma-separated-tokens/-/comma-separated-tokens-2.0.3.tgz attempt 3 failed with EAI_AGAIN
3243 http fetch GET https://registry.npmjs.org/code-block-writer/-/code-block-writer-13.0.3.tgz attempt 3 failed with EAI_AGAIN
3244 http fetch GET https://registry.npmjs.org/clsx/-/clsx-2.1.1.tgz attempt 3 failed with EAI_AGAIN
3245 http fetch GET https://registry.npmjs.org/cli-spinners/-/cli-spinners-2.9.2.tgz attempt 3 failed with EAI_AGAIN
3246 http fetch GET https://registry.npmjs.org/cli-cursor/-/cli-cursor-5.0.0.tgz attempt 3 failed with EAI_AGAIN
3247 http fetch GET https://registry.npmjs.org/classcat/-/classcat-5.0.5.tgz attempt 3 failed with EAI_AGAIN
3248 http fetch GET https://registry.npmjs.org/class-variance-authority/-/class-variance-authority-0.7.1.tgz attempt 3 failed with EAI_AGAIN
3249 http fetch GET https://registry.npmjs.org/check-error/-/check-error-2.1.3.tgz attempt 3 failed with EAI_AGAIN
3250 http fetch GET https://registry.npmjs.org/character-reference-invalid/-/character-reference-invalid-2.0.1.tgz attempt 3 failed with EAI_AGAIN
3251 http fetch GET https://registry.npmjs.org/character-entities-html4/-/character-entities-html4-2.1.0.tgz attempt 3 failed with EAI_AGAIN
3252 http fetch GET https://registry.npmjs.org/character-entities-legacy/-/character-entities-legacy-3.0.0.tgz attempt 3 failed with EAI_AGAIN
3253 http fetch GET https://registry.npmjs.org/character-entities/-/character-entities-2.0.2.tgz attempt 3 failed with EAI_AGAIN
3254 http fetch GET https://registry.npmjs.org/chalk/-/chalk-5.6.2.tgz attempt 3 failed with EAI_AGAIN
3255 http fetch GET https://registry.npmjs.org/chai/-/chai-5.3.3.tgz attempt 3 failed with EAI_AGAIN
3256 http fetch GET https://registry.npmjs.org/ccount/-/ccount-2.0.1.tgz attempt 3 failed with EAI_AGAIN
3257 http fetch GET https://registry.npmjs.org/caniuse-lite/-/caniuse-lite-1.0.30001803.tgz attempt 3 failed with EAI_AGAIN
3258 http fetch GET https://registry.npmjs.org/callsites/-/callsites-3.1.0.tgz attempt 3 failed with EAI_AGAIN
3259 http fetch GET https://registry.npmjs.org/call-bound/-/call-bound-1.0.4.tgz attempt 3 failed with EAI_AGAIN
3260 http fetch GET https://registry.npmjs.org/call-bind-apply-helpers/-/call-bind-apply-helpers-1.0.2.tgz attempt 3 failed with EAI_AGAIN
3261 http fetch GET https://registry.npmjs.org/cac/-/cac-6.7.14.tgz attempt 3 failed with EAI_AGAIN
3262 http fetch GET https://registry.npmjs.org/bytes/-/bytes-3.1.2.tgz attempt 3 failed with EAI_AGAIN
3263 http fetch GET https://registry.npmjs.org/bundle-name/-/bundle-name-4.1.0.tgz attempt 3 failed with EAI_AGAIN
3264 http fetch GET https://registry.npmjs.org/browserslist/-/browserslist-4.28.5.tgz attempt 3 failed with EAI_AGAIN
3265 http fetch GET https://registry.npmjs.org/braces/-/braces-3.0.3.tgz attempt 3 failed with EAI_AGAIN
3266 http fetch GET https://registry.npmjs.org/brace-expansion/-/brace-expansion-5.0.7.tgz attempt 3 failed with EAI_AGAIN
3267 http fetch GET https://registry.npmjs.org/body-parser/-/body-parser-2.3.0.tgz attempt 3 failed with EAI_AGAIN
3268 http fetch GET https://registry.npmjs.org/baseline-browser-mapping/-/baseline-browser-mapping-2.10.43.tgz attempt 3 failed with EAI_AGAIN
3269 http fetch GET https://registry.npmjs.org/bidi-js/-/bidi-js-1.0.3.tgz attempt 3 failed with EAI_AGAIN
3270 http fetch GET https://registry.npmjs.org/bail/-/bail-2.0.2.tgz attempt 3 failed with EAI_AGAIN
3271 http fetch GET https://registry.npmjs.org/balanced-match/-/balanced-match-4.0.4.tgz attempt 3 failed with EAI_AGAIN
3272 http fetch GET https://registry.npmjs.org/atomically/-/atomically-1.7.0.tgz attempt 3 failed with EAI_AGAIN
3273 http fetch GET https://registry.npmjs.org/assistant-stream/-/assistant-stream-0.3.39.tgz attempt 3 failed with EAI_AGAIN
3274 http fetch GET https://registry.npmjs.org/ast-types/-/ast-types-0.16.1.tgz attempt 3 failed with EAI_AGAIN
3275 http fetch GET https://registry.npmjs.org/assistant-cloud/-/assistant-cloud-0.1.41.tgz attempt 3 failed with EAI_AGAIN
3276 http fetch GET https://registry.npmjs.org/assertion-error/-/assertion-error-2.0.1.tgz attempt 3 failed with EAI_AGAIN
3277 http fetch GET https://registry.npmjs.org/aria-hidden/-/aria-hidden-1.2.6.tgz attempt 3 failed with EAI_AGAIN
3278 http fetch GET https://registry.npmjs.org/argparse/-/argparse-2.0.1.tgz attempt 3 failed with EAI_AGAIN
3279 http fetch GET https://registry.npmjs.org/ansi-regex/-/ansi-regex-5.0.1.tgz attempt 3 failed with EAI_AGAIN
3280 http fetch GET https://registry.npmjs.org/ansi-colors/-/ansi-colors-4.1.3.tgz attempt 3 failed with EAI_AGAIN
3281 http fetch GET https://registry.npmjs.org/ajv-formats/-/ajv-formats-3.0.1.tgz attempt 3 failed with EAI_AGAIN
3282 http fetch GET https://registry.npmjs.org/ajv/-/ajv-8.20.0.tgz attempt 3 failed with EAI_AGAIN
3283 http fetch GET https://registry.npmjs.org/agent-base/-/agent-base-7.1.4.tgz attempt 3 failed with EAI_AGAIN
3284 http fetch GET https://registry.npmjs.org/accepts/-/accepts-2.0.0.tgz attempt 3 failed with EAI_AGAIN
3285 http fetch GET https://registry.npmjs.org/@xyflow/system/-/system-0.0.79.tgz attempt 3 failed with EAI_AGAIN
3286 http fetch GET https://registry.npmjs.org/@xyflow/react/-/react-12.11.2.tgz attempt 3 failed with EAI_AGAIN
3287 http fetch GET https://registry.npmjs.org/@vitest/utils/-/utils-3.2.7.tgz attempt 3 failed with EAI_AGAIN
3288 http fetch GET https://registry.npmjs.org/@vitest/spy/-/spy-3.2.7.tgz attempt 3 failed with EAI_AGAIN
3289 http fetch GET https://registry.npmjs.org/@vitest/snapshot/-/snapshot-3.2.7.tgz attempt 3 failed with EAI_AGAIN
3290 http fetch GET https://registry.npmjs.org/@vitest/runner/-/runner-3.2.7.tgz attempt 3 failed with EAI_AGAIN
3291 http fetch GET https://registry.npmjs.org/@vitest/pretty-format/-/pretty-format-3.2.7.tgz attempt 3 failed with EAI_AGAIN
3292 http fetch GET https://registry.npmjs.org/@vitest/mocker/-/mocker-3.2.7.tgz attempt 3 failed with EAI_AGAIN
3293 http fetch GET https://registry.npmjs.org/@vitest/expect/-/expect-3.2.7.tgz attempt 3 failed with EAI_AGAIN
3294 http fetch GET https://registry.npmjs.org/@vitejs/plugin-react/-/plugin-react-4.7.0.tgz attempt 3 failed with EAI_AGAIN
3295 http fetch GET https://registry.npmjs.org/@ungap/structured-clone/-/structured-clone-1.3.3.tgz attempt 3 failed with EAI_AGAIN
3296 http fetch GET https://registry.npmjs.org/@types/validate-npm-package-name/-/validate-npm-package-name-4.0.2.tgz attempt 3 failed with EAI_AGAIN
3297 http fetch GET https://registry.npmjs.org/@types/use-sync-external-store/-/use-sync-external-store-0.0.6.tgz attempt 3 failed with EAI_AGAIN
3298 http fetch GET https://registry.npmjs.org/@types/unist/-/unist-3.0.3.tgz attempt 3 failed with EAI_AGAIN
3299 http fetch GET https://registry.npmjs.org/@types/react-dom/-/react-dom-18.3.7.tgz attempt 3 failed with EAI_AGAIN
3300 http fetch GET https://registry.npmjs.org/@types/react/-/react-18.3.31.tgz attempt 3 failed with EAI_AGAIN
3301 http fetch GET https://registry.npmjs.org/@types/prop-types/-/prop-types-15.7.15.tgz attempt 3 failed with EAI_AGAIN
3302 http fetch GET https://registry.npmjs.org/@types/node/-/node-22.20.1.tgz attempt 3 failed with EAI_AGAIN
3303 http fetch GET https://registry.npmjs.org/@types/ms/-/ms-2.1.0.tgz attempt 3 failed with EAI_AGAIN
3304 http fetch GET https://registry.npmjs.org/@types/mdast/-/mdast-4.0.4.tgz attempt 3 failed with EAI_AGAIN
3305 http fetch GET https://registry.npmjs.org/@types/hast/-/hast-3.0.5.tgz attempt 3 failed with EAI_AGAIN
3306 http fetch GET https://registry.npmjs.org/@types/estree-jsx/-/estree-jsx-1.0.5.tgz attempt 3 failed with EAI_AGAIN
3307 http fetch GET https://registry.npmjs.org/@types/estree/-/estree-1.0.9.tgz attempt 3 failed with EAI_AGAIN
3308 http fetch GET https://registry.npmjs.org/@types/deep-eql/-/deep-eql-4.0.2.tgz attempt 3 failed with EAI_AGAIN
3309 http fetch GET https://registry.npmjs.org/@types/debug/-/debug-4.1.13.tgz attempt 3 failed with EAI_AGAIN
3310 http fetch GET https://registry.npmjs.org/@types/d3-zoom/-/d3-zoom-3.0.8.tgz attempt 3 failed with EAI_AGAIN
3311 http fetch GET https://registry.npmjs.org/@types/d3-transition/-/d3-transition-3.0.9.tgz attempt 3 failed with EAI_AGAIN
3312 http fetch GET https://registry.npmjs.org/@types/d3-timer/-/d3-timer-3.0.2.tgz attempt 3 failed with EAI_AGAIN
3313 http fetch GET https://registry.npmjs.org/@types/d3-time/-/d3-time-3.0.4.tgz attempt 3 failed with EAI_AGAIN
3314 http fetch GET https://registry.npmjs.org/@types/d3-shape/-/d3-shape-3.1.8.tgz attempt 3 failed with EAI_AGAIN
3315 http fetch GET https://registry.npmjs.org/@types/d3-selection/-/d3-selection-3.0.11.tgz attempt 3 failed with EAI_AGAIN
3316 http fetch GET https://registry.npmjs.org/@types/d3-scale/-/d3-scale-4.0.9.tgz attempt 3 failed with EAI_AGAIN
3317 http fetch GET https://registry.npmjs.org/@types/d3-path/-/d3-path-3.1.1.tgz attempt 3 failed with EAI_AGAIN
3318 http fetch GET https://registry.npmjs.org/@types/d3-interpolate/-/d3-interpolate-3.0.4.tgz attempt 3 failed with EAI_AGAIN
3319 http fetch GET https://registry.npmjs.org/@types/d3-force/-/d3-force-3.0.10.tgz attempt 3 failed with EAI_AGAIN
3320 http fetch GET https://registry.npmjs.org/@types/d3-ease/-/d3-ease-3.0.2.tgz attempt 3 failed with EAI_AGAIN
3321 http fetch GET https://registry.npmjs.org/@types/d3-drag/-/d3-drag-3.0.7.tgz attempt 3 failed with EAI_AGAIN
3322 http fetch GET https://registry.npmjs.org/@types/d3-color/-/d3-color-3.1.3.tgz attempt 3 failed with EAI_AGAIN
3323 http fetch GET https://registry.npmjs.org/@types/d3-array/-/d3-array-3.2.2.tgz attempt 3 failed with EAI_AGAIN
3324 http fetch GET https://registry.npmjs.org/@types/chai/-/chai-5.2.3.tgz attempt 3 failed with EAI_AGAIN
3325 http fetch GET https://registry.npmjs.org/@types/babel__traverse/-/babel__traverse-7.28.0.tgz attempt 3 failed with EAI_AGAIN
3326 http fetch GET https://registry.npmjs.org/@types/babel__template/-/babel__template-7.4.4.tgz attempt 3 failed with EAI_AGAIN
3327 http fetch GET https://registry.npmjs.org/@types/babel__generator/-/babel__generator-7.27.0.tgz attempt 3 failed with EAI_AGAIN
3328 http fetch GET https://registry.npmjs.org/@types/babel__core/-/babel__core-7.20.5.tgz attempt 3 failed with EAI_AGAIN
3329 http fetch GET https://registry.npmjs.org/@ts-morph/common/-/common-0.27.0.tgz attempt 3 failed with EAI_AGAIN
3330 http fetch GET https://registry.npmjs.org/@tauri-apps/cli-linux-x64-musl/-/cli-linux-x64-musl-2.11.4.tgz attempt 3 failed with EAI_AGAIN
3331 verbose reify failed optional dependency /home/enamakel/work/workflow-opencompany/opencompany/worktrees/issue-1317/frontend/node_modules/@tauri-apps/cli-linux-x64-musl
3332 silly reify mark deleted [
3332 silly reify   '/home/enamakel/work/workflow-opencompany/opencompany/worktrees/issue-1317/frontend/node_modules/@tauri-apps/cli-linux-x64-musl'
3332 silly reify ]
3333 http fetch GET https://registry.npmjs.org/@tauri-apps/cli-linux-x64-gnu/-/cli-linux-x64-gnu-2.11.4.tgz attempt 3 failed with EAI_AGAIN
3334 verbose reify failed optional dependency /home/enamakel/work/workflow-opencompany/opencompany/worktrees/issue-1317/frontend/node_modules/@tauri-apps/cli-linux-x64-gnu
3335 silly reify mark deleted [
3335 silly reify   '/home/enamakel/work/workflow-opencompany/opencompany/worktrees/issue-1317/frontend/node_modules/@tauri-apps/cli-linux-x64-gnu'
3335 silly reify ]
3336 http fetch GET https://registry.npmjs.org/@tauri-apps/cli/-/cli-2.11.4.tgz attempt 3 failed with EAI_AGAIN
3337 http fetch GET https://registry.npmjs.org/@tauri-apps/api/-/api-2.11.1.tgz attempt 3 failed with EAI_AGAIN
3338 http fetch GET https://registry.npmjs.org/@tailwindcss/vite/-/vite-4.3.2.tgz attempt 3 failed with EAI_AGAIN
3339 http fetch GET https://registry.npmjs.org/@tailwindcss/typography/-/typography-0.5.20.tgz attempt 3 failed with EAI_AGAIN
3340 http fetch GET https://registry.npmjs.org/@tailwindcss/oxide-linux-x64-musl/-/oxide-linux-x64-musl-4.3.2.tgz attempt 3 failed with EAI_AGAIN
3341 verbose reify failed optional dependency /home/enamakel/work/workflow-opencompany/opencompany/worktrees/issue-1317/frontend/node_modules/@tailwindcss/oxide-linux-x64-musl
3342 silly reify mark deleted [
3342 silly reify   '/home/enamakel/work/workflow-opencompany/opencompany/worktrees/issue-1317/frontend/node_modules/@tailwindcss/oxide-linux-x64-musl'
3342 silly reify ]
3343 http fetch GET https://registry.npmjs.org/@tailwindcss/oxide-linux-x64-gnu/-/oxide-linux-x64-gnu-4.3.2.tgz attempt 3 failed with EAI_AGAIN
3344 verbose reify failed optional dependency /home/enamakel/work/workflow-opencompany/opencompany/worktrees/issue-1317/frontend/node_modules/@tailwindcss/oxide-linux-x64-gnu
3345 silly reify mark deleted [
3345 silly reify   '/home/enamakel/work/workflow-opencompany/opencompany/worktrees/issue-1317/frontend/node_modules/@tailwindcss/oxide-linux-x64-gnu'
3345 silly reify ]
3346 http fetch GET https://registry.npmjs.org/@tailwindcss/oxide/-/oxide-4.3.2.tgz attempt 3 failed with EAI_AGAIN
3347 http fetch GET https://registry.npmjs.org/@tailwindcss/node/-/node-4.3.2.tgz attempt 3 failed with EAI_AGAIN
3348 http fetch GET https://registry.npmjs.org/@standard-schema/utils/-/utils-0.3.0.tgz attempt 3 failed with EAI_AGAIN
3349 http fetch GET https://registry.npmjs.org/@standard-schema/spec/-/spec-1.1.0.tgz attempt 3 failed with EAI_AGAIN
3350 http fetch GET https://registry.npmjs.org/@sindresorhus/merge-streams/-/merge-streams-4.0.0.tgz attempt 3 failed with EAI_AGAIN
3351 http fetch GET https://registry.npmjs.org/@sec-ant/readable-stream/-/readable-stream-0.4.1.tgz attempt 3 failed with EAI_AGAIN
3352 http fetch GET https://registry.npmjs.org/@rollup/rollup-linux-x64-musl/-/rollup-linux-x64-musl-4.62.2.tgz attempt 3 failed with EAI_AGAIN
3353 verbose reify failed optional dependency /home/enamakel/work/workflow-opencompany/opencompany/worktrees/issue-1317/frontend/node_modules/@rollup/rollup-linux-x64-musl
3354 silly reify mark deleted [
3354 silly reify   '/home/enamakel/work/workflow-opencompany/opencompany/worktrees/issue-1317/frontend/node_modules/@rollup/rollup-linux-x64-musl'
3354 silly reify ]
3355 http fetch GET https://registry.npmjs.org/@rollup/rollup-linux-x64-gnu/-/rollup-linux-x64-gnu-4.62.2.tgz attempt 3 failed with EAI_AGAIN
3356 verbose reify failed optional dependency /home/enamakel/work/workflow-opencompany/opencompany/worktrees/issue-1317/frontend/node_modules/@rollup/rollup-linux-x64-gnu
3357 silly reify mark deleted [
3357 silly reify   '/home/enamakel/work/workflow-opencompany/opencompany/worktrees/issue-1317/frontend/node_modules/@rollup/rollup-linux-x64-gnu'
3357 silly reify ]
3358 http fetch GET https://registry.npmjs.org/@rolldown/pluginutils/-/pluginutils-1.0.0-beta.27.tgz attempt 3 failed with EAI_AGAIN
3359 http fetch GET https://registry.npmjs.org/@reduxjs/toolkit/-/toolkit-2.12.0.tgz attempt 3 failed with EAI_AGAIN
3360 http fetch GET https://registry.npmjs.org/@radix-ui/rect/-/rect-1.1.3.tgz attempt 3 failed with EAI_AGAIN
3361 http fetch GET https://registry.npmjs.org/@radix-ui/react-visually-hidden/-/react-visually-hidden-1.2.11.tgz attempt 3 failed with EAI_AGAIN
3362 http fetch GET https://registry.npmjs.org/@radix-ui/react-use-size/-/react-use-size-1.1.4.tgz attempt 3 failed with EAI_AGAIN
3363 http fetch GET https://registry.npmjs.org/@radix-ui/react-use-rect/-/react-use-rect-1.1.4.tgz attempt 3 failed with EAI_AGAIN
3364 http fetch GET https://registry.npmjs.org/@radix-ui/react-use-previous/-/react-use-previous-1.1.4.tgz attempt 3 failed with EAI_AGAIN
3365 http fetch GET https://registry.npmjs.org/@radix-ui/react-use-layout-effect/-/react-use-layout-effect-1.1.4.tgz attempt 3 failed with EAI_AGAIN
3366 http fetch GET https://registry.npmjs.org/@radix-ui/react-use-is-hydrated/-/react-use-is-hydrated-0.1.3.tgz attempt 3 failed with EAI_AGAIN
3367 http fetch GET https://registry.npmjs.org/@radix-ui/react-use-escape-keydown/-/react-use-escape-keydown-1.1.5.tgz attempt 3 failed with EAI_AGAIN
3368 http fetch GET https://registry.npmjs.org/@radix-ui/react-use-effect-event/-/react-use-effect-event-0.0.5.tgz attempt 3 failed with EAI_AGAIN
3369 http fetch GET https://registry.npmjs.org/@radix-ui/react-use-controllable-state/-/react-use-controllable-state-1.2.6.tgz attempt 3 failed with EAI_AGAIN
3370 http fetch GET https://registry.npmjs.org/@radix-ui/react-use-callback-ref/-/react-use-callback-ref-1.1.4.tgz attempt 3 failed with EAI_AGAIN
3371 http fetch GET https://registry.npmjs.org/@radix-ui/react-tooltip/-/react-tooltip-1.2.16.tgz attempt 3 failed with EAI_AGAIN
3372 http fetch GET https://registry.npmjs.org/@radix-ui/react-toolbar/-/react-toolbar-1.1.19.tgz attempt 3 failed with EAI_AGAIN
3373 http fetch GET https://registry.npmjs.org/@radix-ui/react-toggle-group/-/react-toggle-group-1.1.19.tgz attempt 3 failed with EAI_AGAIN
3374 http fetch GET https://registry.npmjs.org/@radix-ui/react-toggle/-/react-toggle-1.1.18.tgz attempt 3 failed with EAI_AGAIN
3375 http fetch GET https://registry.npmjs.org/@radix-ui/react-toast/-/react-toast-1.2.23.tgz attempt 3 failed with EAI_AGAIN
3376 http fetch GET https://registry.npmjs.org/@radix-ui/react-tabs/-/react-tabs-1.1.21.tgz attempt 3 failed with EAI_AGAIN
3377 http fetch GET https://registry.npmjs.org/@radix-ui/react-slot/-/react-slot-1.3.3.tgz attempt 3 failed with EAI_AGAIN
3378 http fetch GET https://registry.npmjs.org/@radix-ui/react-switch/-/react-switch-1.3.7.tgz attempt 3 failed with EAI_AGAIN
3379 http fetch GET https://registry.npmjs.org/@radix-ui/react-slider/-/react-slider-1.4.7.tgz attempt 3 failed with EAI_AGAIN
3380 http fetch GET https://registry.npmjs.org/@radix-ui/react-scroll-area/-/react-scroll-area-1.2.18.tgz attempt 3 failed with EAI_AGAIN
3381 http fetch GET https://registry.npmjs.org/@radix-ui/react-separator/-/react-separator-1.1.15.tgz attempt 3 failed with EAI_AGAIN
3382 http fetch GET https://registry.npmjs.org/@radix-ui/react-select/-/react-select-2.3.7.tgz attempt 3 failed with EAI_AGAIN
3383 http fetch GET https://registry.npmjs.org/@radix-ui/react-roving-focus/-/react-roving-focus-1.1.19.tgz attempt 3 failed with EAI_AGAIN
3384 http fetch GET https://registry.npmjs.org/@radix-ui/react-radio-group/-/react-radio-group-1.4.7.tgz attempt 3 failed with EAI_AGAIN
3385 http fetch GET https://registry.npmjs.org/@radix-ui/react-progress/-/react-progress-1.1.16.tgz attempt 3 failed with EAI_AGAIN
3386 http fetch GET https://registry.npmjs.org/@radix-ui/react-primitive/-/react-primitive-2.1.10.tgz attempt 3 failed with EAI_AGAIN
3387 http fetch GET https://registry.npmjs.org/@radix-ui/react-portal/-/react-portal-1.1.17.tgz attempt 3 failed with EAI_AGAIN
3388 http fetch GET https://registry.npmjs.org/@radix-ui/react-presence/-/react-presence-1.1.10.tgz attempt 3 failed with EAI_AGAIN
3389 http fetch GET https://registry.npmjs.org/@radix-ui/react-popper/-/react-popper-1.3.7.tgz attempt 3 failed with EAI_AGAIN
3390 http fetch GET https://registry.npmjs.org/@radix-ui/react-popover/-/react-popover-1.1.23.tgz attempt 3 failed with EAI_AGAIN
3391 http fetch GET https://registry.npmjs.org/@radix-ui/react-password-toggle-field/-/react-password-toggle-field-0.1.11.tgz attempt 3 failed with EAI_AGAIN
3392 http fetch GET https://registry.npmjs.org/@radix-ui/react-navigation-menu/-/react-navigation-menu-1.2.22.tgz attempt 3 failed with EAI_AGAIN
3393 http fetch GET https://registry.npmjs.org/@radix-ui/react-one-time-password-field/-/react-one-time-password-field-0.1.16.tgz attempt 3 failed with EAI_AGAIN
3394 http fetch GET https://registry.npmjs.org/@radix-ui/react-menubar/-/react-menubar-1.1.24.tgz attempt 3 failed with EAI_AGAIN
3395 http fetch GET https://registry.npmjs.org/@radix-ui/react-menu/-/react-menu-2.1.24.tgz attempt 3 failed with EAI_AGAIN
3396 http fetch GET https://registry.npmjs.org/@radix-ui/react-label/-/react-label-2.1.15.tgz attempt 3 failed with EAI_AGAIN
3397 http fetch GET https://registry.npmjs.org/@radix-ui/react-id/-/react-id-1.1.4.tgz attempt 3 failed with EAI_AGAIN
3398 http fetch GET https://registry.npmjs.org/@radix-ui/react-hover-card/-/react-hover-card-1.1.23.tgz attempt 3 failed with EAI_AGAIN
3399 http fetch GET https://registry.npmjs.org/@radix-ui/react-form/-/react-form-0.1.16.tgz attempt 3 failed with EAI_AGAIN
3400 http fetch GET https://registry.npmjs.org/@radix-ui/react-focus-scope/-/react-focus-scope-1.1.16.tgz attempt 3 failed with EAI_AGAIN
3401 http fetch GET https://registry.npmjs.org/@radix-ui/react-focus-guards/-/react-focus-guards-1.1.6.tgz attempt 3 failed with EAI_AGAIN
3402 http fetch GET https://registry.npmjs.org/@radix-ui/react-dropdown-menu/-/react-dropdown-menu-2.1.24.tgz attempt 3 failed with EAI_AGAIN
3403 http fetch GET https://registry.npmjs.org/@radix-ui/react-dismissable-layer/-/react-dismissable-layer-1.1.19.tgz attempt 3 failed with EAI_AGAIN
3404 http fetch GET https://registry.npmjs.org/@radix-ui/react-direction/-/react-direction-1.1.4.tgz attempt 3 failed with EAI_AGAIN
3405 http fetch GET https://registry.npmjs.org/@radix-ui/react-dialog/-/react-dialog-1.1.23.tgz attempt 3 failed with EAI_AGAIN
3406 http fetch GET https://registry.npmjs.org/@radix-ui/react-context-menu/-/react-context-menu-2.3.7.tgz attempt 3 failed with EAI_AGAIN
3407 http fetch GET https://registry.npmjs.org/@radix-ui/react-compose-refs/-/react-compose-refs-1.1.5.tgz attempt 3 failed with EAI_AGAIN
3408 http fetch GET https://registry.npmjs.org/@radix-ui/react-context/-/react-context-1.2.2.tgz attempt 3 failed with EAI_AGAIN
3409 http fetch GET https://registry.npmjs.org/@radix-ui/react-collection/-/react-collection-1.1.15.tgz attempt 3 failed with EAI_AGAIN
3410 http fetch GET https://registry.npmjs.org/@radix-ui/react-collapsible/-/react-collapsible-1.1.20.tgz attempt 3 failed with EAI_AGAIN
3411 http fetch GET https://registry.npmjs.org/@radix-ui/react-checkbox/-/react-checkbox-1.3.11.tgz attempt 3 failed with EAI_AGAIN
3412 http fetch GET https://registry.npmjs.org/@radix-ui/react-avatar/-/react-avatar-1.2.6.tgz attempt 3 failed with EAI_AGAIN
3413 http fetch GET https://registry.npmjs.org/@radix-ui/react-aspect-ratio/-/react-aspect-ratio-1.1.15.tgz attempt 3 failed with EAI_AGAIN
3414 http fetch GET https://registry.npmjs.org/@radix-ui/react-arrow/-/react-arrow-1.1.15.tgz attempt 3 failed with EAI_AGAIN
3415 http fetch GET https://registry.npmjs.org/@radix-ui/react-alert-dialog/-/react-alert-dialog-1.1.23.tgz attempt 3 failed with EAI_AGAIN
3416 http fetch GET https://registry.npmjs.org/@radix-ui/react-accordion/-/react-accordion-1.2.20.tgz attempt 3 failed with EAI_AGAIN
3417 http fetch GET https://registry.npmjs.org/@radix-ui/react-accessible-icon/-/react-accessible-icon-1.1.15.tgz attempt 3 failed with EAI_AGAIN
3418 http fetch GET https://registry.npmjs.org/@radix-ui/primitive/-/primitive-1.1.7.tgz attempt 3 failed with EAI_AGAIN
3419 http fetch GET https://registry.npmjs.org/@radix-ui/number/-/number-1.1.3.tgz attempt 3 failed with EAI_AGAIN
3420 http fetch GET https://registry.npmjs.org/@playwright/test/-/test-1.61.1.tgz attempt 3 failed with EAI_AGAIN
3421 http fetch GET https://registry.npmjs.org/@nodelib/fs.walk/-/fs.walk-1.2.8.tgz attempt 3 failed with EAI_AGAIN
3422 http fetch GET https://registry.npmjs.org/@nodelib/fs.stat/-/fs.stat-2.0.5.tgz attempt 3 failed with EAI_AGAIN
3423 http fetch GET https://registry.npmjs.org/@nodelib/fs.scandir/-/fs.scandir-2.1.5.tgz attempt 3 failed with EAI_AGAIN
3424 http fetch GET https://registry.npmjs.org/@modelcontextprotocol/sdk/-/sdk-1.29.0.tgz attempt 3 failed with EAI_AGAIN
3425 http fetch GET https://registry.npmjs.org/@jridgewell/trace-mapping/-/trace-mapping-0.3.31.tgz attempt 3 failed with EAI_AGAIN
3426 http fetch GET https://registry.npmjs.org/@jridgewell/sourcemap-codec/-/sourcemap-codec-1.5.5.tgz attempt 3 failed with EAI_AGAIN
3427 http fetch GET https://registry.npmjs.org/@jridgewell/resolve-uri/-/resolve-uri-3.1.2.tgz attempt 3 failed with EAI_AGAIN
3428 http fetch GET https://registry.npmjs.org/@jridgewell/remapping/-/remapping-2.3.5.tgz attempt 3 failed with EAI_AGAIN
3429 http fetch GET https://registry.npmjs.org/@jridgewell/gen-mapping/-/gen-mapping-0.3.13.tgz attempt 3 failed with EAI_AGAIN
3430 http fetch GET https://registry.npmjs.org/@gilbarbara/types/-/types-0.2.2.tgz attempt 3 failed with EAI_AGAIN
3431 http fetch GET https://registry.npmjs.org/@gilbarbara/hooks/-/hooks-0.11.0.tgz attempt 3 failed with EAI_AGAIN
3432 http fetch GET https://registry.npmjs.org/@gilbarbara/deep-equal/-/deep-equal-0.4.1.tgz attempt 3 failed with EAI_AGAIN
3433 http fetch GET https://registry.npmjs.org/@hono/node-server/-/node-server-1.19.14.tgz attempt 3 failed with EAI_AGAIN
3434 http fetch GET https://registry.npmjs.org/@fontsource-variable/geist-mono/-/geist-mono-5.3.0.tgz attempt 3 failed with EAI_AGAIN
3435 http fetch GET https://registry.npmjs.org/@fontsource-variable/geist/-/geist-5.2.9.tgz attempt 3 failed with EAI_AGAIN
3436 http fetch GET https://registry.npmjs.org/@floating-ui/utils/-/utils-0.2.12.tgz attempt 3 failed with EAI_AGAIN
3437 http fetch GET https://registry.npmjs.org/@floating-ui/react-dom/-/react-dom-2.1.9.tgz attempt 3 failed with EAI_AGAIN
3438 http fetch GET https://registry.npmjs.org/@floating-ui/dom/-/dom-1.8.0.tgz attempt 3 failed with EAI_AGAIN
3439 http fetch GET https://registry.npmjs.org/@floating-ui/core/-/core-1.8.0.tgz attempt 3 failed with EAI_AGAIN
3440 http fetch GET https://registry.npmjs.org/@fastify/deepmerge/-/deepmerge-3.2.1.tgz attempt 3 failed with EAI_AGAIN
3441 http fetch GET https://registry.npmjs.org/@esbuild/linux-x64/-/linux-x64-0.21.5.tgz attempt 3 failed with EAI_AGAIN
3442 verbose reify failed optional dependency /home/enamakel/work/workflow-opencompany/opencompany/worktrees/issue-1317/frontend/node_modules/@esbuild/linux-x64
3443 silly reify mark deleted [
3443 silly reify   '/home/enamakel/work/workflow-opencompany/opencompany/worktrees/issue-1317/frontend/node_modules/@esbuild/linux-x64'
3443 silly reify ]
3444 http fetch GET https://registry.npmjs.org/@dotenvx/primitives/-/primitives-0.8.0.tgz attempt 3 failed with EAI_AGAIN
3445 http fetch GET https://registry.npmjs.org/@dotenvx/dotenvx/-/dotenvx-1.75.1.tgz attempt 3 failed with EAI_AGAIN
3446 http fetch GET https://registry.npmjs.org/@csstools/css-tokenizer/-/css-tokenizer-4.0.0.tgz attempt 3 failed with EAI_AGAIN
3447 http fetch GET https://registry.npmjs.org/@csstools/css-syntax-patches-for-csstree/-/css-syntax-patches-for-csstree-1.1.7.tgz attempt 3 failed with EAI_AGAIN
3448 http fetch GET https://registry.npmjs.org/@csstools/css-parser-algorithms/-/css-parser-algorithms-4.0.0.tgz attempt 3 failed with EAI_AGAIN
3449 http fetch GET https://registry.npmjs.org/@csstools/css-color-parser/-/css-color-parser-4.1.10.tgz attempt 3 failed with EAI_AGAIN
3450 http fetch GET https://registry.npmjs.org/@csstools/css-calc/-/css-calc-3.3.0.tgz attempt 3 failed with EAI_AGAIN
3451 http fetch GET https://registry.npmjs.org/@csstools/color-helpers/-/color-helpers-6.1.0.tgz attempt 3 failed with EAI_AGAIN
3452 http fetch GET https://registry.npmjs.org/@base-ui/utils/-/utils-0.3.1.tgz attempt 3 failed with EAI_AGAIN
3453 http fetch GET https://registry.npmjs.org/@base-ui/react/-/react-1.6.0.tgz attempt 3 failed with EAI_AGAIN
3454 http fetch GET https://registry.npmjs.org/@babel/types/-/types-7.29.7.tgz attempt 3 failed with EAI_AGAIN
3455 http fetch GET https://registry.npmjs.org/@babel/traverse/-/traverse-7.29.7.tgz attempt 3 failed with EAI_AGAIN
3456 http fetch GET https://registry.npmjs.org/@babel/template/-/template-7.29.7.tgz attempt 3 failed with EAI_AGAIN
3457 http fetch GET https://registry.npmjs.org/@babel/runtime/-/runtime-7.29.7.tgz attempt 3 failed with EAI_AGAIN
3458 http fetch GET https://registry.npmjs.org/@babel/preset-typescript/-/preset-typescript-7.29.7.tgz attempt 3 failed with EAI_AGAIN
3459 http fetch GET https://registry.npmjs.org/@babel/plugin-transform-typescript/-/plugin-transform-typescript-7.29.7.tgz attempt 3 failed with EAI_AGAIN
3460 http fetch GET https://registry.npmjs.org/@babel/plugin-transform-react-jsx-source/-/plugin-transform-react-jsx-source-7.29.7.tgz attempt 3 failed with EAI_AGAIN
3461 http fetch GET https://registry.npmjs.org/@babel/plugin-transform-react-jsx-self/-/plugin-transform-react-jsx-self-7.29.7.tgz attempt 3 failed with EAI_AGAIN
3462 http fetch GET https://registry.npmjs.org/@babel/plugin-transform-modules-commonjs/-/plugin-transform-modules-commonjs-7.29.7.tgz attempt 3 failed with EAI_AGAIN
3463 http fetch GET https://registry.npmjs.org/@babel/plugin-syntax-typescript/-/plugin-syntax-typescript-7.29.7.tgz attempt 3 failed with EAI_AGAIN
3464 http fetch GET https://registry.npmjs.org/@babel/plugin-syntax-jsx/-/plugin-syntax-jsx-7.29.7.tgz attempt 3 failed with EAI_AGAIN
3465 http fetch GET https://registry.npmjs.org/@babel/parser/-/parser-7.29.7.tgz attempt 3 failed with EAI_AGAIN
3466 http fetch GET https://registry.npmjs.org/@babel/helpers/-/helpers-7.29.7.tgz attempt 3 failed with EAI_AGAIN
3467 http fetch GET https://registry.npmjs.org/@babel/helper-validator-option/-/helper-validator-option-7.29.7.tgz attempt 3 failed with EAI_AGAIN
3468 http fetch GET https://registry.npmjs.org/@babel/helper-validator-identifier/-/helper-validator-identifier-7.29.7.tgz attempt 3 failed with EAI_AGAIN
3469 http fetch GET https://registry.npmjs.org/@babel/helper-string-parser/-/helper-string-parser-7.29.7.tgz attempt 3 failed with EAI_AGAIN
3470 http fetch GET https://registry.npmjs.org/@babel/helper-skip-transparent-expression-wrappers/-/helper-skip-transparent-expression-wrappers-7.29.7.tgz attempt 3 failed with EAI_AGAIN
3471 http fetch GET https://registry.npmjs.org/@babel/helper-replace-supers/-/helper-replace-supers-7.29.7.tgz attempt 3 failed with EAI_AGAIN
3472 http fetch GET https://registry.npmjs.org/@babel/helper-plugin-utils/-/helper-plugin-utils-7.29.7.tgz attempt 3 failed with EAI_AGAIN
3473 http fetch GET https://registry.npmjs.org/@babel/helper-optimise-call-expression/-/helper-optimise-call-expression-7.29.7.tgz attempt 3 failed with EAI_AGAIN
3474 http fetch GET https://registry.npmjs.org/@babel/helper-module-transforms/-/helper-module-transforms-7.29.7.tgz attempt 3 failed with EAI_AGAIN
3475 http fetch GET https://registry.npmjs.org/@babel/helper-module-imports/-/helper-module-imports-7.29.7.tgz attempt 3 failed with EAI_AGAIN
3476 http fetch GET https://registry.npmjs.org/@babel/helper-member-expression-to-functions/-/helper-member-expression-to-functions-7.29.7.tgz attempt 3 failed with EAI_AGAIN
3477 http fetch GET https://registry.npmjs.org/@babel/helper-globals/-/helper-globals-7.29.7.tgz attempt 3 failed with EAI_AGAIN
3478 http fetch GET https://registry.npmjs.org/@babel/helper-create-class-features-plugin/-/helper-create-class-features-plugin-7.29.7.tgz attempt 3 failed with EAI_AGAIN
3479 http fetch GET https://registry.npmjs.org/@babel/helper-compilation-targets/-/helper-compilation-targets-7.29.7.tgz attempt 3 failed with EAI_AGAIN
3480 http fetch GET https://registry.npmjs.org/@babel/helper-annotate-as-pure/-/helper-annotate-as-pure-7.29.7.tgz attempt 3 failed with EAI_AGAIN
3481 http fetch GET https://registry.npmjs.org/@babel/generator/-/generator-7.29.7.tgz attempt 3 failed with EAI_AGAIN
3482 http fetch GET https://registry.npmjs.org/@babel/core/-/core-7.29.7.tgz attempt 3 failed with EAI_AGAIN
3483 http fetch GET https://registry.npmjs.org/@babel/compat-data/-/compat-data-7.29.7.tgz attempt 3 failed with EAI_AGAIN
3484 http fetch GET https://registry.npmjs.org/@babel/code-frame/-/code-frame-7.29.7.tgz attempt 3 failed with EAI_AGAIN
3485 http fetch GET https://registry.npmjs.org/@assistant-ui/tap/-/tap-0.9.14.tgz attempt 3 failed with EAI_AGAIN
3486 http fetch GET https://registry.npmjs.org/@assistant-ui/store/-/store-0.3.10.tgz attempt 3 failed with EAI_AGAIN
3487 http fetch GET https://registry.npmjs.org/@assistant-ui/react/-/react-0.15.16.tgz attempt 3 failed with EAI_AGAIN
3488 http fetch GET https://registry.npmjs.org/@asamuzakjp/nwsapi/-/nwsapi-2.3.9.tgz attempt 3 failed with EAI_AGAIN
3489 http fetch GET https://registry.npmjs.org/@asamuzakjp/dom-selector/-/dom-selector-6.8.1.tgz attempt 3 failed with EAI_AGAIN
3490 http fetch GET https://registry.npmjs.org/@asamuzakjp/css-color/-/css-color-4.1.2.tgz attempt 3 failed with EAI_AGAIN
3491 http fetch GET https://registry.npmjs.org/content-type/-/content-type-2.0.0.tgz attempt 3 failed with EAI_AGAIN
3492 http fetch GET https://registry.npmjs.org/js-tokens/-/js-tokens-9.0.1.tgz attempt 3 failed with EAI_AGAIN
3493 http fetch GET https://registry.npmjs.org/iconv-lite/-/iconv-lite-0.6.3.tgz attempt 3 failed with EAI_AGAIN
3494 http fetch GET https://registry.npmjs.org/is-obj/-/is-obj-3.0.0.tgz attempt 3 failed with EAI_AGAIN
3495 http fetch GET https://registry.npmjs.org/strip-ansi/-/strip-ansi-7.2.0.tgz attempt 3 failed with EAI_AGAIN
3496 http fetch GET https://registry.npmjs.org/ansi-regex/-/ansi-regex-6.2.2.tgz attempt 3 failed with EAI_AGAIN
3497 http fetch GET https://registry.npmjs.org/onetime/-/onetime-7.0.0.tgz attempt 3 failed with EAI_AGAIN
3498 http fetch GET https://registry.npmjs.org/reselect/-/reselect-5.1.1.tgz attempt 3 failed with EAI_AGAIN
3499 http fetch GET https://registry.npmjs.org/kleur/-/kleur-3.0.3.tgz attempt 3 failed with EAI_AGAIN
3500 http fetch GET https://registry.npmjs.org/@types/unist/-/unist-2.0.11.tgz attempt 3 failed with EAI_AGAIN
3501 http fetch GET https://registry.npmjs.org/strip-ansi/-/strip-ansi-7.2.0.tgz attempt 3 failed with EAI_AGAIN
3502 http fetch GET https://registry.npmjs.org/ansi-regex/-/ansi-regex-6.2.2.tgz attempt 3 failed with EAI_AGAIN
3503 http fetch GET https://registry.npmjs.org/mimic-fn/-/mimic-fn-2.1.0.tgz attempt 3 failed with EAI_AGAIN
3504 http fetch GET https://registry.npmjs.org/path-key/-/path-key-4.0.0.tgz attempt 3 failed with EAI_AGAIN
3505 http fetch GET https://registry.npmjs.org/picomatch/-/picomatch-2.3.2.tgz attempt 3 failed with EAI_AGAIN
3506 http fetch GET https://registry.npmjs.org/is-unicode-supported/-/is-unicode-supported-1.3.0.tgz attempt 3 failed with EAI_AGAIN
3507 http fetch GET https://registry.npmjs.org/whatwg-mimetype/-/whatwg-mimetype-5.0.0.tgz attempt 3 failed with EAI_AGAIN
3508 http fetch GET https://registry.npmjs.org/lru-cache/-/lru-cache-11.5.2.tgz attempt 3 failed with EAI_AGAIN
3509 http fetch GET https://registry.npmjs.org/which/-/which-2.0.2.tgz attempt 3 failed with EAI_AGAIN
3510 http fetch GET https://registry.npmjs.org/isexe/-/isexe-2.0.0.tgz attempt 3 failed with EAI_AGAIN
3511 http fetch GET https://registry.npmjs.org/semver/-/semver-7.8.5.tgz attempt 3 failed with EAI_AGAIN
3512 http fetch GET https://registry.npmjs.org/json-schema-typed/-/json-schema-typed-7.0.3.tgz attempt 3 failed with EAI_AGAIN
3513 http fetch GET https://registry.npmjs.org/ajv-formats/-/ajv-formats-2.1.1.tgz attempt 3 failed with EAI_AGAIN
3514 http fetch GET https://registry.npmjs.org/nanoid/-/nanoid-6.0.1.tgz attempt 3 failed with EAI_AGAIN
3515 http fetch GET https://registry.npmjs.org/content-type/-/content-type-2.0.0.tgz attempt 3 failed with EAI_AGAIN
3516 http fetch GET https://registry.npmjs.org/postcss-selector-parser/-/postcss-selector-parser-6.0.10.tgz attempt 3 failed with EAI_AGAIN
3517 http fetch GET https://registry.npmjs.org/immer/-/immer-11.1.11.tgz attempt 3 failed with EAI_AGAIN
3518 http fetch GET https://registry.npmjs.org/strip-final-newline/-/strip-final-newline-2.0.0.tgz attempt 3 failed with EAI_AGAIN
3519 http fetch GET https://registry.npmjs.org/signal-exit/-/signal-exit-3.0.7.tgz attempt 3 failed with EAI_AGAIN
3520 http fetch GET https://registry.npmjs.org/open/-/open-8.4.2.tgz attempt 3 failed with EAI_AGAIN
3521 http fetch GET https://registry.npmjs.org/npm-run-path/-/npm-run-path-4.0.1.tgz attempt 3 failed with EAI_AGAIN
3522 http fetch GET https://registry.npmjs.org/is-wsl/-/is-wsl-2.2.0.tgz attempt 3 failed with EAI_AGAIN
3523 http fetch GET https://registry.npmjs.org/is-stream/-/is-stream-2.0.1.tgz attempt 3 failed with EAI_AGAIN
3524 http fetch GET https://registry.npmjs.org/is-docker/-/is-docker-2.2.1.tgz attempt 3 failed with EAI_AGAIN
3525 http fetch GET https://registry.npmjs.org/human-signals/-/human-signals-2.1.0.tgz attempt 3 failed with EAI_AGAIN
3526 http fetch GET https://registry.npmjs.org/get-stream/-/get-stream-6.0.1.tgz attempt 3 failed with EAI_AGAIN
3527 http fetch GET https://registry.npmjs.org/execa/-/execa-5.1.1.tgz attempt 3 failed with EAI_AGAIN
3528 http fetch GET https://registry.npmjs.org/define-lazy-prop/-/define-lazy-prop-2.0.0.tgz attempt 3 failed with EAI_AGAIN
3529 http fetch GET https://registry.npmjs.org/commander/-/commander-11.1.0.tgz attempt 3 failed with EAI_AGAIN
3530 http fetch GET https://registry.npmjs.org/zustand/-/zustand-5.0.15.tgz attempt 3 failed with EAI_AGAIN
3531 http fetch GET https://registry.npmjs.org/zod/-/zod-4.4.3.tgz attempt 3 failed with EAI_AGAIN
3532 http fetch GET https://registry.npmjs.org/nanoid/-/nanoid-6.0.1.tgz attempt 3 failed with EAI_AGAIN
3533 http fetch GET https://registry.npmjs.org/lru-cache/-/lru-cache-11.5.2.tgz attempt 3 failed with EAI_AGAIN
3534 http fetch GET https://registry.npmjs.org/lru-cache/-/lru-cache-11.5.2.tgz attempt 3 failed with EAI_AGAIN
3535 http fetch GET https://registry.npmjs.org/@assistant-ui/core/-/core-0.3.15.tgz attempt 3 failed with EAI_AGAIN
3536 verbose type system
3537 verbose stack FetchError: request to https://registry.npmjs.org/zwitch/-/zwitch-2.0.4.tgz failed, reason: getaddrinfo EAI_AGAIN registry.npmjs.org
3537 verbose stack     at ClientRequest.<anonymous> (/home/enamakel/.nvm/versions/node/v24.18.0/lib/node_modules/npm/node_modules/minipass-fetch/lib/index.js:130:14)
3537 verbose stack     at ClientRequest.emit (node:events:509:28)
3537 verbose stack     at emitErrorEvent (node:_http_client:109:11)
3537 verbose stack     at _destroy (node:_http_client:993:9)
3537 verbose stack     at onSocketNT (node:_http_client:1014:5)
3537 verbose stack     at process.processTicksAndRejections (node:internal/process/task_queues:91:21)
3538 error code EAI_AGAIN
3539 error syscall getaddrinfo
3540 error errno EAI_AGAIN
3541 error request to https://registry.npmjs.org/zwitch/-/zwitch-2.0.4.tgz failed, reason: getaddrinfo EAI_AGAIN registry.npmjs.org
3542 silly unfinished npm timer reify 1787488975988
3543 silly unfinished npm timer reify:unpack 1787488976177
3544 silly unfinished npm timer reifyNode:node_modules/zwitch 1787488976177
3545 silly unfinished npm timer reifyNode:node_modules/zustand 1787488976177
3546 silly unfinished npm timer reifyNode:node_modules/zod-to-json-schema 1787488976177
3547 silly unfinished npm timer reifyNode:node_modules/zod 1787488976177
3548 silly unfinished npm timer reifyNode:node_modules/yoctocolors 1787488976177
3549 silly unfinished npm timer reifyNode:node_modules/yocto-spinner 1787488976177
3550 silly unfinished npm timer reifyNode:node_modules/yallist 1787488976178
3551 silly unfinished npm timer reifyNode:node_modules/xmlchars 1787488976178
3552 silly unfinished npm timer reifyNode:node_modules/xml-name-validator 1787488976178
3553 silly unfinished npm timer reifyNode:node_modules/wsl-utils 1787488976178
3554 silly unfinished npm timer reifyNode:node_modules/ws 1787488976178
3555 silly unfinished npm timer reifyNode:node_modules/wrappy 1787488976178
3556 silly unfinished npm timer reifyNode:node_modules/why-is-node-running 1787488976178
3557 silly unfinished npm timer reifyNode:node_modules/which 1787488976178
3558 silly unfinished npm timer reifyNode:node_modules/whatwg-url 1787488976178
3559 silly unfinished npm timer reifyNode:node_modules/whatwg-mimetype 1787488976178
3560 silly unfinished npm timer reifyNode:node_modules/whatwg-encoding 1787488976178
3561 silly unfinished npm timer reifyNode:node_modules/whatwg-encoding/node_modules/iconv-lite 1787488976178
3562 silly unfinished npm timer reifyNode:node_modules/webidl-conversions 1787488976178
3563 silly unfinished npm timer reifyNode:node_modules/w3c-xmlserializer 1787488976178
3564 silly unfinished npm timer reifyNode:node_modules/vitest 1787488976178
3565 silly unfinished npm timer reifyNode:node_modules/vite-node 1787488976178
3566 silly unfinished npm timer reifyNode:node_modules/vite 1787488976178
3567 silly unfinished npm timer reifyNode:node_modules/victory-vendor 1787488976178
3568 silly unfinished npm timer reifyNode:node_modules/vfile-message 1787488976178
3569 silly unfinished npm timer reifyNode:node_modules/vfile 1787488976178
3570 silly unfinished npm timer reifyNode:node_modules/vary 1787488976178
3571 silly unfinished npm timer reifyNode:node_modules/validate-npm-package-name 1787488976178
3572 silly unfinished npm timer reifyNode:node_modules/util-deprecate 1787488976178
3573 silly unfinished npm timer reifyNode:node_modules/use-sync-external-store 1787488976178
3574 silly unfinished npm timer reifyNode:node_modules/use-sidecar 1787488976178
3575 silly unfinished npm timer reifyNode:node_modules/use-latest 1787488976178
3576 silly unfinished npm timer reifyNode:node_modules/use-isomorphic-layout-effect 1787488976178
3577 silly unfinished npm timer reifyNode:node_modules/use-composed-ref 1787488976178
3578 silly unfinished npm timer reifyNode:node_modules/use-callback-ref 1787488976178
3579 silly unfinished npm timer reifyNode:node_modules/update-browserslist-db 1787488976178
3580 silly unfinished npm timer reifyNode:node_modules/unpipe 1787488976178
3581 silly unfinished npm timer reifyNode:node_modules/universalify 1787488976178
3582 silly unfinished npm timer reifyNode:node_modules/unist-util-visit-parents 1787488976178
3583 silly unfinished npm timer reifyNode:node_modules/unist-util-visit 1787488976178
3584 silly unfinished npm timer reifyNode:node_modules/unist-util-stringify-position 1787488976178
3585 silly unfinished npm timer reifyNode:node_modules/unist-util-position 1787488976178
3586 silly unfinished npm timer reifyNode:node_modules/unist-util-is 1787488976179
3587 silly unfinished npm timer reifyNode:node_modules/unified 1787488976179
3588 silly unfinished npm timer reifyNode:node_modules/unicorn-magic 1787488976179
3589 silly unfinished npm timer reifyNode:node_modules/undici-types 1787488976179
3590 silly unfinished npm timer reifyNode:node_modules/undici 1787488976179
3591 silly unfinished npm timer reifyNode:node_modules/typescript 1787488976179
3592 silly unfinished npm timer reifyNode:node_modules/type-is 1787488976179
3593 silly unfinished npm timer reifyNode:node_modules/type-is/node_modules/content-type 1787488976179
3594 silly unfinished npm timer reifyNode:node_modules/type-fest 1787488976179
3595 silly unfinished npm timer reifyNode:node_modules/tw-animate-css 1787488976179
3596 silly unfinished npm timer reifyNode:node_modules/tslib 1787488976179
3597 silly unfinished npm timer reifyNode:node_modules/tsconfig-paths 1787488976179
3598 silly unfinished npm timer reifyNode:node_modules/ts-morph 1787488976179
3599 silly unfinished npm timer reifyNode:node_modules/trough 1787488976179
3600 silly unfinished npm timer reifyNode:node_modules/trim-lines 1787488976179
3601 silly unfinished npm timer reifyNode:node_modules/tr46 1787488976179
3602 silly unfinished npm timer reifyNode:node_modules/tough-cookie 1787488976179
3603 silly unfinished npm timer reifyNode:node_modules/toidentifier 1787488976179
3604 silly unfinished npm timer reifyNode:node_modules/to-regex-range 1787488976179
3605 silly unfinished npm timer reifyNode:node_modules/tldts-core 1787488976179
3606 silly unfinished npm timer reifyNode:node_modules/tldts 1787488976179
3607 silly unfinished npm timer reifyNode:node_modules/tinyspy 1787488976179
3608 silly unfinished npm timer reifyNode:node_modules/tinyrainbow 1787488976179
3609 silly unfinished npm timer reifyNode:node_modules/tinypool 1787488976179
3610 silly unfinished npm timer reifyNode:node_modules/tinyglobby 1787488976179
3611 silly unfinished npm timer reifyNode:node_modules/tinyexec 1787488976179
3612 silly unfinished npm timer reifyNode:node_modules/tinybench 1787488976179
3613 silly unfinished npm timer reifyNode:node_modules/tiny-invariant 1787488976179
3614 silly unfinished npm timer reifyNode:node_modules/tapable 1787488976179
3615 silly unfinished npm timer reifyNode:node_modules/tailwindcss 1787488976179
3616 silly unfinished npm timer reifyNode:node_modules/tailwind-merge 1787488976179
3617 silly unfinished npm timer reifyNode:node_modules/systeminformation 1787488976179
3618 silly unfinished npm timer reifyNode:node_modules/symbol-tree 1787488976179
3619 silly unfinished npm timer reifyNode:node_modules/style-to-object 1787488976179
3620 silly unfinished npm timer reifyNode:node_modules/style-to-js 1787488976179
3621 silly unfinished npm timer reifyNode:node_modules/strip-literal 1787488976179
3622 silly unfinished npm timer reifyNode:node_modules/strip-literal/node_modules/js-tokens 1787488976179
3623 silly unfinished npm timer reifyNode:node_modules/strip-final-newline 1787488976179
3624 silly unfinished npm timer reifyNode:node_modules/strip-bom 1787488976179
3625 silly unfinished npm timer reifyNode:node_modules/strip-ansi 1787488976179
3626 silly unfinished npm timer reifyNode:node_modules/stringify-object 1787488976179
3627 silly unfinished npm timer reifyNode:node_modules/stringify-object/node_modules/is-obj 1787488976179
3628 silly unfinished npm timer reifyNode:node_modules/stringify-entities 1787488976179
3629 silly unfinished npm timer reifyNode:node_modules/string-width 1787488976179
3630 silly unfinished npm timer reifyNode:node_modules/string-width/node_modules/strip-ansi 1787488976179
3631 silly unfinished npm timer reifyNode:node_modules/string-width/node_modules/ansi-regex 1787488976179
3632 silly unfinished npm timer reifyNode:node_modules/stdin-discarder 1787488976179
3633 silly unfinished npm timer reifyNode:node_modules/std-env 1787488976179
3634 silly unfinished npm timer reifyNode:node_modules/statuses 1787488976179
3635 silly unfinished npm timer reifyNode:node_modules/stackback 1787488976179
3636 silly unfinished npm timer reifyNode:node_modules/space-separated-tokens 1787488976179
3637 silly unfinished npm timer reifyNode:node_modules/source-map-js 1787488976179
3638 silly unfinished npm timer reifyNode:node_modules/source-map 1787488976179
3639 silly unfinished npm timer reifyNode:node_modules/sonner 1787488976179
3640 silly unfinished npm timer reifyNode:node_modules/sisteransi 1787488976179
3641 silly unfinished npm timer reifyNode:node_modules/signal-exit 1787488976179
3642 silly unfinished npm timer reifyNode:node_modules/siginfo 1787488976179
3643 silly unfinished npm timer reifyNode:node_modules/side-channel-weakmap 1787488976179
3644 silly unfinished npm timer reifyNode:node_modules/side-channel-map 1787488976179
3645 silly unfinished npm timer reifyNode:node_modules/side-channel-list 1787488976179
3646 silly unfinished npm timer reifyNode:node_modules/side-channel 1787488976179
3647 silly unfinished npm timer reifyNode:node_modules/shebang-regex 1787488976179
3648 silly unfinished npm timer reifyNode:node_modules/shebang-command 1787488976179
3649 silly unfinished npm timer reifyNode:node_modules/shadcn 1787488976179
3650 silly unfinished npm timer reifyNode:node_modules/setprototypeof 1787488976179
3651 silly unfinished npm timer reifyNode:node_modules/serve-static 1787488976179
3652 silly unfinished npm timer reifyNode:node_modules/send 1787488976179
3653 silly unfinished npm timer reifyNode:node_modules/semver 1787488976179
3654 silly unfinished npm timer reifyNode:node_modules/secure-json-parse 1787488976179
3655 silly unfinished npm timer reifyNode:node_modules/scrollparent 1787488976179
3656 silly unfinished npm timer reifyNode:node_modules/scroll 1787488976179
3657 silly unfinished npm timer reifyNode:node_modules/scheduler 1787488976179
3658 silly unfinished npm timer reifyNode:node_modules/saxes 1787488976179
3659 silly unfinished npm timer reifyNode:node_modules/safer-buffer 1787488976179
3660 silly unfinished npm timer reifyNode:node_modules/safe-content-frame 1787488976179
3661 silly unfinished npm timer reifyNode:node_modules/run-parallel 1787488976179
3662 silly unfinished npm timer reifyNode:node_modules/run-applescript 1787488976179
3663 silly unfinished npm timer reifyNode:node_modules/rrweb-cssom 1787488976179
3664 silly unfinished npm timer reifyNode:node_modules/router 1787488976179
3665 silly unfinished npm timer reifyNode:node_modules/rollup 1787488976179
3666 silly unfinished npm timer reifyNode:node_modules/reusify 1787488976179
3667 silly unfinished npm timer reifyNode:node_modules/restore-cursor 1787488976179
3668 silly unfinished npm timer reifyNode:node_modules/restore-cursor/node_modules/onetime 1787488976179
3669 silly unfinished npm timer reifyNode:node_modules/resolve-from 1787488976179
3670 silly unfinished npm timer reifyNode:node_modules/reselect 1787488976179
3671 silly unfinished npm timer reifyNode:node_modules/require-from-string 1787488976179
3672 silly unfinished npm timer reifyNode:node_modules/remark-stringify 1787488976179
3673 silly unfinished npm timer reifyNode:node_modules/remark-rehype 1787488976179
3674 silly unfinished npm timer reifyNode:node_modules/remark-parse 1787488976179
3675 silly unfinished npm timer reifyNode:node_modules/remark-gfm 1787488976179
3676 silly unfinished npm timer reifyNode:node_modules/redux-thunk 1787488976179
3677 silly unfinished npm timer reifyNode:node_modules/redux 1787488976179
3678 silly unfinished npm timer reifyNode:node_modules/recharts 1787488976179
3679 silly unfinished npm timer reifyNode:node_modules/recharts/node_modules/reselect 1787488976179
3680 silly unfinished npm timer reifyNode:node_modules/recast 1787488976179
3681 silly unfinished npm timer reifyNode:node_modules/react-textarea-autosize 1787488976179
3682 silly unfinished npm timer reifyNode:node_modules/react-style-singleton 1787488976179
3683 silly unfinished npm timer reifyNode:node_modules/react-remove-scroll-bar 1787488976179
3684 silly unfinished npm timer reifyNode:node_modules/react-remove-scroll 1787488976179
3685 silly unfinished npm timer reifyNode:node_modules/react-refresh 1787488976179
3686 silly unfinished npm timer reifyNode:node_modules/react-redux 1787488976179
3687 silly unfinished npm timer reifyNode:node_modules/react-markdown 1787488976179
3688 silly unfinished npm timer reifyNode:node_modules/react-joyride 1787488976179
3689 silly unfinished npm timer reifyNode:node_modules/react-is 1787488976179
3690 silly unfinished npm timer reifyNode:node_modules/react-innertext 1787488976179
3691 silly unfinished npm timer reifyNode:node_modules/react-dom 1787488976179
3692 silly unfinished npm timer reifyNode:node_modules/react 1787488976180
3693 silly unfinished npm timer reifyNode:node_modules/raw-body 1787488976180
3694 silly unfinished npm timer reifyNode:node_modules/range-parser 1787488976180
3695 silly unfinished npm timer reifyNode:node_modules/radix-ui 1787488976180
3696 silly unfinished npm timer reifyNode:node_modules/queue-microtask 1787488976180
3697 silly unfinished npm timer reifyNode:node_modules/qs 1787488976180
3698 silly unfinished npm timer reifyNode:node_modules/punycode 1787488976180
3699 silly unfinished npm timer reifyNode:node_modules/proxy-addr 1787488976180
3700 silly unfinished npm timer reifyNode:node_modules/property-information 1787488976180
3701 silly unfinished npm timer reifyNode:node_modules/prompts 1787488976180
3702 silly unfinished npm timer reifyNode:node_modules/prompts/node_modules/kleur 1787488976180
3703 silly unfinished npm timer reifyNode:node_modules/pretty-ms 1787488976180
3704 silly unfinished npm timer reifyNode:node_modules/powershell-utils 1787488976180
3705 silly unfinished npm timer reifyNode:node_modules/postcss-selector-parser 1787488976180
3706 silly unfinished npm timer reifyNode:node_modules/postcss 1787488976180
3707 silly unfinished npm timer reifyNode:node_modules/playwright-core 1787488976180
3708 silly unfinished npm timer reifyNode:node_modules/playwright 1787488976180
3709 silly unfinished npm timer reifyNode:node_modules/pkg-up 1787488976180
3710 silly unfinished npm timer reifyNode:node_modules/pkce-challenge 1787488976180
3711 silly unfinished npm timer reifyNode:node_modules/picomatch 1787488976180
3712 silly unfinished npm timer reifyNode:node_modules/picocolors 1787488976180
3713 silly unfinished npm timer reifyNode:node_modules/pathval 1787488976180
3714 silly unfinished npm timer reifyNode:node_modules/pathe 1787488976180
3715 silly unfinished npm timer reifyNode:node_modules/path-to-regexp 1787488976180
3716 silly unfinished npm timer reifyNode:node_modules/path-key 1787488976180
3717 silly unfinished npm timer reifyNode:node_modules/path-exists 1787488976180
3718 silly unfinished npm timer reifyNode:node_modules/path-browserify 1787488976180
3719 silly unfinished npm timer reifyNode:node_modules/parseurl 1787488976180
3720 silly unfinished npm timer reifyNode:node_modules/parse5 1787488976180
3721 silly unfinished npm timer reifyNode:node_modules/parse-ms 1787488976180
3722 silly unfinished npm timer reifyNode:node_modules/parse-json 1787488976180
3723 silly unfinished npm timer reifyNode:node_modules/parse-entities 1787488976180
3724 silly unfinished npm timer reifyNode:node_modules/parse-entities/node_modules/@types/unist 1787488976180
3725 silly unfinished npm timer reifyNode:node_modules/parent-module 1787488976180
3726 silly unfinished npm timer reifyNode:node_modules/p-try 1787488976180
3727 silly unfinished npm timer reifyNode:node_modules/p-locate 1787488976180
3728 silly unfinished npm timer reifyNode:node_modules/p-limit 1787488976180
3729 silly unfinished npm timer reifyNode:node_modules/ora 1787488976180
3730 silly unfinished npm timer reifyNode:node_modules/ora/node_modules/strip-ansi 1787488976180
3731 silly unfinished npm timer reifyNode:node_modules/ora/node_modules/ansi-regex 1787488976180
3732 silly unfinished npm timer reifyNode:node_modules/open 1787488976180
3733 silly unfinished npm timer reifyNode:node_modules/onetime 1787488976180
3734 silly unfinished npm timer reifyNode:node_modules/onetime/node_modules/mimic-fn 1787488976180
3735 silly unfinished npm timer reifyNode:node_modules/once 1787488976180
3736 silly unfinished npm timer reifyNode:node_modules/on-finished 1787488976180
3737 silly unfinished npm timer reifyNode:node_modules/object-treeify 1787488976180
3738 silly unfinished npm timer reifyNode:node_modules/object-inspect 1787488976180
3739 silly unfinished npm timer reifyNode:node_modules/object-assign 1787488976180
3740 silly unfinished npm timer reifyNode:node_modules/npm-run-path 1787488976180
3741 silly unfinished npm timer reifyNode:node_modules/npm-run-path/node_modules/path-key 1787488976180
3742 silly unfinished npm timer reifyNode:node_modules/node-releases 1787488976180
3743 silly unfinished npm timer reifyNode:node_modules/next-themes 1787488976180
3744 silly unfinished npm timer reifyNode:node_modules/negotiator 1787488976180
3745 silly unfinished npm timer reifyNode:node_modules/nanoid 1787488976180
3746 silly unfinished npm timer reifyNode:node_modules/ms 1787488976180
3747 silly unfinished npm timer reifyNode:node_modules/minimist 1787488976180
3748 silly unfinished npm timer reifyNode:node_modules/minimatch 1787488976180
3749 silly unfinished npm timer reifyNode:node_modules/mimic-function 1787488976180
3750 silly unfinished npm timer reifyNode:node_modules/mimic-fn 1787488976180
3751 silly unfinished npm timer reifyNode:node_modules/mime-types 1787488976180
3752 silly unfinished npm timer reifyNode:node_modules/mime-db 1787488976180
3753 silly unfinished npm timer reifyNode:node_modules/micromatch 1787488976180
3754 silly unfinished npm timer reifyNode:node_modules/micromatch/node_modules/picomatch 1787488976180
3755 silly unfinished npm timer reifyNode:node_modules/micromark-util-types 1787488976180
3756 silly unfinished npm timer reifyNode:node_modules/micromark-util-symbol 1787488976180
3757 silly unfinished npm timer reifyNode:node_modules/micromark-util-subtokenize 1787488976180
3758 silly unfinished npm timer reifyNode:node_modules/micromark-util-sanitize-uri 1787488976180
3759 silly unfinished npm timer reifyNode:node_modules/micromark-util-resolve-all 1787488976180
3760 silly unfinished npm timer reifyNode:node_modules/micromark-util-normalize-identifier 1787488976180
3761 silly unfinished npm timer reifyNode:node_modules/micromark-util-html-tag-name 1787488976180
3762 silly unfinished npm timer reifyNode:node_modules/micromark-util-encode 1787488976180
3763 silly unfinished npm timer reifyNode:node_modules/micromark-util-decode-string 1787488976180
3764 silly unfinished npm timer reifyNode:node_modules/micromark-util-decode-numeric-character-reference 1787488976180
3765 silly unfinished npm timer reifyNode:node_modules/micromark-util-combine-extensions 1787488976180
3766 silly unfinished npm timer reifyNode:node_modules/micromark-util-classify-character 1787488976180
3767 silly unfinished npm timer reifyNode:node_modules/micromark-util-chunked 1787488976180
3768 silly unfinished npm timer reifyNode:node_modules/micromark-util-character 1787488976180
3769 silly unfinished npm timer reifyNode:node_modules/micromark-factory-whitespace 1787488976180
3770 silly unfinished npm timer reifyNode:node_modules/micromark-factory-title 1787488976180
3771 silly unfinished npm timer reifyNode:node_modules/micromark-factory-space 1787488976180
3772 silly unfinished npm timer reifyNode:node_modules/micromark-factory-label 1787488976180
3773 silly unfinished npm timer reifyNode:node_modules/micromark-factory-destination 1787488976180
3774 silly unfinished npm timer reifyNode:node_modules/micromark-extension-gfm-task-list-item 1787488976180
3775 silly unfinished npm timer reifyNode:node_modules/micromark-extension-gfm-tagfilter 1787488976180
3776 silly unfinished npm timer reifyNode:node_modules/micromark-extension-gfm-table 1787488976180
3777 silly unfinished npm timer reifyNode:node_modules/micromark-extension-gfm-strikethrough 1787488976180
3778 silly unfinished npm timer reifyNode:node_modules/micromark-extension-gfm-footnote 1787488976180
3779 silly unfinished npm timer reifyNode:node_modules/micromark-extension-gfm-autolink-literal 1787488976180
3780 silly unfinished npm timer reifyNode:node_modules/micromark-extension-gfm 1787488976180
3781 silly unfinished npm timer reifyNode:node_modules/micromark-core-commonmark 1787488976180
3782 silly unfinished npm timer reifyNode:node_modules/micromark 1787488976180
3783 silly unfinished npm timer reifyNode:node_modules/merge2 1787488976180
3784 silly unfinished npm timer reifyNode:node_modules/merge-stream 1787488976180
3785 silly unfinished npm timer reifyNode:node_modules/merge-descriptors 1787488976180
3786 silly unfinished npm timer reifyNode:node_modules/media-typer 1787488976180
3787 silly unfinished npm timer reifyNode:node_modules/mdn-data 1787488976180
3788 silly unfinished npm timer reifyNode:node_modules/mdast-util-to-string 1787488976180
3789 silly unfinished npm timer reifyNode:node_modules/mdast-util-to-markdown 1787488976180
3790 silly unfinished npm timer reifyNode:node_modules/mdast-util-to-hast 1787488976180
3791 silly unfinished npm timer reifyNode:node_modules/mdast-util-phrasing 1787488976180
3792 silly unfinished npm timer reifyNode:node_modules/mdast-util-mdxjs-esm 1787488976180
3793 silly unfinished npm timer reifyNode:node_modules/mdast-util-mdx-jsx 1787488976181
3794 silly unfinished npm timer reifyNode:node_modules/mdast-util-mdx-expression 1787488976181
3795 silly unfinished npm timer reifyNode:node_modules/mdast-util-gfm-task-list-item 1787488976181
3796 silly unfinished npm timer reifyNode:node_modules/mdast-util-gfm-table 1787488976181
3797 silly unfinished npm timer reifyNode:node_modules/mdast-util-gfm-strikethrough 1787488976181
3798 silly unfinished npm timer reifyNode:node_modules/mdast-util-gfm-footnote 1787488976181
3799 silly unfinished npm timer reifyNode:node_modules/mdast-util-gfm-autolink-literal 1787488976181
3800 silly unfinished npm timer reifyNode:node_modules/mdast-util-gfm 1787488976181
3801 silly unfinished npm timer reifyNode:node_modules/mdast-util-from-markdown 1787488976181
3802 silly unfinished npm timer reifyNode:node_modules/mdast-util-find-and-replace 1787488976181
3803 silly unfinished npm timer reifyNode:node_modules/math-intrinsics 1787488976181
3804 silly unfinished npm timer reifyNode:node_modules/markdown-table 1787488976181
3805 silly unfinished npm timer reifyNode:node_modules/magic-string 1787488976181
3806 silly unfinished npm timer reifyNode:node_modules/lucide-react 1787488976181
3807 silly unfinished npm timer reifyNode:node_modules/lru-cache 1787488976181
3808 silly unfinished npm timer reifyNode:node_modules/loupe 1787488976181
3809 silly unfinished npm timer reifyNode:node_modules/loose-envify 1787488976181
3810 silly unfinished npm timer reifyNode:node_modules/longest-streak 1787488976181
3811 silly unfinished npm timer reifyNode:node_modules/log-symbols 1787488976181
3812 silly unfinished npm timer reifyNode:node_modules/log-symbols/node_modules/is-unicode-supported 1787488976181
3813 silly unfinished npm timer reifyNode:node_modules/locate-path 1787488976181
3814 silly unfinished npm timer reifyNode:node_modules/lines-and-columns 1787488976181
3815 silly unfinished npm timer reifyNode:node_modules/lightningcss 1787488976181
3816 silly unfinished npm timer reifyNode:node_modules/kleur 1787488976181
3817 silly unfinished npm timer reifyNode:node_modules/jsonfile 1787488976181
3818 silly unfinished npm timer reifyNode:node_modules/json5 1787488976181
3819 silly unfinished npm timer reifyNode:node_modules/json-schema-typed 1787488976181
3820 silly unfinished npm timer reifyNode:node_modules/json-schema-traverse 1787488976181
3821 silly unfinished npm timer reifyNode:node_modules/json-parse-even-better-errors 1787488976182
3822 silly unfinished npm timer reifyNode:node_modules/jsesc 1787488976182
3823 silly unfinished npm timer reifyNode:node_modules/jsdom 1787488976182
3824 silly unfinished npm timer reifyNode:node_modules/js-yaml 1787488976182
3825 silly unfinished npm timer reifyNode:node_modules/js-tokens 1787488976182
3826 silly unfinished npm timer reifyNode:node_modules/jose 1787488976182
3827 silly unfinished npm timer reifyNode:node_modules/jiti 1787488976182
3828 silly unfinished npm timer reifyNode:node_modules/isexe 1787488976182
3829 silly unfinished npm timer reifyNode:node_modules/is-wsl 1787488976182
3830 silly unfinished npm timer reifyNode:node_modules/is-unicode-supported 1787488976182
3831 silly unfinished npm timer reifyNode:node_modules/is-stream 1787488976182
3832 silly unfinished npm timer reifyNode:node_modules/is-regexp 1787488976182
3833 silly unfinished npm timer reifyNode:node_modules/is-promise 1787488976182
3834 silly unfinished npm timer reifyNode:node_modules/is-potential-custom-element-name 1787488976182
3835 silly unfinished npm timer reifyNode:node_modules/is-plain-obj 1787488976182
3836 silly unfinished npm timer reifyNode:node_modules/is-obj 1787488976182
3837 silly unfinished npm timer reifyNode:node_modules/is-number 1787488976182
3838 silly unfinished npm timer reifyNode:node_modules/is-lite 1787488976182
3839 silly unfinished npm timer reifyNode:node_modules/is-interactive 1787488976182
3840 silly unfinished npm timer reifyNode:node_modules/is-inside-container 1787488976182
3841 silly unfinished npm timer reifyNode:node_modules/is-in-ssh 1787488976182
3842 silly unfinished npm timer reifyNode:node_modules/is-hexadecimal 1787488976182
3843 silly unfinished npm timer reifyNode:node_modules/is-glob 1787488976182
3844 silly unfinished npm timer reifyNode:node_modules/is-extglob 1787488976182
3845 silly unfinished npm timer reifyNode:node_modules/is-docker 1787488976182
3846 silly unfinished npm timer reifyNode:node_modules/is-decimal 1787488976182
3847 silly unfinished npm timer reifyNode:node_modules/is-arrayish 1787488976182
3848 silly unfinished npm timer reifyNode:node_modules/is-alphanumerical 1787488976182
3849 silly unfinished npm timer reifyNode:node_modules/is-alphabetical 1787488976182
3850 silly unfinished npm timer reifyNode:node_modules/ipaddr.js 1787488976182
3851 silly unfinished npm timer reifyNode:node_modules/ip-address 1787488976182
3852 silly unfinished npm timer reifyNode:node_modules/internmap 1787488976182
3853 silly unfinished npm timer reifyNode:node_modules/inline-style-parser 1787488976182
3854 silly unfinished npm timer reifyNode:node_modules/inherits 1787488976182
3855 silly unfinished npm timer reifyNode:node_modules/import-fresh 1787488976182
3856 silly unfinished npm timer reifyNode:node_modules/immer 1787488976182
3857 silly unfinished npm timer reifyNode:node_modules/ignore 1787488976182
3858 silly unfinished npm timer reifyNode:node_modules/iconv-lite 1787488976182
3859 silly unfinished npm timer reifyNode:node_modules/human-signals 1787488976182
3860 silly unfinished npm timer reifyNode:node_modules/https-proxy-agent 1787488976182
3861 silly unfinished npm timer reifyNode:node_modules/http-proxy-agent 1787488976182
3862 silly unfinished npm timer reifyNode:node_modules/http-errors 1787488976182
3863 silly unfinished npm timer reifyNode:node_modules/html-url-attributes 1787488976182
3864 silly unfinished npm timer reifyNode:node_modules/html-encoding-sniffer 1787488976182
3865 silly unfinished npm timer reifyNode:node_modules/hono 1787488976182
3866 silly unfinished npm timer reifyNode:node_modules/hast-util-whitespace 1787488976182
3867 silly unfinished npm timer reifyNode:node_modules/hast-util-to-jsx-runtime 1787488976182
3868 silly unfinished npm timer reifyNode:node_modules/hasown 1787488976182
3869 silly unfinished npm timer reifyNode:node_modules/has-symbols 1787488976182
3870 silly unfinished npm timer reifyNode:node_modules/graceful-fs 1787488976182
3871 silly unfinished npm timer reifyNode:node_modules/gopd 1787488976182
3872 silly unfinished npm timer reifyNode:node_modules/glob-parent 1787488976182
3873 silly unfinished npm timer reifyNode:node_modules/get-stream 1787488976182
3874 silly unfinished npm timer reifyNode:node_modules/get-proto 1787488976182
3875 silly unfinished npm timer reifyNode:node_modules/get-own-enumerable-keys 1787488976182
3876 silly unfinished npm timer reifyNode:node_modules/get-nonce 1787488976182
3877 silly unfinished npm timer reifyNode:node_modules/get-intrinsic 1787488976182
3878 silly unfinished npm timer reifyNode:node_modules/get-east-asian-width 1787488976182
3879 silly unfinished npm timer reifyNode:node_modules/gensync 1787488976182
3880 silly unfinished npm timer reifyNode:node_modules/fuzzysort 1787488976182
3881 silly unfinished npm timer reifyNode:node_modules/function-bind 1787488976182
3882 silly unfinished npm timer reifyNode:node_modules/fs-extra 1787488976182
3883 silly unfinished npm timer reifyNode:node_modules/fresh 1787488976182
3884 silly unfinished npm timer reifyNode:node_modules/forwarded 1787488976182
3885 silly unfinished npm timer reifyNode:node_modules/find-up 1787488976183
3886 silly unfinished npm timer reifyNode:node_modules/finalhandler 1787488976183
3887 silly unfinished npm timer reifyNode:node_modules/fill-range 1787488976183
3888 silly unfinished npm timer reifyNode:node_modules/figures 1787488976183
3889 silly unfinished npm timer reifyNode:node_modules/fdir 1787488976183
3890 silly unfinished npm timer reifyNode:node_modules/fastq 1787488976183
3891 silly unfinished npm timer reifyNode:node_modules/fast-uri 1787488976183
3892 silly unfinished npm timer reifyNode:node_modules/fast-glob 1787488976183
3893 silly unfinished npm timer reifyNode:node_modules/fast-deep-equal 1787488976183
3894 silly unfinished npm timer reifyNode:node_modules/extend 1787488976183
3895 silly unfinished npm timer reifyNode:node_modules/express-rate-limit 1787488976183
3896 silly unfinished npm timer reifyNode:node_modules/express 1787488976183
3897 silly unfinished npm timer reifyNode:node_modules/expect-type 1787488976183
3898 silly unfinished npm timer reifyNode:node_modules/execa 1787488976183
3899 silly unfinished npm timer reifyNode:node_modules/eventsource-parser 1787488976183
3900 silly unfinished npm timer reifyNode:node_modules/eventsource 1787488976183
3901 silly unfinished npm timer reifyNode:node_modules/eventemitter3 1787488976183
3902 silly unfinished npm timer reifyNode:node_modules/etag 1787488976183
3903 silly unfinished npm timer reifyNode:node_modules/estree-walker 1787488976183
3904 silly unfinished npm timer reifyNode:node_modules/estree-util-is-identifier-name 1787488976183
3905 silly unfinished npm timer reifyNode:node_modules/esprima 1787488976183
3906 silly unfinished npm timer reifyNode:node_modules/escape-string-regexp 1787488976183
3907 silly unfinished npm timer reifyNode:node_modules/escape-html 1787488976183
3908 silly unfinished npm timer reifyNode:node_modules/escalade 1787488976183
3909 silly unfinished npm timer reifyNode:node_modules/esbuild 1787488976183
3910 silly unfinished npm timer reifyNode:node_modules/es-toolkit 1787488976183
3911 silly unfinished npm timer reifyNode:node_modules/es-object-atoms 1787488976183
3912 silly unfinished npm timer reifyNode:node_modules/es-module-lexer 1787488976183
3913 silly unfinished npm timer reifyNode:node_modules/es-errors 1787488976183
3914 silly unfinished npm timer reifyNode:node_modules/es-define-property 1787488976183
3915 silly unfinished npm timer reifyNode:node_modules/error-ex 1787488976183
3916 silly unfinished npm timer reifyNode:node_modules/env-paths 1787488976183
3917 silly unfinished npm timer reifyNode:node_modules/entities 1787488976183
3918 silly unfinished npm timer reifyNode:node_modules/enquirer 1787488976183
3919 silly unfinished npm timer reifyNode:node_modules/enhanced-resolve 1787488976183
3920 silly unfinished npm timer reifyNode:node_modules/encodeurl 1787488976183
3921 silly unfinished npm timer reifyNode:node_modules/emoji-regex 1787488976183
3922 silly unfinished npm timer reifyNode:node_modules/electron-to-chromium 1787488976183
3923 silly unfinished npm timer reifyNode:node_modules/ee-first 1787488976183
3924 silly unfinished npm timer reifyNode:node_modules/dunder-proto 1787488976183
3925 silly unfinished npm timer reifyNode:node_modules/dotenv 1787488976183
3926 silly unfinished npm timer reifyNode:node_modules/dot-prop 1787488976183
3927 silly unfinished npm timer reifyNode:node_modules/diff 1787488976183
3928 silly unfinished npm timer reifyNode:node_modules/devlop 1787488976183
3929 silly unfinished npm timer reifyNode:node_modules/detect-node-es 1787488976183
3930 silly unfinished npm timer reifyNode:node_modules/detect-libc 1787488976183
3931 silly unfinished npm timer reifyNode:node_modules/dequal 1787488976183
3932 silly unfinished npm timer reifyNode:node_modules/depd 1787488976183
3933 silly unfinished npm timer reifyNode:node_modules/define-lazy-prop 1787488976183
3934 silly unfinished npm timer reifyNode:node_modules/default-browser-id 1787488976183
3935 silly unfinished npm timer reifyNode:node_modules/default-browser 1787488976183
3936 silly unfinished npm timer reifyNode:node_modules/deepmerge 1787488976183
3937 silly unfinished npm timer reifyNode:node_modules/deep-eql 1787488976183
3938 silly unfinished npm timer reifyNode:node_modules/dedent 1787488976183
3939 silly unfinished npm timer reifyNode:node_modules/decode-named-character-reference 1787488976183
3940 silly unfinished npm timer reifyNode:node_modules/decimal.js-light 1787488976183
3941 silly unfinished npm timer reifyNode:node_modules/decimal.js 1787488976183
3942 silly unfinished npm timer reifyNode:node_modules/debug 1787488976183
3943 silly unfinished npm timer reifyNode:node_modules/debounce-fn 1787488976183
3944 silly unfinished npm timer reifyNode:node_modules/data-urls 1787488976183
3945 silly unfinished npm timer reifyNode:node_modules/data-urls/node_modules/whatwg-mimetype 1787488976183
3946 silly unfinished npm timer reifyNode:node_modules/d3-zoom 1787488976183
3947 silly unfinished npm timer reifyNode:node_modules/d3-transition 1787488976183
3948 silly unfinished npm timer reifyNode:node_modules/d3-timer 1787488976183
3949 silly unfinished npm timer reifyNode:node_modules/d3-time-format 1787488976183
3950 silly unfinished npm timer reifyNode:node_modules/d3-time 1787488976183
3951 silly unfinished npm timer reifyNode:node_modules/d3-shape 1787488976183
3952 silly unfinished npm timer reifyNode:node_modules/d3-selection 1787488976183
3953 silly unfinished npm timer reifyNode:node_modules/d3-scale 1787488976183
3954 silly unfinished npm timer reifyNode:node_modules/d3-quadtree 1787488976183
3955 silly unfinished npm timer reifyNode:node_modules/d3-path 1787488976183
3956 silly unfinished npm timer reifyNode:node_modules/d3-interpolate 1787488976183
3957 silly unfinished npm timer reifyNode:node_modules/d3-format 1787488976183
3958 silly unfinished npm timer reifyNode:node_modules/d3-force 1787488976183
3959 silly unfinished npm timer reifyNode:node_modules/d3-ease 1787488976183
3960 silly unfinished npm timer reifyNode:node_modules/d3-drag 1787488976183
3961 silly unfinished npm timer reifyNode:node_modules/d3-dispatch 1787488976183
3962 silly unfinished npm timer reifyNode:node_modules/d3-color 1787488976183
3963 silly unfinished npm timer reifyNode:node_modules/d3-array 1787488976183
3964 silly unfinished npm timer reifyNode:node_modules/csstype 1787488976183
3965 silly unfinished npm timer reifyNode:node_modules/cssstyle 1787488976183
3966 silly unfinished npm timer reifyNode:node_modules/cssstyle/node_modules/lru-cache 1787488976183
3967 silly unfinished npm timer reifyNode:node_modules/cssesc 1787488976183
3968 silly unfinished npm timer reifyNode:node_modules/css-tree 1787488976183
3969 silly unfinished npm timer reifyNode:node_modules/cross-spawn 1787488976183
3970 silly unfinished npm timer reifyNode:node_modules/cross-spawn/node_modules/which 1787488976183
3971 silly unfinished npm timer reifyNode:node_modules/cross-spawn/node_modules/isexe 1787488976183
3972 silly unfinished npm timer reifyNode:node_modules/cosmiconfig 1787488976183
3973 silly unfinished npm timer reifyNode:node_modules/cors 1787488976183
3974 silly unfinished npm timer reifyNode:node_modules/cookie-signature 1787488976183
3975 silly unfinished npm timer reifyNode:node_modules/cookie 1787488976183
3976 silly unfinished npm timer reifyNode:node_modules/convert-source-map 1787488976183
3977 silly unfinished npm timer reifyNode:node_modules/content-type 1787488976183
3978 silly unfinished npm timer reifyNode:node_modules/content-disposition 1787488976183
3979 silly unfinished npm timer reifyNode:node_modules/conf 1787488976183
3980 silly unfinished npm timer reifyNode:node_modules/conf/node_modules/semver 1787488976183
3981 silly unfinished npm timer reifyNode:node_modules/conf/node_modules/json-schema-typed 1787488976183
3982 silly unfinished npm timer reifyNode:node_modules/conf/node_modules/ajv-formats 1787488976183
3983 silly unfinished npm timer reifyNode:node_modules/commander 1787488976183
3984 silly unfinished npm timer reifyNode:node_modules/comma-separated-tokens 1787488976183
3985 silly unfinished npm timer reifyNode:node_modules/code-block-writer 1787488976183
3986 silly unfinished npm timer reifyNode:node_modules/clsx 1787488976183
3987 silly unfinished npm timer reifyNode:node_modules/cli-spinners 1787488976183
3988 silly unfinished npm timer reifyNode:node_modules/cli-cursor 1787488976183
3989 silly unfinished npm timer reifyNode:node_modules/classcat 1787488976183
3990 silly unfinished npm timer reifyNode:node_modules/class-variance-authority 1787488976184
3991 silly unfinished npm timer reifyNode:node_modules/check-error 1787488976184
3992 silly unfinished npm timer reifyNode:node_modules/character-reference-invalid 1787488976184
3993 silly unfinished npm timer reifyNode:node_modules/character-entities-legacy 1787488976184
3994 silly unfinished npm timer reifyNode:node_modules/character-entities-html4 1787488976184
3995 silly unfinished npm timer reifyNode:node_modules/character-entities 1787488976184
3996 silly unfinished npm timer reifyNode:node_modules/chalk 1787488976184
3997 silly unfinished npm timer reifyNode:node_modules/chai 1787488976184
3998 silly unfinished npm timer reifyNode:node_modules/ccount 1787488976184
3999 silly unfinished npm timer reifyNode:node_modules/caniuse-lite 1787488976184
4000 silly unfinished npm timer reifyNode:node_modules/callsites 1787488976184
4001 silly unfinished npm timer reifyNode:node_modules/call-bound 1787488976184
4002 silly unfinished npm timer reifyNode:node_modules/call-bind-apply-helpers 1787488976184
4003 silly unfinished npm timer reifyNode:node_modules/cac 1787488976184
4004 silly unfinished npm timer reifyNode:node_modules/bytes 1787488976184
4005 silly unfinished npm timer reifyNode:node_modules/bundle-name 1787488976184
4006 silly unfinished npm timer reifyNode:node_modules/browserslist 1787488976184
4007 silly unfinished npm timer reifyNode:node_modules/braces 1787488976184
4008 silly unfinished npm timer reifyNode:node_modules/brace-expansion 1787488976184
4009 silly unfinished npm timer reifyNode:node_modules/body-parser 1787488976184
4010 silly unfinished npm timer reifyNode:node_modules/body-parser/node_modules/content-type 1787488976184
4011 silly unfinished npm timer reifyNode:node_modules/bidi-js 1787488976184
4012 silly unfinished npm timer reifyNode:node_modules/baseline-browser-mapping 1787488976184
4013 silly unfinished npm timer reifyNode:node_modules/balanced-match 1787488976184
4014 silly unfinished npm timer reifyNode:node_modules/bail 1787488976184
4015 silly unfinished npm timer reifyNode:node_modules/atomically 1787488976184
4016 silly unfinished npm timer reifyNode:node_modules/ast-types 1787488976184
4017 silly unfinished npm timer reifyNode:node_modules/assistant-stream 1787488976184
4018 silly unfinished npm timer reifyNode:node_modules/assistant-stream/node_modules/nanoid 1787488976184
4019 silly unfinished npm timer reifyNode:node_modules/assistant-cloud 1787488976184
4020 silly unfinished npm timer reifyNode:node_modules/assertion-error 1787488976184
4021 silly unfinished npm timer reifyNode:node_modules/aria-hidden 1787488976184
4022 silly unfinished npm timer reifyNode:node_modules/argparse 1787488976184
4023 silly unfinished npm timer reifyNode:node_modules/ansi-regex 1787488976184
4024 silly unfinished npm timer reifyNode:node_modules/ansi-colors 1787488976184
4025 silly unfinished npm timer reifyNode:node_modules/ajv-formats 1787488976184
4026 silly unfinished npm timer reifyNode:node_modules/ajv 1787488976184
4027 silly unfinished npm timer reifyNode:node_modules/agent-base 1787488976184
4028 silly unfinished npm timer reifyNode:node_modules/accepts 1787488976184
4029 silly unfinished npm timer reifyNode:node_modules/@xyflow/system 1787488976184
4030 silly unfinished npm timer reifyNode:node_modules/@xyflow/react 1787488976184
4031 silly unfinished npm timer reifyNode:node_modules/@vitest/utils 1787488976184
4032 silly unfinished npm timer reifyNode:node_modules/@vitest/spy 1787488976184
4033 silly unfinished npm timer reifyNode:node_modules/@vitest/snapshot 1787488976185
4034 silly unfinished npm timer reifyNode:node_modules/@vitest/runner 1787488976185
4035 silly unfinished npm timer reifyNode:node_modules/@vitest/pretty-format 1787488976185
4036 silly unfinished npm timer reifyNode:node_modules/@vitest/mocker 1787488976185
4037 silly unfinished npm timer reifyNode:node_modules/@vitest/expect 1787488976185
4038 silly unfinished npm timer reifyNode:node_modules/@vitejs/plugin-react 1787488976185
4039 silly unfinished npm timer reifyNode:node_modules/@ungap/structured-clone 1787488976185
4040 silly unfinished npm timer reifyNode:node_modules/@types/validate-npm-package-name 1787488976185
4041 silly unfinished npm timer reifyNode:node_modules/@types/use-sync-external-store 1787488976185
4042 silly unfinished npm timer reifyNode:node_modules/@types/unist 1787488976185
4043 silly unfinished npm timer reifyNode:node_modules/@types/react-dom 1787488976185
4044 silly unfinished npm timer reifyNode:node_modules/@types/react 1787488976186
4045 silly unfinished npm timer reifyNode:node_modules/@types/prop-types 1787488976186
4046 silly unfinished npm timer reifyNode:node_modules/@types/node 1787488976186
4047 silly unfinished npm timer reifyNode:node_modules/@types/ms 1787488976186
4048 silly unfinished npm timer reifyNode:node_modules/@types/mdast 1787488976186
4049 silly unfinished npm timer reifyNode:node_modules/@types/hast 1787488976186
4050 silly unfinished npm timer reifyNode:node_modules/@types/estree-jsx 1787488976187
4051 silly unfinished npm timer reifyNode:node_modules/@types/estree 1787488976187
4052 silly unfinished npm timer reifyNode:node_modules/@types/deep-eql 1787488976188
4053 silly unfinished npm timer reifyNode:node_modules/@types/debug 1787488976188
4054 silly unfinished npm timer reifyNode:node_modules/@types/d3-zoom 1787488976188
4055 silly unfinished npm timer reifyNode:node_modules/@types/d3-transition 1787488976188
4056 silly unfinished npm timer reifyNode:node_modules/@types/d3-timer 1787488976188
4057 silly unfinished npm timer reifyNode:node_modules/@types/d3-time 1787488976188
4058 silly unfinished npm timer reifyNode:node_modules/@types/d3-shape 1787488976188
4059 silly unfinished npm timer reifyNode:node_modules/@types/d3-selection 1787488976188
4060 silly unfinished npm timer reifyNode:node_modules/@types/d3-scale 1787488976188
4061 silly unfinished npm timer reifyNode:node_modules/@types/d3-path 1787488976188
4062 silly unfinished npm timer reifyNode:node_modules/@types/d3-interpolate 1787488976188
4063 silly unfinished npm timer reifyNode:node_modules/@types/d3-force 1787488976188
4064 silly unfinished npm timer reifyNode:node_modules/@types/d3-ease 1787488976188
4065 silly unfinished npm timer reifyNode:node_modules/@types/d3-drag 1787488976188
4066 silly unfinished npm timer reifyNode:node_modules/@types/d3-color 1787488976188
4067 silly unfinished npm timer reifyNode:node_modules/@types/d3-array 1787488976188
4068 silly unfinished npm timer reifyNode:node_modules/@types/chai 1787488976188
4069 silly unfinished npm timer reifyNode:node_modules/@types/babel__traverse 1787488976188
4070 silly unfinished npm timer reifyNode:node_modules/@types/babel__template 1787488976188
4071 silly unfinished npm timer reifyNode:node_modules/@types/babel__generator 1787488976188
4072 silly unfinished npm timer reifyNode:node_modules/@types/babel__core 1787488976188
4073 silly unfinished npm timer reifyNode:node_modules/@ts-morph/common 1787488976188
4074 silly unfinished npm timer reifyNode:node_modules/@tauri-apps/cli 1787488976188
4075 silly unfinished npm timer reifyNode:node_modules/@tauri-apps/api 1787488976188
4076 silly unfinished npm timer reifyNode:node_modules/@tailwindcss/vite 1787488976188
4077 silly unfinished npm timer reifyNode:node_modules/@tailwindcss/typography 1787488976188
4078 silly unfinished npm timer reifyNode:node_modules/@tailwindcss/typography/node_modules/postcss-selector-parser 1787488976188
4079 silly unfinished npm timer reifyNode:node_modules/@tailwindcss/oxide 1787488976188
4080 silly unfinished npm timer reifyNode:node_modules/@tailwindcss/node 1787488976188
4081 silly unfinished npm timer reifyNode:node_modules/@standard-schema/utils 1787488976188
4082 silly unfinished npm timer reifyNode:node_modules/@standard-schema/spec 1787488976188
4083 silly unfinished npm timer reifyNode:node_modules/@sindresorhus/merge-streams 1787488976188
4084 silly unfinished npm timer reifyNode:node_modules/@sec-ant/readable-stream 1787488976188
4085 silly unfinished npm timer reifyNode:node_modules/@rolldown/pluginutils 1787488976188
4086 silly unfinished npm timer reifyNode:node_modules/@reduxjs/toolkit 1787488976188
4087 silly unfinished npm timer reifyNode:node_modules/@reduxjs/toolkit/node_modules/immer 1787488976188
4088 silly unfinished npm timer reifyNode:node_modules/@radix-ui/rect 1787488976188
4089 silly unfinished npm timer reifyNode:node_modules/@radix-ui/react-visually-hidden 1787488976188
4090 silly unfinished npm timer reifyNode:node_modules/@radix-ui/react-use-size 1787488976188
4091 silly unfinished npm timer reifyNode:node_modules/@radix-ui/react-use-rect 1787488976188
4092 silly unfinished npm timer reifyNode:node_modules/@radix-ui/react-use-previous 1787488976188
4093 silly unfinished npm timer reifyNode:node_modules/@radix-ui/react-use-layout-effect 1787488976188
4094 silly unfinished npm timer reifyNode:node_modules/@radix-ui/react-use-is-hydrated 1787488976188
4095 silly unfinished npm timer reifyNode:node_modules/@radix-ui/react-use-escape-keydown 1787488976188
4096 silly unfinished npm timer reifyNode:node_modules/@radix-ui/react-use-effect-event 1787488976188
4097 silly unfinished npm timer reifyNode:node_modules/@radix-ui/react-use-controllable-state 1787488976188
4098 silly unfinished npm timer reifyNode:node_modules/@radix-ui/react-use-callback-ref 1787488976188
4099 silly unfinished npm timer reifyNode:node_modules/@radix-ui/react-tooltip 1787488976188
4100 silly unfinished npm timer reifyNode:node_modules/@radix-ui/react-toolbar 1787488976188
4101 silly unfinished npm timer reifyNode:node_modules/@radix-ui/react-toggle-group 1787488976188
4102 silly unfinished npm timer reifyNode:node_modules/@radix-ui/react-toggle 1787488976188
4103 silly unfinished npm timer reifyNode:node_modules/@radix-ui/react-toast 1787488976188
4104 silly unfinished npm timer reifyNode:node_modules/@radix-ui/react-tabs 1787488976188
4105 silly unfinished npm timer reifyNode:node_modules/@radix-ui/react-switch 1787488976188
4106 silly unfinished npm timer reifyNode:node_modules/@radix-ui/react-slot 1787488976188
4107 silly unfinished npm timer reifyNode:node_modules/@radix-ui/react-slider 1787488976188
4108 silly unfinished npm timer reifyNode:node_modules/@radix-ui/react-separator 1787488976188
4109 silly unfinished npm timer reifyNode:node_modules/@radix-ui/react-select 1787488976188
4110 silly unfinished npm timer reifyNode:node_modules/@radix-ui/react-scroll-area 1787488976188
4111 silly unfinished npm timer reifyNode:node_modules/@radix-ui/react-roving-focus 1787488976188
4112 silly unfinished npm timer reifyNode:node_modules/@radix-ui/react-radio-group 1787488976188
4113 silly unfinished npm timer reifyNode:node_modules/@radix-ui/react-progress 1787488976188
4114 silly unfinished npm timer reifyNode:node_modules/@radix-ui/react-primitive 1787488976188
4115 silly unfinished npm timer reifyNode:node_modules/@radix-ui/react-presence 1787488976188
4116 silly unfinished npm timer reifyNode:node_modules/@radix-ui/react-portal 1787488976188
4117 silly unfinished npm timer reifyNode:node_modules/@radix-ui/react-popper 1787488976188
4118 silly unfinished npm timer reifyNode:node_modules/@radix-ui/react-popover 1787488976188
4119 silly unfinished npm timer reifyNode:node_modules/@radix-ui/react-password-toggle-field 1787488976188
4120 silly unfinished npm timer reifyNode:node_modules/@radix-ui/react-one-time-password-field 1787488976188
4121 silly unfinished npm timer reifyNode:node_modules/@radix-ui/react-navigation-menu 1787488976188
4122 silly unfinished npm timer reifyNode:node_modules/@radix-ui/react-menubar 1787488976188
4123 silly unfinished npm timer reifyNode:node_modules/@radix-ui/react-menu 1787488976188
4124 silly unfinished npm timer reifyNode:node_modules/@radix-ui/react-label 1787488976188
4125 silly unfinished npm timer reifyNode:node_modules/@radix-ui/react-id 1787488976188
4126 silly unfinished npm timer reifyNode:node_modules/@radix-ui/react-hover-card 1787488976188
4127 silly unfinished npm timer reifyNode:node_modules/@radix-ui/react-form 1787488976188
4128 silly unfinished npm timer reifyNode:node_modules/@radix-ui/react-focus-scope 1787488976188
4129 silly unfinished npm timer reifyNode:node_modules/@radix-ui/react-focus-guards 1787488976188
4130 silly unfinished npm timer reifyNode:node_modules/@radix-ui/react-dropdown-menu 1787488976188
4131 silly unfinished npm timer reifyNode:node_modules/@radix-ui/react-dismissable-layer 1787488976188
4132 silly unfinished npm timer reifyNode:node_modules/@radix-ui/react-direction 1787488976188
4133 silly unfinished npm timer reifyNode:node_modules/@radix-ui/react-dialog 1787488976188
4134 silly unfinished npm timer reifyNode:node_modules/@radix-ui/react-context-menu 1787488976188
4135 silly unfinished npm timer reifyNode:node_modules/@radix-ui/react-context 1787488976188
4136 silly unfinished npm timer reifyNode:node_modules/@radix-ui/react-compose-refs 1787488976188
4137 silly unfinished npm timer reifyNode:node_modules/@radix-ui/react-collection 1787488976188
4138 silly unfinished npm timer reifyNode:node_modules/@radix-ui/react-collapsible 1787488976188
4139 silly unfinished npm timer reifyNode:node_modules/@radix-ui/react-checkbox 1787488976188
4140 silly unfinished npm timer reifyNode:node_modules/@radix-ui/react-avatar 1787488976188
4141 silly unfinished npm timer reifyNode:node_modules/@radix-ui/react-aspect-ratio 1787488976188
4142 silly unfinished npm timer reifyNode:node_modules/@radix-ui/react-arrow 1787488976188
4143 silly unfinished npm timer reifyNode:node_modules/@radix-ui/react-alert-dialog 1787488976188
4144 silly unfinished npm timer reifyNode:node_modules/@radix-ui/react-accordion 1787488976188
4145 silly unfinished npm timer reifyNode:node_modules/@radix-ui/react-accessible-icon 1787488976188
4146 silly unfinished npm timer reifyNode:node_modules/@radix-ui/primitive 1787488976188
4147 silly unfinished npm timer reifyNode:node_modules/@radix-ui/number 1787488976188
4148 silly unfinished npm timer reifyNode:node_modules/@playwright/test 1787488976188
4149 silly unfinished npm timer reifyNode:node_modules/@nodelib/fs.walk 1787488976188
4150 silly unfinished npm timer reifyNode:node_modules/@nodelib/fs.stat 1787488976188
4151 silly unfinished npm timer reifyNode:node_modules/@nodelib/fs.scandir 1787488976188
4152 silly unfinished npm timer reifyNode:node_modules/@modelcontextprotocol/sdk 1787488976188
4153 silly unfinished npm timer reifyNode:node_modules/@jridgewell/trace-mapping 1787488976188
4154 silly unfinished npm timer reifyNode:node_modules/@jridgewell/sourcemap-codec 1787488976188
4155 silly unfinished npm timer reifyNode:node_modules/@jridgewell/resolve-uri 1787488976188
4156 silly unfinished npm timer reifyNode:node_modules/@jridgewell/remapping 1787488976188
4157 silly unfinished npm timer reifyNode:node_modules/@jridgewell/gen-mapping 1787488976189
4158 silly unfinished npm timer reifyNode:node_modules/@hono/node-server 1787488976189
4159 silly unfinished npm timer reifyNode:node_modules/@gilbarbara/types 1787488976189
4160 silly unfinished npm timer reifyNode:node_modules/@gilbarbara/hooks 1787488976189
4161 silly unfinished npm timer reifyNode:node_modules/@gilbarbara/deep-equal 1787488976189
4162 silly unfinished npm timer reifyNode:node_modules/@fontsource-variable/geist-mono 1787488976189
4163 silly unfinished npm timer reifyNode:node_modules/@fontsource-variable/geist 1787488976189
4164 silly unfinished npm timer reifyNode:node_modules/@floating-ui/utils 1787488976189
4165 silly unfinished npm timer reifyNode:node_modules/@floating-ui/react-dom 1787488976189
4166 silly unfinished npm timer reifyNode:node_modules/@floating-ui/dom 1787488976189
4167 silly unfinished npm timer reifyNode:node_modules/@floating-ui/core 1787488976189
4168 silly unfinished npm timer reifyNode:node_modules/@fastify/deepmerge 1787488976189
4169 silly unfinished npm timer reifyNode:node_modules/@dotenvx/primitives 1787488976189
4170 silly unfinished npm timer reifyNode:node_modules/@dotenvx/dotenvx 1787488976189
4171 silly unfinished npm timer reifyNode:node_modules/@dotenvx/dotenvx/node_modules/strip-final-newline 1787488976189
4172 silly unfinished npm timer reifyNode:node_modules/@dotenvx/dotenvx/node_modules/signal-exit 1787488976189
4173 silly unfinished npm timer reifyNode:node_modules/@dotenvx/dotenvx/node_modules/open 1787488976189
4174 silly unfinished npm timer reifyNode:node_modules/@dotenvx/dotenvx/node_modules/npm-run-path 1787488976189
4175 silly unfinished npm timer reifyNode:node_modules/@dotenvx/dotenvx/node_modules/is-wsl 1787488976189
4176 silly unfinished npm timer reifyNode:node_modules/@dotenvx/dotenvx/node_modules/is-stream 1787488976189
4177 silly unfinished npm timer reifyNode:node_modules/@dotenvx/dotenvx/node_modules/is-docker 1787488976189
4178 silly unfinished npm timer reifyNode:node_modules/@dotenvx/dotenvx/node_modules/human-signals 1787488976189
4179 silly unfinished npm timer reifyNode:node_modules/@dotenvx/dotenvx/node_modules/get-stream 1787488976189
4180 silly unfinished npm timer reifyNode:node_modules/@dotenvx/dotenvx/node_modules/execa 1787488976189
4181 silly unfinished npm timer reifyNode:node_modules/@dotenvx/dotenvx/node_modules/define-lazy-prop 1787488976189
4182 silly unfinished npm timer reifyNode:node_modules/@dotenvx/dotenvx/node_modules/commander 1787488976189
4183 silly unfinished npm timer reifyNode:node_modules/@csstools/css-tokenizer 1787488976189
4184 silly unfinished npm timer reifyNode:node_modules/@csstools/css-syntax-patches-for-csstree 1787488976189
4185 silly unfinished npm timer reifyNode:node_modules/@csstools/css-parser-algorithms 1787488976189
4186 silly unfinished npm timer reifyNode:node_modules/@csstools/css-color-parser 1787488976189
4187 silly unfinished npm timer reifyNode:node_modules/@csstools/css-calc 1787488976189
4188 silly unfinished npm timer reifyNode:node_modules/@csstools/color-helpers 1787488976189
4189 silly unfinished npm timer reifyNode:node_modules/@base-ui/utils 1787488976189
4190 silly unfinished npm timer reifyNode:node_modules/@base-ui/react 1787488976189
4191 silly unfinished npm timer reifyNode:node_modules/@babel/types 1787488976189
4192 silly unfinished npm timer reifyNode:node_modules/@babel/traverse 1787488976189
4193 silly unfinished npm timer reifyNode:node_modules/@babel/template 1787488976189
4194 silly unfinished npm timer reifyNode:node_modules/@babel/runtime 1787488976189
4195 silly unfinished npm timer reifyNode:node_modules/@babel/preset-typescript 1787488976189
4196 silly unfinished npm timer reifyNode:node_modules/@babel/plugin-transform-typescript 1787488976189
4197 silly unfinished npm timer reifyNode:node_modules/@babel/plugin-transform-react-jsx-source 1787488976189
4198 silly unfinished npm timer reifyNode:node_modules/@babel/plugin-transform-react-jsx-self 1787488976189
4199 silly unfinished npm timer reifyNode:node_modules/@babel/plugin-transform-modules-commonjs 1787488976189
4200 silly unfinished npm timer reifyNode:node_modules/@babel/plugin-syntax-typescript 1787488976189
4201 silly unfinished npm timer reifyNode:node_modules/@babel/plugin-syntax-jsx 1787488976189
4202 silly unfinished npm timer reifyNode:node_modules/@babel/parser 1787488976189
4203 silly unfinished npm timer reifyNode:node_modules/@babel/helpers 1787488976189
4204 silly unfinished npm timer reifyNode:node_modules/@babel/helper-validator-option 1787488976189
4205 silly unfinished npm timer reifyNode:node_modules/@babel/helper-validator-identifier 1787488976189
4206 silly unfinished npm timer reifyNode:node_modules/@babel/helper-string-parser 1787488976189
4207 silly unfinished npm timer reifyNode:node_modules/@babel/helper-skip-transparent-expression-wrappers 1787488976189
4208 silly unfinished npm timer reifyNode:node_modules/@babel/helper-replace-supers 1787488976189
4209 silly unfinished npm timer reifyNode:node_modules/@babel/helper-plugin-utils 1787488976189
4210 silly unfinished npm timer reifyNode:node_modules/@babel/helper-optimise-call-expression 1787488976189
4211 silly unfinished npm timer reifyNode:node_modules/@babel/helper-module-transforms 1787488976189
4212 silly unfinished npm timer reifyNode:node_modules/@babel/helper-module-imports 1787488976189
4213 silly unfinished npm timer reifyNode:node_modules/@babel/helper-member-expression-to-functions 1787488976189
4214 silly unfinished npm timer reifyNode:node_modules/@babel/helper-globals 1787488976189
4215 silly unfinished npm timer reifyNode:node_modules/@babel/helper-create-class-features-plugin 1787488976189
4216 silly unfinished npm timer reifyNode:node_modules/@babel/helper-compilation-targets 1787488976189
4217 silly unfinished npm timer reifyNode:node_modules/@babel/helper-annotate-as-pure 1787488976189
4218 silly unfinished npm timer reifyNode:node_modules/@babel/generator 1787488976189
4219 silly unfinished npm timer reifyNode:node_modules/@babel/core 1787488976189
4220 silly unfinished npm timer reifyNode:node_modules/@babel/compat-data 1787488976189
4221 silly unfinished npm timer reifyNode:node_modules/@babel/code-frame 1787488976189
4222 silly unfinished npm timer reifyNode:node_modules/@assistant-ui/tap 1787488976189
4223 silly unfinished npm timer reifyNode:node_modules/@assistant-ui/store 1787488976189
4224 silly unfinished npm timer reifyNode:node_modules/@assistant-ui/react 1787488976189
4225 silly unfinished npm timer reifyNode:node_modules/@assistant-ui/react/node_modules/zustand 1787488976189
4226 silly unfinished npm timer reifyNode:node_modules/@assistant-ui/react/node_modules/zod 1787488976189
4227 silly unfinished npm timer reifyNode:node_modules/@assistant-ui/react/node_modules/nanoid 1787488976189
4228 silly unfinished npm timer reifyNode:node_modules/@assistant-ui/react/node_modules/@assistant-ui/core 1787488976189
4229 silly unfinished npm timer reifyNode:node_modules/@asamuzakjp/nwsapi 1787488976189
4230 silly unfinished npm timer reifyNode:node_modules/@asamuzakjp/dom-selector 1787488976189
4231 silly unfinished npm timer reifyNode:node_modules/@asamuzakjp/dom-selector/node_modules/lru-cache 1787488976189
4232 silly unfinished npm timer reifyNode:node_modules/@asamuzakjp/css-color 1787488976189
4233 silly unfinished npm timer reifyNode:node_modules/@asamuzakjp/css-color/node_modules/lru-cache 1787488976189
4234 verbose cwd /home/enamakel/work/workflow-opencompany/opencompany/worktrees/issue-1317
4235 verbose os Linux 7.0.0-30-generic
4236 verbose node v24.18.0
4237 verbose npm  v11.16.0
4238 verbose exit 1
4239 verbose code 1
4240 error A complete log of this run can be found in: /home/enamakel/work/workflow-opencompany/opencompany/worktrees/issue-1317/.npm-cache/_logs/2026-08-23T12_42_54_330Z-debug-0.log
